"Repository","Workload","BlockNumber","AnalysisBlockNumber","IsWarmup","AttemptNumber","OrderIndex","ConditionKey","CandidateDurationSec","SingleBuildDurationSec","AverageNormalDurationSec","TotalWallSec","CandidateOffsetSec","MaximumTelemetryGapSec","MaximumSystemCounterGapSec","SystemGapWarningThresholdSec","SystemGapHardThresholdSec","SystemGapWarningCount","SystemGapWarningMaximumSec","MaximumProcessSnapshotGapSec","MaximumProbeGapSec","PeakCommittedDeltaMB","ProcessorQueueP95","ProbeP95Ms","DescendantPeakWorkingSetMB","DescendantPeakPrivateMB","DescendantPeakProcessCount","ExternalNoisePeakWorkingSetMB","ExternalNoisePeakProcessCount","Binlogs","RunsCsv","SystemCsv","ProcessesCsv","ProbesCsv"
"roslyn","solution-propagated","1","0","True","1","1","C-candidate-compat","158.3",,"174.27","208.23","15.16","3.0641963","3.0641963","5","30","0",,"5.058523","6.3095151","5141.86328125","94","2765.688","5922","4532.74609375","39","1570.12890625","9","C:\perf\results\priority-pr-primary-authoritative-20260723-173319\roslyn\block-001\attempt-01\C-candidate-compat\benchmark\coordinator-all-normal-r1\normal1\normal1.binlog;C:\perf\results\priority-pr-primary-authoritative-20260723-173319\roslyn\block-001\attempt-01\C-candidate-compat\benchmark\coordinator-all-normal-r1\normal2\normal2.binlog;C:\perf\results\priority-pr-primary-authoritative-20260723-173319\roslyn\block-001\attempt-01\C-candidate-compat\benchmark\coordinator-all-normal-r1\normal3\normal3.binlog;C:\perf\results\priority-pr-primary-authoritative-20260723-173319\roslyn\block-001\attempt-01\C-candidate-compat\benchmark\coordinator-all-normal-r1\normal4\normal4.binlog;C:\perf\results\priority-pr-primary-authoritative-20260723-173319\roslyn\block-001\attempt-01\C-candidate-compat\benchmark\coordinator-all-normal-r1\high1\high1.binlog","C:\perf\results\priority-pr-primary-authoritative-20260723-173319\roslyn\block-001\attempt-01\C-candidate-compat\benchmark\coordinator-all-normal-r1\runs.csv","C:\perf\results\priority-pr-primary-authoritative-20260723-173319\roslyn\block-001\attempt-01\C-candidate-compat\monitor\system.csv","C:\perf\results\priority-pr-primary-authoritative-20260723-173319\roslyn\block-001\attempt-01\C-candidate-compat\monitor\processes.csv","C:\perf\results\priority-pr-primary-authoritative-20260723-173319\roslyn\block-001\attempt-01\C-candidate-compat\monitor\probes.csv"
"roslyn","solution-propagated","1","0","True","1","2","B-base-coordinator","191.15",,"165.27","206.65","15.5","2.3368913","2.3368913","5","30","0",,"5.0508341","10.9700252","4553.01171875","92","2507.455","5841.03515625","4475.3203125","40","1576.3125","9","C:\perf\results\priority-pr-primary-authoritative-20260723-173319\roslyn\block-001\attempt-01\B-base-coordinator\benchmark\coordinator-all-normal-r1\normal1\normal1.binlog;C:\perf\results\priority-pr-primary-authoritative-20260723-173319\roslyn\block-001\attempt-01\B-base-coordinator\benchmark\coordinator-all-normal-r1\normal2\normal2.binlog;C:\perf\results\priority-pr-primary-authoritative-20260723-173319\roslyn\block-001\attempt-01\B-base-coordinator\benchmark\coordinator-all-normal-r1\normal3\normal3.binlog;C:\perf\results\priority-pr-primary-authoritative-20260723-173319\roslyn\block-001\attempt-01\B-base-coordinator\benchmark\coordinator-all-normal-r1\normal4\normal4.binlog;C:\perf\results\priority-pr-primary-authoritative-20260723-173319\roslyn\block-001\attempt-01\B-base-coordinator\benchmark\coordinator-all-normal-r1\high1\high1.binlog","C:\perf\results\priority-pr-primary-authoritative-20260723-173319\roslyn\block-001\attempt-01\B-base-coordinator\benchmark\coordinator-all-normal-r1\runs.csv","C:\perf\results\priority-pr-primary-authoritative-20260723-173319\roslyn\block-001\attempt-01\B-base-coordinator\monitor\system.csv","C:\perf\results\priority-pr-primary-authoritative-20260723-173319\roslyn\block-001\attempt-01\B-base-coordinator\monitor\processes.csv","C:\perf\results\priority-pr-primary-authoritative-20260723-173319\roslyn\block-001\attempt-01\B-base-coordinator\monitor\probes.csv"
"roslyn","solution-propagated","1","0","True","1","3","D-candidate-default-normal","143.27",,"110.47","158.76","15.49","1.8841797","1.8841797","5","30","0",,"5.1378184","5.0649618","4561.97265625","72","1317.249","5538.3828125","4383.41015625","37","1551.5703125","8","C:\perf\results\priority-pr-primary-authoritative-20260723-173319\roslyn\block-001\attempt-01\D-candidate-default-normal\benchmark\coordinator-all-normal-r1\normal1\normal1.binlog;C:\perf\results\priority-pr-primary-authoritative-20260723-173319\roslyn\block-001\attempt-01\D-candidate-default-normal\benchmark\coordinator-all-normal-r1\normal2\normal2.binlog;C:\perf\results\priority-pr-primary-authoritative-20260723-173319\roslyn\block-001\attempt-01\D-candidate-default-normal\benchmark\coordinator-all-normal-r1\normal3\normal3.binlog;C:\perf\results\priority-pr-primary-authoritative-20260723-173319\roslyn\block-001\attempt-01\D-candidate-default-normal\benchmark\coordinator-all-normal-r1\normal4\normal4.binlog;C:\perf\results\priority-pr-primary-authoritative-20260723-173319\roslyn\block-001\attempt-01\D-candidate-default-normal\benchmark\coordinator-all-normal-r1\high1\high1.binlog","C:\perf\results\priority-pr-primary-authoritative-20260723-173319\roslyn\block-001\attempt-01\D-candidate-default-normal\benchmark\coordinator-all-normal-r1\runs.csv","C:\perf\results\priority-pr-primary-authoritative-20260723-173319\roslyn\block-001\attempt-01\D-candidate-default-normal\monitor\system.csv","C:\perf\results\priority-pr-primary-authoritative-20260723-173319\roslyn\block-001\attempt-01\D-candidate-default-normal\monitor\processes.csv","C:\perf\results\priority-pr-primary-authoritative-20260723-173319\roslyn\block-001\attempt-01\D-candidate-default-normal\monitor\probes.csv"
"roslyn","solution-propagated","1","0","True","1","4","A-no-coordinator","173.49",,"188.62","190.73","15.57","9.9009989","9.9009989","5","30","2","9.9009989","5.1470085","5.6970731","10487.8984375","261","3047.631","14138.51953125","8693.50390625","165","1611.5703125","10","C:\perf\results\priority-pr-primary-authoritative-20260723-173319\roslyn\block-001\attempt-01\A-no-coordinator\benchmark\no-coordinator-r1\normal1\normal1.binlog;C:\perf\results\priority-pr-primary-authoritative-20260723-173319\roslyn\block-001\attempt-01\A-no-coordinator\benchmark\no-coordinator-r1\normal2\normal2.binlog;C:\perf\results\priority-pr-primary-authoritative-20260723-173319\roslyn\block-001\attempt-01\A-no-coordinator\benchmark\no-coordinator-r1\normal3\normal3.binlog;C:\perf\results\priority-pr-primary-authoritative-20260723-173319\roslyn\block-001\attempt-01\A-no-coordinator\benchmark\no-coordinator-r1\normal4\normal4.binlog;C:\perf\results\priority-pr-primary-authoritative-20260723-173319\roslyn\block-001\attempt-01\A-no-coordinator\benchmark\no-coordinator-r1\high1\high1.binlog","C:\perf\results\priority-pr-primary-authoritative-20260723-173319\roslyn\block-001\attempt-01\A-no-coordinator\benchmark\no-coordinator-r1\runs.csv","C:\perf\results\priority-pr-primary-authoritative-20260723-173319\roslyn\block-001\attempt-01\A-no-coordinator\monitor\system.csv","C:\perf\results\priority-pr-primary-authoritative-20260723-173319\roslyn\block-001\attempt-01\A-no-coordinator\monitor\processes.csv","C:\perf\results\priority-pr-primary-authoritative-20260723-173319\roslyn\block-001\attempt-01\A-no-coordinator\monitor\probes.csv"
"roslyn","solution-propagated","1","0","True","1","5","E-candidate-default-high","131.59",,"119.62","161.1","15.5","2.1510934","2.1510934","5","30","0",,"5.0351766","5.3781446","5791.375","103","4432.928","6773.98046875","5260.71875","45","1560.0703125","8","C:\perf\results\priority-pr-primary-authoritative-20260723-173319\roslyn\block-001\attempt-01\E-candidate-default-high\benchmark\coordinator-priority-r1\normal1\normal1.binlog;C:\perf\results\priority-pr-primary-authoritative-20260723-173319\roslyn\block-001\attempt-01\E-candidate-default-high\benchmark\coordinator-priority-r1\normal2\normal2.binlog;C:\perf\results\priority-pr-primary-authoritative-20260723-173319\roslyn\block-001\attempt-01\E-candidate-default-high\benchmark\coordinator-priority-r1\normal3\normal3.binlog;C:\perf\results\priority-pr-primary-authoritative-20260723-173319\roslyn\block-001\attempt-01\E-candidate-default-high\benchmark\coordinator-priority-r1\normal4\normal4.binlog;C:\perf\results\priority-pr-primary-authoritative-20260723-173319\roslyn\block-001\attempt-01\E-candidate-default-high\benchmark\coordinator-priority-r1\high1\high1.binlog","C:\perf\results\priority-pr-primary-authoritative-20260723-173319\roslyn\block-001\attempt-01\E-candidate-default-high\benchmark\coordinator-priority-r1\runs.csv","C:\perf\results\priority-pr-primary-authoritative-20260723-173319\roslyn\block-001\attempt-01\E-candidate-default-high\monitor\system.csv","C:\perf\results\priority-pr-primary-authoritative-20260723-173319\roslyn\block-001\attempt-01\E-candidate-default-high\monitor\processes.csv","C:\perf\results\priority-pr-primary-authoritative-20260723-173319\roslyn\block-001\attempt-01\E-candidate-default-high\monitor\probes.csv"
"roslyn","solution-propagated","10","9","False","1","1","B-base-coordinator","167.45",,"154.7","182.92","15.47","3.6700669","3.6700669","5","30","0",,"7.9048478","6.8098275","6697.08984375","104","2761.779","7572.5390625","6048.5859375","45","1584.75390625","10","C:\perf\results\priority-pr-primary-authoritative-20260723-173319\roslyn\block-010\attempt-01\B-base-coordinator\benchmark\coordinator-all-normal-r1\normal1\normal1.binlog;C:\perf\results\priority-pr-primary-authoritative-20260723-173319\roslyn\block-010\attempt-01\B-base-coordinator\benchmark\coordinator-all-normal-r1\normal2\normal2.binlog;C:\perf\results\priority-pr-primary-authoritative-20260723-173319\roslyn\block-010\attempt-01\B-base-coordinator\benchmark\coordinator-all-normal-r1\normal3\normal3.binlog;C:\perf\results\priority-pr-primary-authoritative-20260723-173319\roslyn\block-010\attempt-01\B-base-coordinator\benchmark\coordinator-all-normal-r1\normal4\normal4.binlog;C:\perf\results\priority-pr-primary-authoritative-20260723-173319\roslyn\block-010\attempt-01\B-base-coordinator\benchmark\coordinator-all-normal-r1\high1\high1.binlog","C:\perf\results\priority-pr-primary-authoritative-20260723-173319\roslyn\block-010\attempt-01\B-base-coordinator\benchmark\coordinator-all-normal-r1\runs.csv","C:\perf\results\priority-pr-primary-authoritative-20260723-173319\roslyn\block-010\attempt-01\B-base-coordinator\monitor\system.csv","C:\perf\results\priority-pr-primary-authoritative-20260723-173319\roslyn\block-010\attempt-01\B-base-coordinator\monitor\processes.csv","C:\perf\results\priority-pr-primary-authoritative-20260723-173319\roslyn\block-010\attempt-01\B-base-coordinator\monitor\probes.csv"
"roslyn","solution-propagated","10","9","False","1","2","A-no-coordinator","132.41",,"180.64","182.35","15.53","10.1399023","10.1399023","5","30","4","10.1399023","5.2265473","7.8847979","10718.93359375","253","2723.313","14482.7578125","9013.578125","167","1612.41796875","8","C:\perf\results\priority-pr-primary-authoritative-20260723-173319\roslyn\block-010\attempt-01\A-no-coordinator\benchmark\no-coordinator-r1\normal1\normal1.binlog;C:\perf\results\priority-pr-primary-authoritative-20260723-173319\roslyn\block-010\attempt-01\A-no-coordinator\benchmark\no-coordinator-r1\normal2\normal2.binlog;C:\perf\results\priority-pr-primary-authoritative-20260723-173319\roslyn\block-010\attempt-01\A-no-coordinator\benchmark\no-coordinator-r1\normal3\normal3.binlog;C:\perf\results\priority-pr-primary-authoritative-20260723-173319\roslyn\block-010\attempt-01\A-no-coordinator\benchmark\no-coordinator-r1\normal4\normal4.binlog;C:\perf\results\priority-pr-primary-authoritative-20260723-173319\roslyn\block-010\attempt-01\A-no-coordinator\benchmark\no-coordinator-r1\high1\high1.binlog","C:\perf\results\priority-pr-primary-authoritative-20260723-173319\roslyn\block-010\attempt-01\A-no-coordinator\benchmark\no-coordinator-r1\runs.csv","C:\perf\results\priority-pr-primary-authoritative-20260723-173319\roslyn\block-010\attempt-01\A-no-coordinator\monitor\system.csv","C:\perf\results\priority-pr-primary-authoritative-20260723-173319\roslyn\block-010\attempt-01\A-no-coordinator\monitor\processes.csv","C:\perf\results\priority-pr-primary-authoritative-20260723-173319\roslyn\block-010\attempt-01\A-no-coordinator\monitor\probes.csv"
"roslyn","solution-propagated","10","9","False","1","3","C-candidate-compat","183.84",,"168.17","207.09","15.4","2.763336","2.763336","5","30","0",,"5.0353432","5.0599505","4785.43359375","62","2563.706","5742.90234375","4436.39453125","41","1615.01953125","8","C:\perf\results\priority-pr-primary-authoritative-20260723-173319\roslyn\block-010\attempt-01\C-candidate-compat\benchmark\coordinator-all-normal-r1\normal1\normal1.binlog;C:\perf\results\priority-pr-primary-authoritative-20260723-173319\roslyn\block-010\attempt-01\C-candidate-compat\benchmark\coordinator-all-normal-r1\normal2\normal2.binlog;C:\perf\results\priority-pr-primary-authoritative-20260723-173319\roslyn\block-010\attempt-01\C-candidate-compat\benchmark\coordinator-all-normal-r1\normal3\normal3.binlog;C:\perf\results\priority-pr-primary-authoritative-20260723-173319\roslyn\block-010\attempt-01\C-candidate-compat\benchmark\coordinator-all-normal-r1\normal4\normal4.binlog;C:\perf\results\priority-pr-primary-authoritative-20260723-173319\roslyn\block-010\attempt-01\C-candidate-compat\benchmark\coordinator-all-normal-r1\high1\high1.binlog","C:\perf\results\priority-pr-primary-authoritative-20260723-173319\roslyn\block-010\attempt-01\C-candidate-compat\benchmark\coordinator-all-normal-r1\runs.csv","C:\perf\results\priority-pr-primary-authoritative-20260723-173319\roslyn\block-010\attempt-01\C-candidate-compat\monitor\system.csv","C:\perf\results\priority-pr-primary-authoritative-20260723-173319\roslyn\block-010\attempt-01\C-candidate-compat\monitor\processes.csv","C:\perf\results\priority-pr-primary-authoritative-20260723-173319\roslyn\block-010\attempt-01\C-candidate-compat\monitor\probes.csv"
"roslyn","solution-propagated","10","9","False","1","4","E-candidate-default-high","119.05",,"139.37","174.65","15.3","7.1397888","7.1397888","5","30","1","7.1397888","5.0531622","5.2926062","5401.3984375","80","2224.442","6012.9765625","4583.09375","45","1624.07421875","9","C:\perf\results\priority-pr-primary-authoritative-20260723-173319\roslyn\block-010\attempt-01\E-candidate-default-high\benchmark\coordinator-priority-r1\normal1\normal1.binlog;C:\perf\results\priority-pr-primary-authoritative-20260723-173319\roslyn\block-010\attempt-01\E-candidate-default-high\benchmark\coordinator-priority-r1\normal2\normal2.binlog;C:\perf\results\priority-pr-primary-authoritative-20260723-173319\roslyn\block-010\attempt-01\E-candidate-default-high\benchmark\coordinator-priority-r1\normal3\normal3.binlog;C:\perf\results\priority-pr-primary-authoritative-20260723-173319\roslyn\block-010\attempt-01\E-candidate-default-high\benchmark\coordinator-priority-r1\normal4\normal4.binlog;C:\perf\results\priority-pr-primary-authoritative-20260723-173319\roslyn\block-010\attempt-01\E-candidate-default-high\benchmark\coordinator-priority-r1\high1\high1.binlog","C:\perf\results\priority-pr-primary-authoritative-20260723-173319\roslyn\block-010\attempt-01\E-candidate-default-high\benchmark\coordinator-priority-r1\runs.csv","C:\perf\results\priority-pr-primary-authoritative-20260723-173319\roslyn\block-010\attempt-01\E-candidate-default-high\monitor\system.csv","C:\perf\results\priority-pr-primary-authoritative-20260723-173319\roslyn\block-010\attempt-01\E-candidate-default-high\monitor\processes.csv","C:\perf\results\priority-pr-primary-authoritative-20260723-173319\roslyn\block-010\attempt-01\E-candidate-default-high\monitor\probes.csv"
"roslyn","solution-propagated","10","9","False","1","5","D-candidate-default-normal","166.53",,"111.79","181.91","15.38","1.9895937","1.9895937","5","30","0",,"5.0326705","5.0440669","4730.8984375","81","2104.518","5473.1875","4305.265625","35","1610.89453125","11","C:\perf\results\priority-pr-primary-authoritative-20260723-173319\roslyn\block-010\attempt-01\D-candidate-default-normal\benchmark\coordinator-all-normal-r1\normal1\normal1.binlog;C:\perf\results\priority-pr-primary-authoritative-20260723-173319\roslyn\block-010\attempt-01\D-candidate-default-normal\benchmark\coordinator-all-normal-r1\normal2\normal2.binlog;C:\perf\results\priority-pr-primary-authoritative-20260723-173319\roslyn\block-010\attempt-01\D-candidate-default-normal\benchmark\coordinator-all-normal-r1\normal3\normal3.binlog;C:\perf\results\priority-pr-primary-authoritative-20260723-173319\roslyn\block-010\attempt-01\D-candidate-default-normal\benchmark\coordinator-all-normal-r1\normal4\normal4.binlog;C:\perf\results\priority-pr-primary-authoritative-20260723-173319\roslyn\block-010\attempt-01\D-candidate-default-normal\benchmark\coordinator-all-normal-r1\high1\high1.binlog","C:\perf\results\priority-pr-primary-authoritative-20260723-173319\roslyn\block-010\attempt-01\D-candidate-default-normal\benchmark\coordinator-all-normal-r1\runs.csv","C:\perf\results\priority-pr-primary-authoritative-20260723-173319\roslyn\block-010\attempt-01\D-candidate-default-normal\monitor\system.csv","C:\perf\results\priority-pr-primary-authoritative-20260723-173319\roslyn\block-010\attempt-01\D-candidate-default-normal\monitor\processes.csv","C:\perf\results\priority-pr-primary-authoritative-20260723-173319\roslyn\block-010\attempt-01\D-candidate-default-normal\monitor\probes.csv"
"roslyn","solution-propagated","11","10","False","1","1","C-candidate-compat","150.44",,"160.12","198.83","15.45","3.5001753","3.5001753","5","30","0",,"5.069922","5.0613047","5840.484375","108","3243.511","6419.42578125","4911.89453125","40","1608.1875","8","C:\perf\results\priority-pr-primary-authoritative-20260723-173319\roslyn\block-011\attempt-01\C-candidate-compat\benchmark\coordinator-all-normal-r1\normal1\normal1.binlog;C:\perf\results\priority-pr-primary-authoritative-20260723-173319\roslyn\block-011\attempt-01\C-candidate-compat\benchmark\coordinator-all-normal-r1\normal2\normal2.binlog;C:\perf\results\priority-pr-primary-authoritative-20260723-173319\roslyn\block-011\attempt-01\C-candidate-compat\benchmark\coordinator-all-normal-r1\normal3\normal3.binlog;C:\perf\results\priority-pr-primary-authoritative-20260723-173319\roslyn\block-011\attempt-01\C-candidate-compat\benchmark\coordinator-all-normal-r1\normal4\normal4.binlog;C:\perf\results\priority-pr-primary-authoritative-20260723-173319\roslyn\block-011\attempt-01\C-candidate-compat\benchmark\coordinator-all-normal-r1\high1\high1.binlog","C:\perf\results\priority-pr-primary-authoritative-20260723-173319\roslyn\block-011\attempt-01\C-candidate-compat\benchmark\coordinator-all-normal-r1\runs.csv","C:\perf\results\priority-pr-primary-authoritative-20260723-173319\roslyn\block-011\attempt-01\C-candidate-compat\monitor\system.csv","C:\perf\results\priority-pr-primary-authoritative-20260723-173319\roslyn\block-011\attempt-01\C-candidate-compat\monitor\processes.csv","C:\perf\results\priority-pr-primary-authoritative-20260723-173319\roslyn\block-011\attempt-01\C-candidate-compat\monitor\probes.csv"
"roslyn","solution-propagated","11","10","False","1","2","B-base-coordinator","161.81",,"162.84","202.28","15.37","2.4238162","2.4238162","5","30","0",,"5.0625831","5.0998794","5635.8984375","84","2082.851","6103.8203125","4605.7890625","42","1600.1328125","8","C:\perf\results\priority-pr-primary-authoritative-20260723-173319\roslyn\block-011\attempt-01\B-base-coordinator\benchmark\coordinator-all-normal-r1\normal1\normal1.binlog;C:\perf\results\priority-pr-primary-authoritative-20260723-173319\roslyn\block-011\attempt-01\B-base-coordinator\benchmark\coordinator-all-normal-r1\normal2\normal2.binlog;C:\perf\results\priority-pr-primary-authoritative-20260723-173319\roslyn\block-011\attempt-01\B-base-coordinator\benchmark\coordinator-all-normal-r1\normal3\normal3.binlog;C:\perf\results\priority-pr-primary-authoritative-20260723-173319\roslyn\block-011\attempt-01\B-base-coordinator\benchmark\coordinator-all-normal-r1\normal4\normal4.binlog;C:\perf\results\priority-pr-primary-authoritative-20260723-173319\roslyn\block-011\attempt-01\B-base-coordinator\benchmark\coordinator-all-normal-r1\high1\high1.binlog","C:\perf\results\priority-pr-primary-authoritative-20260723-173319\roslyn\block-011\attempt-01\B-base-coordinator\benchmark\coordinator-all-normal-r1\runs.csv","C:\perf\results\priority-pr-primary-authoritative-20260723-173319\roslyn\block-011\attempt-01\B-base-coordinator\monitor\system.csv","C:\perf\results\priority-pr-primary-authoritative-20260723-173319\roslyn\block-011\attempt-01\B-base-coordinator\monitor\processes.csv","C:\perf\results\priority-pr-primary-authoritative-20260723-173319\roslyn\block-011\attempt-01\B-base-coordinator\monitor\probes.csv"
"roslyn","solution-propagated","11","10","False","1","3","D-candidate-default-normal","139.46",,"106.27","155.33","15.51","13.160376","13.160376","5","30","3","13.160376","5.0573486","5.0424128","5210.82421875","30","3896.424","7765.546875","6497.8046875","208","1596.40625","9","C:\perf\results\priority-pr-primary-authoritative-20260723-173319\roslyn\block-011\attempt-01\D-candidate-default-normal\benchmark\coordinator-all-normal-r1\normal1\normal1.binlog;C:\perf\results\priority-pr-primary-authoritative-20260723-173319\roslyn\block-011\attempt-01\D-candidate-default-normal\benchmark\coordinator-all-normal-r1\normal2\normal2.binlog;C:\perf\results\priority-pr-primary-authoritative-20260723-173319\roslyn\block-011\attempt-01\D-candidate-default-normal\benchmark\coordinator-all-normal-r1\normal3\normal3.binlog;C:\perf\results\priority-pr-primary-authoritative-20260723-173319\roslyn\block-011\attempt-01\D-candidate-default-normal\benchmark\coordinator-all-normal-r1\normal4\normal4.binlog;C:\perf\results\priority-pr-primary-authoritative-20260723-173319\roslyn\block-011\attempt-01\D-candidate-default-normal\benchmark\coordinator-all-normal-r1\high1\high1.binlog","C:\perf\results\priority-pr-primary-authoritative-20260723-173319\roslyn\block-011\attempt-01\D-candidate-default-normal\benchmark\coordinator-all-normal-r1\runs.csv","C:\perf\results\priority-pr-primary-authoritative-20260723-173319\roslyn\block-011\attempt-01\D-candidate-default-normal\monitor\system.csv","C:\perf\results\priority-pr-primary-authoritative-20260723-173319\roslyn\block-011\attempt-01\D-candidate-default-normal\monitor\processes.csv","C:\perf\results\priority-pr-primary-authoritative-20260723-173319\roslyn\block-011\attempt-01\D-candidate-default-normal\monitor\probes.csv"
"roslyn","solution-propagated","11","10","False","1","4","A-no-coordinator","167.63",,"182.21","183.07","15.44","9.1758896","9.1758896","5","30","4","9.1758896","5.1905012","5.2019356","10234.15234375","251","4158.339","13939.0234375","8547.36328125","165","1619.59375","8","C:\perf\results\priority-pr-primary-authoritative-20260723-173319\roslyn\block-011\attempt-01\A-no-coordinator\benchmark\no-coordinator-r1\normal1\normal1.binlog;C:\perf\results\priority-pr-primary-authoritative-20260723-173319\roslyn\block-011\attempt-01\A-no-coordinator\benchmark\no-coordinator-r1\normal2\normal2.binlog;C:\perf\results\priority-pr-primary-authoritative-20260723-173319\roslyn\block-011\attempt-01\A-no-coordinator\benchmark\no-coordinator-r1\normal3\normal3.binlog;C:\perf\results\priority-pr-primary-authoritative-20260723-173319\roslyn\block-011\attempt-01\A-no-coordinator\benchmark\no-coordinator-r1\normal4\normal4.binlog;C:\perf\results\priority-pr-primary-authoritative-20260723-173319\roslyn\block-011\attempt-01\A-no-coordinator\benchmark\no-coordinator-r1\high1\high1.binlog","C:\perf\results\priority-pr-primary-authoritative-20260723-173319\roslyn\block-011\attempt-01\A-no-coordinator\benchmark\no-coordinator-r1\runs.csv","C:\perf\results\priority-pr-primary-authoritative-20260723-173319\roslyn\block-011\attempt-01\A-no-coordinator\monitor\system.csv","C:\perf\results\priority-pr-primary-authoritative-20260723-173319\roslyn\block-011\attempt-01\A-no-coordinator\monitor\processes.csv","C:\perf\results\priority-pr-primary-authoritative-20260723-173319\roslyn\block-011\attempt-01\A-no-coordinator\monitor\probes.csv"
"roslyn","solution-propagated","11","10","False","1","5","E-candidate-default-high","140.63",,"130.97","177.25","15.44","2.5780569","2.5780569","5","30","0",,"5.0369114","5.3254893","6058.66796875","99","3379.978","7065.71484375","5560.5859375","45","1623.6640625","8","C:\perf\results\priority-pr-primary-authoritative-20260723-173319\roslyn\block-011\attempt-01\E-candidate-default-high\benchmark\coordinator-priority-r1\normal1\normal1.binlog;C:\perf\results\priority-pr-primary-authoritative-20260723-173319\roslyn\block-011\attempt-01\E-candidate-default-high\benchmark\coordinator-priority-r1\normal2\normal2.binlog;C:\perf\results\priority-pr-primary-authoritative-20260723-173319\roslyn\block-011\attempt-01\E-candidate-default-high\benchmark\coordinator-priority-r1\normal3\normal3.binlog;C:\perf\results\priority-pr-primary-authoritative-20260723-173319\roslyn\block-011\attempt-01\E-candidate-default-high\benchmark\coordinator-priority-r1\normal4\normal4.binlog;C:\perf\results\priority-pr-primary-authoritative-20260723-173319\roslyn\block-011\attempt-01\E-candidate-default-high\benchmark\coordinator-priority-r1\high1\high1.binlog","C:\perf\results\priority-pr-primary-authoritative-20260723-173319\roslyn\block-011\attempt-01\E-candidate-default-high\benchmark\coordinator-priority-r1\runs.csv","C:\perf\results\priority-pr-primary-authoritative-20260723-173319\roslyn\block-011\attempt-01\E-candidate-default-high\monitor\system.csv","C:\perf\results\priority-pr-primary-authoritative-20260723-173319\roslyn\block-011\attempt-01\E-candidate-default-high\monitor\processes.csv","C:\perf\results\priority-pr-primary-authoritative-20260723-173319\roslyn\block-011\attempt-01\E-candidate-default-high\monitor\probes.csv"
"roslyn","solution-propagated","2","1","False","1","1","A-no-coordinator","198.85",,"218.57","219.1","15.08","4.651609","4.651609","5","30","0",,"5.1354048","7.0728595","10759.265625","280","5722.046","14418.390625","8853.30859375","165","1661.18359375","8","C:\perf\results\priority-pr-primary-authoritative-20260723-173319\roslyn\block-002\attempt-01\A-no-coordinator\benchmark\no-coordinator-r1\normal1\normal1.binlog;C:\perf\results\priority-pr-primary-authoritative-20260723-173319\roslyn\block-002\attempt-01\A-no-coordinator\benchmark\no-coordinator-r1\normal2\normal2.binlog;C:\perf\results\priority-pr-primary-authoritative-20260723-173319\roslyn\block-002\attempt-01\A-no-coordinator\benchmark\no-coordinator-r1\normal3\normal3.binlog;C:\perf\results\priority-pr-primary-authoritative-20260723-173319\roslyn\block-002\attempt-01\A-no-coordinator\benchmark\no-coordinator-r1\normal4\normal4.binlog;C:\perf\results\priority-pr-primary-authoritative-20260723-173319\roslyn\block-002\attempt-01\A-no-coordinator\benchmark\no-coordinator-r1\high1\high1.binlog","C:\perf\results\priority-pr-primary-authoritative-20260723-173319\roslyn\block-002\attempt-01\A-no-coordinator\benchmark\no-coordinator-r1\runs.csv","C:\perf\results\priority-pr-primary-authoritative-20260723-173319\roslyn\block-002\attempt-01\A-no-coordinator\monitor\system.csv","C:\perf\results\priority-pr-primary-authoritative-20260723-173319\roslyn\block-002\attempt-01\A-no-coordinator\monitor\processes.csv","C:\perf\results\priority-pr-primary-authoritative-20260723-173319\roslyn\block-002\attempt-01\A-no-coordinator\monitor\probes.csv"
"roslyn","solution-propagated","2","1","False","1","2","B-base-coordinator","165.62",,"165.3","205.48","15.4","2.506863","2.506863","5","30","0",,"5.0402282","5.0383779","5770.64453125","83","2758.236","5987.36328125","4594.7265625","42","1569.359375","8","C:\perf\results\priority-pr-primary-authoritative-20260723-173319\roslyn\block-002\attempt-01\B-base-coordinator\benchmark\coordinator-all-normal-r1\normal1\normal1.binlog;C:\perf\results\priority-pr-primary-authoritative-20260723-173319\roslyn\block-002\attempt-01\B-base-coordinator\benchmark\coordinator-all-normal-r1\normal2\normal2.binlog;C:\perf\results\priority-pr-primary-authoritative-20260723-173319\roslyn\block-002\attempt-01\B-base-coordinator\benchmark\coordinator-all-normal-r1\normal3\normal3.binlog;C:\perf\results\priority-pr-primary-authoritative-20260723-173319\roslyn\block-002\attempt-01\B-base-coordinator\benchmark\coordinator-all-normal-r1\normal4\normal4.binlog;C:\perf\results\priority-pr-primary-authoritative-20260723-173319\roslyn\block-002\attempt-01\B-base-coordinator\benchmark\coordinator-all-normal-r1\high1\high1.binlog","C:\perf\results\priority-pr-primary-authoritative-20260723-173319\roslyn\block-002\attempt-01\B-base-coordinator\benchmark\coordinator-all-normal-r1\runs.csv","C:\perf\results\priority-pr-primary-authoritative-20260723-173319\roslyn\block-002\attempt-01\B-base-coordinator\monitor\system.csv","C:\perf\results\priority-pr-primary-authoritative-20260723-173319\roslyn\block-002\attempt-01\B-base-coordinator\monitor\processes.csv","C:\perf\results\priority-pr-primary-authoritative-20260723-173319\roslyn\block-002\attempt-01\B-base-coordinator\monitor\probes.csv"
"roslyn","solution-propagated","2","1","False","1","3","E-candidate-default-high","130.74",,"117.8","160.54","15.03","6.0937007","6.0937007","5","30","1","6.0937007","5.092915","5.347742","5727.92578125","78","2065.175","6730.1640625","5212.2109375","45","1560.46875","8","C:\perf\results\priority-pr-primary-authoritative-20260723-173319\roslyn\block-002\attempt-01\E-candidate-default-high\benchmark\coordinator-priority-r1\normal1\normal1.binlog;C:\perf\results\priority-pr-primary-authoritative-20260723-173319\roslyn\block-002\attempt-01\E-candidate-default-high\benchmark\coordinator-priority-r1\normal2\normal2.binlog;C:\perf\results\priority-pr-primary-authoritative-20260723-173319\roslyn\block-002\attempt-01\E-candidate-default-high\benchmark\coordinator-priority-r1\normal3\normal3.binlog;C:\perf\results\priority-pr-primary-authoritative-20260723-173319\roslyn\block-002\attempt-01\E-candidate-default-high\benchmark\coordinator-priority-r1\normal4\normal4.binlog;C:\perf\results\priority-pr-primary-authoritative-20260723-173319\roslyn\block-002\attempt-01\E-candidate-default-high\benchmark\coordinator-priority-r1\high1\high1.binlog","C:\perf\results\priority-pr-primary-authoritative-20260723-173319\roslyn\block-002\attempt-01\E-candidate-default-high\benchmark\coordinator-priority-r1\runs.csv","C:\perf\results\priority-pr-primary-authoritative-20260723-173319\roslyn\block-002\attempt-01\E-candidate-default-high\monitor\system.csv","C:\perf\results\priority-pr-primary-authoritative-20260723-173319\roslyn\block-002\attempt-01\E-candidate-default-high\monitor\processes.csv","C:\perf\results\priority-pr-primary-authoritative-20260723-173319\roslyn\block-002\attempt-01\E-candidate-default-high\monitor\probes.csv"
"roslyn","solution-propagated","2","1","False","1","4","C-candidate-compat","154.19",,"166.84","199.66","15.5","2.8211477","2.8211477","5","30","0",,"5.0365816","5.0467262","5176.80078125","82","2816.965","5819.421875","4479.3125","40","1561.90625","8","C:\perf\results\priority-pr-primary-authoritative-20260723-173319\roslyn\block-002\attempt-01\C-candidate-compat\benchmark\coordinator-all-normal-r1\normal1\normal1.binlog;C:\perf\results\priority-pr-primary-authoritative-20260723-173319\roslyn\block-002\attempt-01\C-candidate-compat\benchmark\coordinator-all-normal-r1\normal2\normal2.binlog;C:\perf\results\priority-pr-primary-authoritative-20260723-173319\roslyn\block-002\attempt-01\C-candidate-compat\benchmark\coordinator-all-normal-r1\normal3\normal3.binlog;C:\perf\results\priority-pr-primary-authoritative-20260723-173319\roslyn\block-002\attempt-01\C-candidate-compat\benchmark\coordinator-all-normal-r1\normal4\normal4.binlog;C:\perf\results\priority-pr-primary-authoritative-20260723-173319\roslyn\block-002\attempt-01\C-candidate-compat\benchmark\coordinator-all-normal-r1\high1\high1.binlog","C:\perf\results\priority-pr-primary-authoritative-20260723-173319\roslyn\block-002\attempt-01\C-candidate-compat\benchmark\coordinator-all-normal-r1\runs.csv","C:\perf\results\priority-pr-primary-authoritative-20260723-173319\roslyn\block-002\attempt-01\C-candidate-compat\monitor\system.csv","C:\perf\results\priority-pr-primary-authoritative-20260723-173319\roslyn\block-002\attempt-01\C-candidate-compat\monitor\processes.csv","C:\perf\results\priority-pr-primary-authoritative-20260723-173319\roslyn\block-002\attempt-01\C-candidate-compat\monitor\probes.csv"
"roslyn","solution-propagated","2","1","False","1","5","D-candidate-default-normal","138.2",,"104.1","155.99","15.51","2.4561751","2.4561751","5","30","0",,"5.0502423","5.0402228","5043.79296875","100","2741.049","5759.9609375","4535.43359375","37","1547.65234375","8","C:\perf\results\priority-pr-primary-authoritative-20260723-173319\roslyn\block-002\attempt-01\D-candidate-default-normal\benchmark\coordinator-all-normal-r1\normal1\normal1.binlog;C:\perf\results\priority-pr-primary-authoritative-20260723-173319\roslyn\block-002\attempt-01\D-candidate-default-normal\benchmark\coordinator-all-normal-r1\normal2\normal2.binlog;C:\perf\results\priority-pr-primary-authoritative-20260723-173319\roslyn\block-002\attempt-01\D-candidate-default-normal\benchmark\coordinator-all-normal-r1\normal3\normal3.binlog;C:\perf\results\priority-pr-primary-authoritative-20260723-173319\roslyn\block-002\attempt-01\D-candidate-default-normal\benchmark\coordinator-all-normal-r1\normal4\normal4.binlog;C:\perf\results\priority-pr-primary-authoritative-20260723-173319\roslyn\block-002\attempt-01\D-candidate-default-normal\benchmark\coordinator-all-normal-r1\high1\high1.binlog","C:\perf\results\priority-pr-primary-authoritative-20260723-173319\roslyn\block-002\attempt-01\D-candidate-default-normal\benchmark\coordinator-all-normal-r1\runs.csv","C:\perf\results\priority-pr-primary-authoritative-20260723-173319\roslyn\block-002\attempt-01\D-candidate-default-normal\monitor\system.csv","C:\perf\results\priority-pr-primary-authoritative-20260723-173319\roslyn\block-002\attempt-01\D-candidate-default-normal\monitor\processes.csv","C:\perf\results\priority-pr-primary-authoritative-20260723-173319\roslyn\block-002\attempt-01\D-candidate-default-normal\monitor\probes.csv"
"roslyn","solution-propagated","3","2","False","1","1","B-base-coordinator","162.94",,"157.94","202.02","15.41","12.279375","12.279375","5","30","2","12.279375","5.0424081","5.0363918","5991.5078125","35","2293.807","6788.0078125","5480.0625","44","1571.78125","10","C:\perf\results\priority-pr-primary-authoritative-20260723-173319\roslyn\block-003\attempt-01\B-base-coordinator\benchmark\coordinator-all-normal-r1\normal1\normal1.binlog;C:\perf\results\priority-pr-primary-authoritative-20260723-173319\roslyn\block-003\attempt-01\B-base-coordinator\benchmark\coordinator-all-normal-r1\normal2\normal2.binlog;C:\perf\results\priority-pr-primary-authoritative-20260723-173319\roslyn\block-003\attempt-01\B-base-coordinator\benchmark\coordinator-all-normal-r1\normal3\normal3.binlog;C:\perf\results\priority-pr-primary-authoritative-20260723-173319\roslyn\block-003\attempt-01\B-base-coordinator\benchmark\coordinator-all-normal-r1\normal4\normal4.binlog;C:\perf\results\priority-pr-primary-authoritative-20260723-173319\roslyn\block-003\attempt-01\B-base-coordinator\benchmark\coordinator-all-normal-r1\high1\high1.binlog","C:\perf\results\priority-pr-primary-authoritative-20260723-173319\roslyn\block-003\attempt-01\B-base-coordinator\benchmark\coordinator-all-normal-r1\runs.csv","C:\perf\results\priority-pr-primary-authoritative-20260723-173319\roslyn\block-003\attempt-01\B-base-coordinator\monitor\system.csv","C:\perf\results\priority-pr-primary-authoritative-20260723-173319\roslyn\block-003\attempt-01\B-base-coordinator\monitor\processes.csv","C:\perf\results\priority-pr-primary-authoritative-20260723-173319\roslyn\block-003\attempt-01\B-base-coordinator\monitor\probes.csv"
"roslyn","solution-propagated","3","2","False","1","2","C-candidate-compat","160.48",,"158.55","203.97","15.47","2.2520051","2.2520051","5","30","0",,"5.0627982","8.3671565","6254.375","147","3649.29","7280.3828125","5721.375","44","1559.02734375","8","C:\perf\results\priority-pr-primary-authoritative-20260723-173319\roslyn\block-003\attempt-01\C-candidate-compat\benchmark\coordinator-all-normal-r1\normal1\normal1.binlog;C:\perf\results\priority-pr-primary-authoritative-20260723-173319\roslyn\block-003\attempt-01\C-candidate-compat\benchmark\coordinator-all-normal-r1\normal2\normal2.binlog;C:\perf\results\priority-pr-primary-authoritative-20260723-173319\roslyn\block-003\attempt-01\C-candidate-compat\benchmark\coordinator-all-normal-r1\normal3\normal3.binlog;C:\perf\results\priority-pr-primary-authoritative-20260723-173319\roslyn\block-003\attempt-01\C-candidate-compat\benchmark\coordinator-all-normal-r1\normal4\normal4.binlog;C:\perf\results\priority-pr-primary-authoritative-20260723-173319\roslyn\block-003\attempt-01\C-candidate-compat\benchmark\coordinator-all-normal-r1\high1\high1.binlog","C:\perf\results\priority-pr-primary-authoritative-20260723-173319\roslyn\block-003\attempt-01\C-candidate-compat\benchmark\coordinator-all-normal-r1\runs.csv","C:\perf\results\priority-pr-primary-authoritative-20260723-173319\roslyn\block-003\attempt-01\C-candidate-compat\monitor\system.csv","C:\perf\results\priority-pr-primary-authoritative-20260723-173319\roslyn\block-003\attempt-01\C-candidate-compat\monitor\processes.csv","C:\perf\results\priority-pr-primary-authoritative-20260723-173319\roslyn\block-003\attempt-01\C-candidate-compat\monitor\probes.csv"
"roslyn","solution-propagated","3","2","False","1","3","A-no-coordinator","170.67",,"180.88","185.93","15.26","8.0925726","8.0925726","5","30","3","8.0925726","5.1416991","7.0028752","10072.26953125","225","3199.286","13697.78125","8333.75","165","1580.4375","8","C:\perf\results\priority-pr-primary-authoritative-20260723-173319\roslyn\block-003\attempt-01\A-no-coordinator\benchmark\no-coordinator-r1\normal1\normal1.binlog;C:\perf\results\priority-pr-primary-authoritative-20260723-173319\roslyn\block-003\attempt-01\A-no-coordinator\benchmark\no-coordinator-r1\normal2\normal2.binlog;C:\perf\results\priority-pr-primary-authoritative-20260723-173319\roslyn\block-003\attempt-01\A-no-coordinator\benchmark\no-coordinator-r1\normal3\normal3.binlog;C:\perf\results\priority-pr-primary-authoritative-20260723-173319\roslyn\block-003\attempt-01\A-no-coordinator\benchmark\no-coordinator-r1\normal4\normal4.binlog;C:\perf\results\priority-pr-primary-authoritative-20260723-173319\roslyn\block-003\attempt-01\A-no-coordinator\benchmark\no-coordinator-r1\high1\high1.binlog","C:\perf\results\priority-pr-primary-authoritative-20260723-173319\roslyn\block-003\attempt-01\A-no-coordinator\benchmark\no-coordinator-r1\runs.csv","C:\perf\results\priority-pr-primary-authoritative-20260723-173319\roslyn\block-003\attempt-01\A-no-coordinator\monitor\system.csv","C:\perf\results\priority-pr-primary-authoritative-20260723-173319\roslyn\block-003\attempt-01\A-no-coordinator\monitor\processes.csv","C:\perf\results\priority-pr-primary-authoritative-20260723-173319\roslyn\block-003\attempt-01\A-no-coordinator\monitor\probes.csv"
"roslyn","solution-propagated","3","2","False","1","4","D-candidate-default-normal","140.74",,"104.74","156.41","15.44","4.019112","4.019112","5","30","0",,"5.0303904","5.0391503","5271.8046875","101","3396.075","6198.375","4980.77734375","37","1551.453125","8","C:\perf\results\priority-pr-primary-authoritative-20260723-173319\roslyn\block-003\attempt-01\D-candidate-default-normal\benchmark\coordinator-all-normal-r1\normal1\normal1.binlog;C:\perf\results\priority-pr-primary-authoritative-20260723-173319\roslyn\block-003\attempt-01\D-candidate-default-normal\benchmark\coordinator-all-normal-r1\normal2\normal2.binlog;C:\perf\results\priority-pr-primary-authoritative-20260723-173319\roslyn\block-003\attempt-01\D-candidate-default-normal\benchmark\coordinator-all-normal-r1\normal3\normal3.binlog;C:\perf\results\priority-pr-primary-authoritative-20260723-173319\roslyn\block-003\attempt-01\D-candidate-default-normal\benchmark\coordinator-all-normal-r1\normal4\normal4.binlog;C:\perf\results\priority-pr-primary-authoritative-20260723-173319\roslyn\block-003\attempt-01\D-candidate-default-normal\benchmark\coordinator-all-normal-r1\high1\high1.binlog","C:\perf\results\priority-pr-primary-authoritative-20260723-173319\roslyn\block-003\attempt-01\D-candidate-default-normal\benchmark\coordinator-all-normal-r1\runs.csv","C:\perf\results\priority-pr-primary-authoritative-20260723-173319\roslyn\block-003\attempt-01\D-candidate-default-normal\monitor\system.csv","C:\perf\results\priority-pr-primary-authoritative-20260723-173319\roslyn\block-003\attempt-01\D-candidate-default-normal\monitor\processes.csv","C:\perf\results\priority-pr-primary-authoritative-20260723-173319\roslyn\block-003\attempt-01\D-candidate-default-normal\monitor\probes.csv"
"roslyn","solution-propagated","3","2","False","1","5","E-candidate-default-high","100.99",,"116.44","148.89","15.51","2.1475427","2.1475427","5","30","0",,"5.0385908","5.2282669","5562.1640625","83","3378.166","6562.12109375","5022","45","1556.85546875","8","C:\perf\results\priority-pr-primary-authoritative-20260723-173319\roslyn\block-003\attempt-01\E-candidate-default-high\benchmark\coordinator-priority-r1\normal1\normal1.binlog;C:\perf\results\priority-pr-primary-authoritative-20260723-173319\roslyn\block-003\attempt-01\E-candidate-default-high\benchmark\coordinator-priority-r1\normal2\normal2.binlog;C:\perf\results\priority-pr-primary-authoritative-20260723-173319\roslyn\block-003\attempt-01\E-candidate-default-high\benchmark\coordinator-priority-r1\normal3\normal3.binlog;C:\perf\results\priority-pr-primary-authoritative-20260723-173319\roslyn\block-003\attempt-01\E-candidate-default-high\benchmark\coordinator-priority-r1\normal4\normal4.binlog;C:\perf\results\priority-pr-primary-authoritative-20260723-173319\roslyn\block-003\attempt-01\E-candidate-default-high\benchmark\coordinator-priority-r1\high1\high1.binlog","C:\perf\results\priority-pr-primary-authoritative-20260723-173319\roslyn\block-003\attempt-01\E-candidate-default-high\benchmark\coordinator-priority-r1\runs.csv","C:\perf\results\priority-pr-primary-authoritative-20260723-173319\roslyn\block-003\attempt-01\E-candidate-default-high\monitor\system.csv","C:\perf\results\priority-pr-primary-authoritative-20260723-173319\roslyn\block-003\attempt-01\E-candidate-default-high\monitor\processes.csv","C:\perf\results\priority-pr-primary-authoritative-20260723-173319\roslyn\block-003\attempt-01\E-candidate-default-high\monitor\probes.csv"
"roslyn","solution-propagated","4","3","False","1","1","C-candidate-compat","207.5",,"179.1","225.58","15.39","2.6721117","2.6721117","5","30","0",,"5.0425587","5.0373259","5347.7890625","77","2009.822","5983.078125","4556.7734375","40","1611.0234375","8","C:\perf\results\priority-pr-primary-authoritative-20260723-173319\roslyn\block-004\attempt-01\C-candidate-compat\benchmark\coordinator-all-normal-r1\normal1\normal1.binlog;C:\perf\results\priority-pr-primary-authoritative-20260723-173319\roslyn\block-004\attempt-01\C-candidate-compat\benchmark\coordinator-all-normal-r1\normal2\normal2.binlog;C:\perf\results\priority-pr-primary-authoritative-20260723-173319\roslyn\block-004\attempt-01\C-candidate-compat\benchmark\coordinator-all-normal-r1\normal3\normal3.binlog;C:\perf\results\priority-pr-primary-authoritative-20260723-173319\roslyn\block-004\attempt-01\C-candidate-compat\benchmark\coordinator-all-normal-r1\normal4\normal4.binlog;C:\perf\results\priority-pr-primary-authoritative-20260723-173319\roslyn\block-004\attempt-01\C-candidate-compat\benchmark\coordinator-all-normal-r1\high1\high1.binlog","C:\perf\results\priority-pr-primary-authoritative-20260723-173319\roslyn\block-004\attempt-01\C-candidate-compat\benchmark\coordinator-all-normal-r1\runs.csv","C:\perf\results\priority-pr-primary-authoritative-20260723-173319\roslyn\block-004\attempt-01\C-candidate-compat\monitor\system.csv","C:\perf\results\priority-pr-primary-authoritative-20260723-173319\roslyn\block-004\attempt-01\C-candidate-compat\monitor\processes.csv","C:\perf\results\priority-pr-primary-authoritative-20260723-173319\roslyn\block-004\attempt-01\C-candidate-compat\monitor\probes.csv"
"roslyn","solution-propagated","4","3","False","1","2","D-candidate-default-normal","139.73",,"109.6","163.8","15.47","2.3838599","2.3838599","5","30","0",,"5.0614722","6.6237641","5207.54296875","107","4543.44","5866.93359375","4616.47265625","37","1602.44140625","11","C:\perf\results\priority-pr-primary-authoritative-20260723-173319\roslyn\block-004\attempt-01\D-candidate-default-normal\benchmark\coordinator-all-normal-r1\normal1\normal1.binlog;C:\perf\results\priority-pr-primary-authoritative-20260723-173319\roslyn\block-004\attempt-01\D-candidate-default-normal\benchmark\coordinator-all-normal-r1\normal2\normal2.binlog;C:\perf\results\priority-pr-primary-authoritative-20260723-173319\roslyn\block-004\attempt-01\D-candidate-default-normal\benchmark\coordinator-all-normal-r1\normal3\normal3.binlog;C:\perf\results\priority-pr-primary-authoritative-20260723-173319\roslyn\block-004\attempt-01\D-candidate-default-normal\benchmark\coordinator-all-normal-r1\normal4\normal4.binlog;C:\perf\results\priority-pr-primary-authoritative-20260723-173319\roslyn\block-004\attempt-01\D-candidate-default-normal\benchmark\coordinator-all-normal-r1\high1\high1.binlog","C:\perf\results\priority-pr-primary-authoritative-20260723-173319\roslyn\block-004\attempt-01\D-candidate-default-normal\benchmark\coordinator-all-normal-r1\runs.csv","C:\perf\results\priority-pr-primary-authoritative-20260723-173319\roslyn\block-004\attempt-01\D-candidate-default-normal\monitor\system.csv","C:\perf\results\priority-pr-primary-authoritative-20260723-173319\roslyn\block-004\attempt-01\D-candidate-default-normal\monitor\processes.csv","C:\perf\results\priority-pr-primary-authoritative-20260723-173319\roslyn\block-004\attempt-01\D-candidate-default-normal\monitor\probes.csv"
"roslyn","solution-propagated","4","3","False","1","3","B-base-coordinator","168.69",,"161.75","206.46","15.35","2.9205995","2.9205995","5","30","0",,"5.0776431","5.0803379","6584.85546875","92","2629.393","7245.0234375","5622.37890625","44","1610.609375","10","C:\perf\results\priority-pr-primary-authoritative-20260723-173319\roslyn\block-004\attempt-01\B-base-coordinator\benchmark\coordinator-all-normal-r1\normal1\normal1.binlog;C:\perf\results\priority-pr-primary-authoritative-20260723-173319\roslyn\block-004\attempt-01\B-base-coordinator\benchmark\coordinator-all-normal-r1\normal2\normal2.binlog;C:\perf\results\priority-pr-primary-authoritative-20260723-173319\roslyn\block-004\attempt-01\B-base-coordinator\benchmark\coordinator-all-normal-r1\normal3\normal3.binlog;C:\perf\results\priority-pr-primary-authoritative-20260723-173319\roslyn\block-004\attempt-01\B-base-coordinator\benchmark\coordinator-all-normal-r1\normal4\normal4.binlog;C:\perf\results\priority-pr-primary-authoritative-20260723-173319\roslyn\block-004\attempt-01\B-base-coordinator\benchmark\coordinator-all-normal-r1\high1\high1.binlog","C:\perf\results\priority-pr-primary-authoritative-20260723-173319\roslyn\block-004\attempt-01\B-base-coordinator\benchmark\coordinator-all-normal-r1\runs.csv","C:\perf\results\priority-pr-primary-authoritative-20260723-173319\roslyn\block-004\attempt-01\B-base-coordinator\monitor\system.csv","C:\perf\results\priority-pr-primary-authoritative-20260723-173319\roslyn\block-004\attempt-01\B-base-coordinator\monitor\processes.csv","C:\perf\results\priority-pr-primary-authoritative-20260723-173319\roslyn\block-004\attempt-01\B-base-coordinator\monitor\probes.csv"
"roslyn","solution-propagated","4","3","False","1","4","E-candidate-default-high","141.7",,"140.31","182.16","15.35","3.1988751","3.1988751","5","30","0",,"5.0395964","5.0386501","5581.0703125","89","1771.632","6358.65234375","4908.23828125","43","1605.61328125","8","C:\perf\results\priority-pr-primary-authoritative-20260723-173319\roslyn\block-004\attempt-01\E-candidate-default-high\benchmark\coordinator-priority-r1\normal1\normal1.binlog;C:\perf\results\priority-pr-primary-authoritative-20260723-173319\roslyn\block-004\attempt-01\E-candidate-default-high\benchmark\coordinator-priority-r1\normal2\normal2.binlog;C:\perf\results\priority-pr-primary-authoritative-20260723-173319\roslyn\block-004\attempt-01\E-candidate-default-high\benchmark\coordinator-priority-r1\normal3\normal3.binlog;C:\perf\results\priority-pr-primary-authoritative-20260723-173319\roslyn\block-004\attempt-01\E-candidate-default-high\benchmark\coordinator-priority-r1\normal4\normal4.binlog;C:\perf\results\priority-pr-primary-authoritative-20260723-173319\roslyn\block-004\attempt-01\E-candidate-default-high\benchmark\coordinator-priority-r1\high1\high1.binlog","C:\perf\results\priority-pr-primary-authoritative-20260723-173319\roslyn\block-004\attempt-01\E-candidate-default-high\benchmark\coordinator-priority-r1\runs.csv","C:\perf\results\priority-pr-primary-authoritative-20260723-173319\roslyn\block-004\attempt-01\E-candidate-default-high\monitor\system.csv","C:\perf\results\priority-pr-primary-authoritative-20260723-173319\roslyn\block-004\attempt-01\E-candidate-default-high\monitor\processes.csv","C:\perf\results\priority-pr-primary-authoritative-20260723-173319\roslyn\block-004\attempt-01\E-candidate-default-high\monitor\probes.csv"
"roslyn","solution-propagated","4","3","False","1","5","A-no-coordinator","166.01",,"181.06","182.86","15.17","6.456369","6.456369","5","30","5","6.456369","5.1023017","7.4823811","10304.109375","244","3564.303","14369.515625","8915.765625","167","1592.00390625","8","C:\perf\results\priority-pr-primary-authoritative-20260723-173319\roslyn\block-004\attempt-01\A-no-coordinator\benchmark\no-coordinator-r1\normal1\normal1.binlog;C:\perf\results\priority-pr-primary-authoritative-20260723-173319\roslyn\block-004\attempt-01\A-no-coordinator\benchmark\no-coordinator-r1\normal2\normal2.binlog;C:\perf\results\priority-pr-primary-authoritative-20260723-173319\roslyn\block-004\attempt-01\A-no-coordinator\benchmark\no-coordinator-r1\normal3\normal3.binlog;C:\perf\results\priority-pr-primary-authoritative-20260723-173319\roslyn\block-004\attempt-01\A-no-coordinator\benchmark\no-coordinator-r1\normal4\normal4.binlog;C:\perf\results\priority-pr-primary-authoritative-20260723-173319\roslyn\block-004\attempt-01\A-no-coordinator\benchmark\no-coordinator-r1\high1\high1.binlog","C:\perf\results\priority-pr-primary-authoritative-20260723-173319\roslyn\block-004\attempt-01\A-no-coordinator\benchmark\no-coordinator-r1\runs.csv","C:\perf\results\priority-pr-primary-authoritative-20260723-173319\roslyn\block-004\attempt-01\A-no-coordinator\monitor\system.csv","C:\perf\results\priority-pr-primary-authoritative-20260723-173319\roslyn\block-004\attempt-01\A-no-coordinator\monitor\processes.csv","C:\perf\results\priority-pr-primary-authoritative-20260723-173319\roslyn\block-004\attempt-01\A-no-coordinator\monitor\probes.csv"
"roslyn","solution-propagated","5","4","False","1","1","D-candidate-default-normal","139.78",,"104.94","155.2","15.42","3.2224697","3.2224697","5","30","0",,"5.041317","5.0422498","5434.1796875","91","2835.608","6126.1875","4902.078125","37","1565.43359375","8","C:\perf\results\priority-pr-primary-authoritative-20260723-173319\roslyn\block-005\attempt-01\D-candidate-default-normal\benchmark\coordinator-all-normal-r1\normal1\normal1.binlog;C:\perf\results\priority-pr-primary-authoritative-20260723-173319\roslyn\block-005\attempt-01\D-candidate-default-normal\benchmark\coordinator-all-normal-r1\normal2\normal2.binlog;C:\perf\results\priority-pr-primary-authoritative-20260723-173319\roslyn\block-005\attempt-01\D-candidate-default-normal\benchmark\coordinator-all-normal-r1\normal3\normal3.binlog;C:\perf\results\priority-pr-primary-authoritative-20260723-173319\roslyn\block-005\attempt-01\D-candidate-default-normal\benchmark\coordinator-all-normal-r1\normal4\normal4.binlog;C:\perf\results\priority-pr-primary-authoritative-20260723-173319\roslyn\block-005\attempt-01\D-candidate-default-normal\benchmark\coordinator-all-normal-r1\high1\high1.binlog","C:\perf\results\priority-pr-primary-authoritative-20260723-173319\roslyn\block-005\attempt-01\D-candidate-default-normal\benchmark\coordinator-all-normal-r1\runs.csv","C:\perf\results\priority-pr-primary-authoritative-20260723-173319\roslyn\block-005\attempt-01\D-candidate-default-normal\monitor\system.csv","C:\perf\results\priority-pr-primary-authoritative-20260723-173319\roslyn\block-005\attempt-01\D-candidate-default-normal\monitor\processes.csv","C:\perf\results\priority-pr-primary-authoritative-20260723-173319\roslyn\block-005\attempt-01\D-candidate-default-normal\monitor\probes.csv"
"roslyn","solution-propagated","5","4","False","1","2","E-candidate-default-high","142.52",,"131.48","180.78","15.45","2.0461214","2.0461214","5","30","0",,"5.0432396","6.993933","5840.453125","120","4596.33","6442.09375","5013.2890625","45","1631.70703125","8","C:\perf\results\priority-pr-primary-authoritative-20260723-173319\roslyn\block-005\attempt-01\E-candidate-default-high\benchmark\coordinator-priority-r1\normal1\normal1.binlog;C:\perf\results\priority-pr-primary-authoritative-20260723-173319\roslyn\block-005\attempt-01\E-candidate-default-high\benchmark\coordinator-priority-r1\normal2\normal2.binlog;C:\perf\results\priority-pr-primary-authoritative-20260723-173319\roslyn\block-005\attempt-01\E-candidate-default-high\benchmark\coordinator-priority-r1\normal3\normal3.binlog;C:\perf\results\priority-pr-primary-authoritative-20260723-173319\roslyn\block-005\attempt-01\E-candidate-default-high\benchmark\coordinator-priority-r1\normal4\normal4.binlog;C:\perf\results\priority-pr-primary-authoritative-20260723-173319\roslyn\block-005\attempt-01\E-candidate-default-high\benchmark\coordinator-priority-r1\high1\high1.binlog","C:\perf\results\priority-pr-primary-authoritative-20260723-173319\roslyn\block-005\attempt-01\E-candidate-default-high\benchmark\coordinator-priority-r1\runs.csv","C:\perf\results\priority-pr-primary-authoritative-20260723-173319\roslyn\block-005\attempt-01\E-candidate-default-high\monitor\system.csv","C:\perf\results\priority-pr-primary-authoritative-20260723-173319\roslyn\block-005\attempt-01\E-candidate-default-high\monitor\processes.csv","C:\perf\results\priority-pr-primary-authoritative-20260723-173319\roslyn\block-005\attempt-01\E-candidate-default-high\monitor\probes.csv"
"roslyn","solution-propagated","5","4","False","1","3","C-candidate-compat","164.21",,"159.23","203.12","15.4","2.7357787","2.7357787","5","30","0",,"5.0599278","5.5717691","5841.62109375","124","4340.064","7020.69921875","5477.33984375","44","1568.41015625","8","C:\perf\results\priority-pr-primary-authoritative-20260723-173319\roslyn\block-005\attempt-01\C-candidate-compat\benchmark\coordinator-all-normal-r1\normal1\normal1.binlog;C:\perf\results\priority-pr-primary-authoritative-20260723-173319\roslyn\block-005\attempt-01\C-candidate-compat\benchmark\coordinator-all-normal-r1\normal2\normal2.binlog;C:\perf\results\priority-pr-primary-authoritative-20260723-173319\roslyn\block-005\attempt-01\C-candidate-compat\benchmark\coordinator-all-normal-r1\normal3\normal3.binlog;C:\perf\results\priority-pr-primary-authoritative-20260723-173319\roslyn\block-005\attempt-01\C-candidate-compat\benchmark\coordinator-all-normal-r1\normal4\normal4.binlog;C:\perf\results\priority-pr-primary-authoritative-20260723-173319\roslyn\block-005\attempt-01\C-candidate-compat\benchmark\coordinator-all-normal-r1\high1\high1.binlog","C:\perf\results\priority-pr-primary-authoritative-20260723-173319\roslyn\block-005\attempt-01\C-candidate-compat\benchmark\coordinator-all-normal-r1\runs.csv","C:\perf\results\priority-pr-primary-authoritative-20260723-173319\roslyn\block-005\attempt-01\C-candidate-compat\monitor\system.csv","C:\perf\results\priority-pr-primary-authoritative-20260723-173319\roslyn\block-005\attempt-01\C-candidate-compat\monitor\processes.csv","C:\perf\results\priority-pr-primary-authoritative-20260723-173319\roslyn\block-005\attempt-01\C-candidate-compat\monitor\probes.csv"
"roslyn","solution-propagated","5","4","False","1","4","A-no-coordinator","163.35",,"171.66","178.82","15.47","10.4414061","10.4414061","5","30","3","10.4414061","5.1443469","7.8807672","9688.30859375","256","3113.968","13449.0703125","8102.00390625","165","1610.34375","10","C:\perf\results\priority-pr-primary-authoritative-20260723-173319\roslyn\block-005\attempt-01\A-no-coordinator\benchmark\no-coordinator-r1\normal1\normal1.binlog;C:\perf\results\priority-pr-primary-authoritative-20260723-173319\roslyn\block-005\attempt-01\A-no-coordinator\benchmark\no-coordinator-r1\normal2\normal2.binlog;C:\perf\results\priority-pr-primary-authoritative-20260723-173319\roslyn\block-005\attempt-01\A-no-coordinator\benchmark\no-coordinator-r1\normal3\normal3.binlog;C:\perf\results\priority-pr-primary-authoritative-20260723-173319\roslyn\block-005\attempt-01\A-no-coordinator\benchmark\no-coordinator-r1\normal4\normal4.binlog;C:\perf\results\priority-pr-primary-authoritative-20260723-173319\roslyn\block-005\attempt-01\A-no-coordinator\benchmark\no-coordinator-r1\high1\high1.binlog","C:\perf\results\priority-pr-primary-authoritative-20260723-173319\roslyn\block-005\attempt-01\A-no-coordinator\benchmark\no-coordinator-r1\runs.csv","C:\perf\results\priority-pr-primary-authoritative-20260723-173319\roslyn\block-005\attempt-01\A-no-coordinator\monitor\system.csv","C:\perf\results\priority-pr-primary-authoritative-20260723-173319\roslyn\block-005\attempt-01\A-no-coordinator\monitor\processes.csv","C:\perf\results\priority-pr-primary-authoritative-20260723-173319\roslyn\block-005\attempt-01\A-no-coordinator\monitor\probes.csv"
"roslyn","solution-propagated","5","4","False","1","5","B-base-coordinator","190.6",,"166.18","215.08","15.36","2.6035757","2.6035757","5","30","0",,"5.0325786","6.357757","5819.640625","105","3542.135","6473.61328125","4965.13671875","42","1610.09375","8","C:\perf\results\priority-pr-primary-authoritative-20260723-173319\roslyn\block-005\attempt-01\B-base-coordinator\benchmark\coordinator-all-normal-r1\normal1\normal1.binlog;C:\perf\results\priority-pr-primary-authoritative-20260723-173319\roslyn\block-005\attempt-01\B-base-coordinator\benchmark\coordinator-all-normal-r1\normal2\normal2.binlog;C:\perf\results\priority-pr-primary-authoritative-20260723-173319\roslyn\block-005\attempt-01\B-base-coordinator\benchmark\coordinator-all-normal-r1\normal3\normal3.binlog;C:\perf\results\priority-pr-primary-authoritative-20260723-173319\roslyn\block-005\attempt-01\B-base-coordinator\benchmark\coordinator-all-normal-r1\normal4\normal4.binlog;C:\perf\results\priority-pr-primary-authoritative-20260723-173319\roslyn\block-005\attempt-01\B-base-coordinator\benchmark\coordinator-all-normal-r1\high1\high1.binlog","C:\perf\results\priority-pr-primary-authoritative-20260723-173319\roslyn\block-005\attempt-01\B-base-coordinator\benchmark\coordinator-all-normal-r1\runs.csv","C:\perf\results\priority-pr-primary-authoritative-20260723-173319\roslyn\block-005\attempt-01\B-base-coordinator\monitor\system.csv","C:\perf\results\priority-pr-primary-authoritative-20260723-173319\roslyn\block-005\attempt-01\B-base-coordinator\monitor\processes.csv","C:\perf\results\priority-pr-primary-authoritative-20260723-173319\roslyn\block-005\attempt-01\B-base-coordinator\monitor\probes.csv"
"roslyn","solution-propagated","6","5","False","1","1","E-candidate-default-high","130.77",,"143.44","188.06","15.3","2.6860527","2.6860527","5","30","0",,"5.2128184","5.0402966","4507.9765625","70","1630.075","5230.8671875","3885.484375","41","1577.8203125","8","C:\perf\results\priority-pr-primary-authoritative-20260723-173319\roslyn\block-006\attempt-01\E-candidate-default-high\benchmark\coordinator-priority-r1\normal1\normal1.binlog;C:\perf\results\priority-pr-primary-authoritative-20260723-173319\roslyn\block-006\attempt-01\E-candidate-default-high\benchmark\coordinator-priority-r1\normal2\normal2.binlog;C:\perf\results\priority-pr-primary-authoritative-20260723-173319\roslyn\block-006\attempt-01\E-candidate-default-high\benchmark\coordinator-priority-r1\normal3\normal3.binlog;C:\perf\results\priority-pr-primary-authoritative-20260723-173319\roslyn\block-006\attempt-01\E-candidate-default-high\benchmark\coordinator-priority-r1\normal4\normal4.binlog;C:\perf\results\priority-pr-primary-authoritative-20260723-173319\roslyn\block-006\attempt-01\E-candidate-default-high\benchmark\coordinator-priority-r1\high1\high1.binlog","C:\perf\results\priority-pr-primary-authoritative-20260723-173319\roslyn\block-006\attempt-01\E-candidate-default-high\benchmark\coordinator-priority-r1\runs.csv","C:\perf\results\priority-pr-primary-authoritative-20260723-173319\roslyn\block-006\attempt-01\E-candidate-default-high\monitor\system.csv","C:\perf\results\priority-pr-primary-authoritative-20260723-173319\roslyn\block-006\attempt-01\E-candidate-default-high\monitor\processes.csv","C:\perf\results\priority-pr-primary-authoritative-20260723-173319\roslyn\block-006\attempt-01\E-candidate-default-high\monitor\probes.csv"
"roslyn","solution-propagated","6","5","False","1","2","A-no-coordinator","172.04",,"184.92","187.36","15.32","7.2325982","7.2325982","5","30","5","7.2325982","5.1803721","7.0685697","10632.20703125","262","5940.37","14267.265625","8889.5703125","165","1581.640625","8","C:\perf\results\priority-pr-primary-authoritative-20260723-173319\roslyn\block-006\attempt-01\A-no-coordinator\benchmark\no-coordinator-r1\normal1\normal1.binlog;C:\perf\results\priority-pr-primary-authoritative-20260723-173319\roslyn\block-006\attempt-01\A-no-coordinator\benchmark\no-coordinator-r1\normal2\normal2.binlog;C:\perf\results\priority-pr-primary-authoritative-20260723-173319\roslyn\block-006\attempt-01\A-no-coordinator\benchmark\no-coordinator-r1\normal3\normal3.binlog;C:\perf\results\priority-pr-primary-authoritative-20260723-173319\roslyn\block-006\attempt-01\A-no-coordinator\benchmark\no-coordinator-r1\normal4\normal4.binlog;C:\perf\results\priority-pr-primary-authoritative-20260723-173319\roslyn\block-006\attempt-01\A-no-coordinator\benchmark\no-coordinator-r1\high1\high1.binlog","C:\perf\results\priority-pr-primary-authoritative-20260723-173319\roslyn\block-006\attempt-01\A-no-coordinator\benchmark\no-coordinator-r1\runs.csv","C:\perf\results\priority-pr-primary-authoritative-20260723-173319\roslyn\block-006\attempt-01\A-no-coordinator\monitor\system.csv","C:\perf\results\priority-pr-primary-authoritative-20260723-173319\roslyn\block-006\attempt-01\A-no-coordinator\monitor\processes.csv","C:\perf\results\priority-pr-primary-authoritative-20260723-173319\roslyn\block-006\attempt-01\A-no-coordinator\monitor\probes.csv"
"roslyn","solution-propagated","6","5","False","1","3","D-candidate-default-normal","140.77",,"103.94","155.86","15.09","6.3178917","6.3178917","5","30","1","6.3178917","9.8326864","9.8026072","5401.49609375","83","3063.487","5963.17578125","4782.5","37","1561.6953125","8","C:\perf\results\priority-pr-primary-authoritative-20260723-173319\roslyn\block-006\attempt-01\D-candidate-default-normal\benchmark\coordinator-all-normal-r1\normal1\normal1.binlog;C:\perf\results\priority-pr-primary-authoritative-20260723-173319\roslyn\block-006\attempt-01\D-candidate-default-normal\benchmark\coordinator-all-normal-r1\normal2\normal2.binlog;C:\perf\results\priority-pr-primary-authoritative-20260723-173319\roslyn\block-006\attempt-01\D-candidate-default-normal\benchmark\coordinator-all-normal-r1\normal3\normal3.binlog;C:\perf\results\priority-pr-primary-authoritative-20260723-173319\roslyn\block-006\attempt-01\D-candidate-default-normal\benchmark\coordinator-all-normal-r1\normal4\normal4.binlog;C:\perf\results\priority-pr-primary-authoritative-20260723-173319\roslyn\block-006\attempt-01\D-candidate-default-normal\benchmark\coordinator-all-normal-r1\high1\high1.binlog","C:\perf\results\priority-pr-primary-authoritative-20260723-173319\roslyn\block-006\attempt-01\D-candidate-default-normal\benchmark\coordinator-all-normal-r1\runs.csv","C:\perf\results\priority-pr-primary-authoritative-20260723-173319\roslyn\block-006\attempt-01\D-candidate-default-normal\monitor\system.csv","C:\perf\results\priority-pr-primary-authoritative-20260723-173319\roslyn\block-006\attempt-01\D-candidate-default-normal\monitor\processes.csv","C:\perf\results\priority-pr-primary-authoritative-20260723-173319\roslyn\block-006\attempt-01\D-candidate-default-normal\monitor\probes.csv"
"roslyn","solution-propagated","6","5","False","1","4","B-base-coordinator","160.55",,"162.53","200.06","15.36","1.9270662","1.9270662","5","30","0",,"5.2890832","5.0387552","5580.1484375","70","1779.362","6180.6953125","4647.16015625","42","1571.203125","8","C:\perf\results\priority-pr-primary-authoritative-20260723-173319\roslyn\block-006\attempt-01\B-base-coordinator\benchmark\coordinator-all-normal-r1\normal1\normal1.binlog;C:\perf\results\priority-pr-primary-authoritative-20260723-173319\roslyn\block-006\attempt-01\B-base-coordinator\benchmark\coordinator-all-normal-r1\normal2\normal2.binlog;C:\perf\results\priority-pr-primary-authoritative-20260723-173319\roslyn\block-006\attempt-01\B-base-coordinator\benchmark\coordinator-all-normal-r1\normal3\normal3.binlog;C:\perf\results\priority-pr-primary-authoritative-20260723-173319\roslyn\block-006\attempt-01\B-base-coordinator\benchmark\coordinator-all-normal-r1\normal4\normal4.binlog;C:\perf\results\priority-pr-primary-authoritative-20260723-173319\roslyn\block-006\attempt-01\B-base-coordinator\benchmark\coordinator-all-normal-r1\high1\high1.binlog","C:\perf\results\priority-pr-primary-authoritative-20260723-173319\roslyn\block-006\attempt-01\B-base-coordinator\benchmark\coordinator-all-normal-r1\runs.csv","C:\perf\results\priority-pr-primary-authoritative-20260723-173319\roslyn\block-006\attempt-01\B-base-coordinator\monitor\system.csv","C:\perf\results\priority-pr-primary-authoritative-20260723-173319\roslyn\block-006\attempt-01\B-base-coordinator\monitor\processes.csv","C:\perf\results\priority-pr-primary-authoritative-20260723-173319\roslyn\block-006\attempt-01\B-base-coordinator\monitor\probes.csv"
"roslyn","solution-propagated","6","5","False","1","5","C-candidate-compat","159.43",,"156.16","199.18","15.49","2.5314749","2.5314749","5","30","0",,"5.2131206","5.0448601","5886.9765625","103","2047.089","6859.71875","5299.49609375","44","1602.58203125","10","C:\perf\results\priority-pr-primary-authoritative-20260723-173319\roslyn\block-006\attempt-01\C-candidate-compat\benchmark\coordinator-all-normal-r1\normal1\normal1.binlog;C:\perf\results\priority-pr-primary-authoritative-20260723-173319\roslyn\block-006\attempt-01\C-candidate-compat\benchmark\coordinator-all-normal-r1\normal2\normal2.binlog;C:\perf\results\priority-pr-primary-authoritative-20260723-173319\roslyn\block-006\attempt-01\C-candidate-compat\benchmark\coordinator-all-normal-r1\normal3\normal3.binlog;C:\perf\results\priority-pr-primary-authoritative-20260723-173319\roslyn\block-006\attempt-01\C-candidate-compat\benchmark\coordinator-all-normal-r1\normal4\normal4.binlog;C:\perf\results\priority-pr-primary-authoritative-20260723-173319\roslyn\block-006\attempt-01\C-candidate-compat\benchmark\coordinator-all-normal-r1\high1\high1.binlog","C:\perf\results\priority-pr-primary-authoritative-20260723-173319\roslyn\block-006\attempt-01\C-candidate-compat\benchmark\coordinator-all-normal-r1\runs.csv","C:\perf\results\priority-pr-primary-authoritative-20260723-173319\roslyn\block-006\attempt-01\C-candidate-compat\monitor\system.csv","C:\perf\results\priority-pr-primary-authoritative-20260723-173319\roslyn\block-006\attempt-01\C-candidate-compat\monitor\processes.csv","C:\perf\results\priority-pr-primary-authoritative-20260723-173319\roslyn\block-006\attempt-01\C-candidate-compat\monitor\probes.csv"
"roslyn","solution-propagated","7","6","False","1","1","D-candidate-default-normal","141.94",,"111.15","157.43","15.49","6.050142","6.050142","5","30","3","6.050142","5.1218355","5.1327614","4841.17578125","31","2070.162","5778.90625","4558.21875","35","1572.71875","10","C:\perf\results\priority-pr-primary-authoritative-20260723-173319\roslyn\block-007\attempt-01\D-candidate-default-normal\benchmark\coordinator-all-normal-r1\normal1\normal1.binlog;C:\perf\results\priority-pr-primary-authoritative-20260723-173319\roslyn\block-007\attempt-01\D-candidate-default-normal\benchmark\coordinator-all-normal-r1\normal2\normal2.binlog;C:\perf\results\priority-pr-primary-authoritative-20260723-173319\roslyn\block-007\attempt-01\D-candidate-default-normal\benchmark\coordinator-all-normal-r1\normal3\normal3.binlog;C:\perf\results\priority-pr-primary-authoritative-20260723-173319\roslyn\block-007\attempt-01\D-candidate-default-normal\benchmark\coordinator-all-normal-r1\normal4\normal4.binlog;C:\perf\results\priority-pr-primary-authoritative-20260723-173319\roslyn\block-007\attempt-01\D-candidate-default-normal\benchmark\coordinator-all-normal-r1\high1\high1.binlog","C:\perf\results\priority-pr-primary-authoritative-20260723-173319\roslyn\block-007\attempt-01\D-candidate-default-normal\benchmark\coordinator-all-normal-r1\runs.csv","C:\perf\results\priority-pr-primary-authoritative-20260723-173319\roslyn\block-007\attempt-01\D-candidate-default-normal\monitor\system.csv","C:\perf\results\priority-pr-primary-authoritative-20260723-173319\roslyn\block-007\attempt-01\D-candidate-default-normal\monitor\processes.csv","C:\perf\results\priority-pr-primary-authoritative-20260723-173319\roslyn\block-007\attempt-01\D-candidate-default-normal\monitor\probes.csv"
"roslyn","solution-propagated","7","6","False","1","2","C-candidate-compat","152.56",,"165.98","198.46","15.02","2.4607538","2.4607538","5","30","0",,"5.0792404","7.7586545","4948.1796875","89","3287.425","5881.74609375","4531.953125","40","1583.96875","8","C:\perf\results\priority-pr-primary-authoritative-20260723-173319\roslyn\block-007\attempt-01\C-candidate-compat\benchmark\coordinator-all-normal-r1\normal1\normal1.binlog;C:\perf\results\priority-pr-primary-authoritative-20260723-173319\roslyn\block-007\attempt-01\C-candidate-compat\benchmark\coordinator-all-normal-r1\normal2\normal2.binlog;C:\perf\results\priority-pr-primary-authoritative-20260723-173319\roslyn\block-007\attempt-01\C-candidate-compat\benchmark\coordinator-all-normal-r1\normal3\normal3.binlog;C:\perf\results\priority-pr-primary-authoritative-20260723-173319\roslyn\block-007\attempt-01\C-candidate-compat\benchmark\coordinator-all-normal-r1\normal4\normal4.binlog;C:\perf\results\priority-pr-primary-authoritative-20260723-173319\roslyn\block-007\attempt-01\C-candidate-compat\benchmark\coordinator-all-normal-r1\high1\high1.binlog","C:\perf\results\priority-pr-primary-authoritative-20260723-173319\roslyn\block-007\attempt-01\C-candidate-compat\benchmark\coordinator-all-normal-r1\runs.csv","C:\perf\results\priority-pr-primary-authoritative-20260723-173319\roslyn\block-007\attempt-01\C-candidate-compat\monitor\system.csv","C:\perf\results\priority-pr-primary-authoritative-20260723-173319\roslyn\block-007\attempt-01\C-candidate-compat\monitor\processes.csv","C:\perf\results\priority-pr-primary-authoritative-20260723-173319\roslyn\block-007\attempt-01\C-candidate-compat\monitor\probes.csv"
"roslyn","solution-propagated","7","6","False","1","3","E-candidate-default-high","127.76",,"117.01","161.31","15.4","2.8426948","2.8426948","5","30","0",,"5.0407282","5.2164399","5744.74609375","92","4245.923","6265.58984375","4832.49609375","45","1581.1953125","8","C:\perf\results\priority-pr-primary-authoritative-20260723-173319\roslyn\block-007\attempt-01\E-candidate-default-high\benchmark\coordinator-priority-r1\normal1\normal1.binlog;C:\perf\results\priority-pr-primary-authoritative-20260723-173319\roslyn\block-007\attempt-01\E-candidate-default-high\benchmark\coordinator-priority-r1\normal2\normal2.binlog;C:\perf\results\priority-pr-primary-authoritative-20260723-173319\roslyn\block-007\attempt-01\E-candidate-default-high\benchmark\coordinator-priority-r1\normal3\normal3.binlog;C:\perf\results\priority-pr-primary-authoritative-20260723-173319\roslyn\block-007\attempt-01\E-candidate-default-high\benchmark\coordinator-priority-r1\normal4\normal4.binlog;C:\perf\results\priority-pr-primary-authoritative-20260723-173319\roslyn\block-007\attempt-01\E-candidate-default-high\benchmark\coordinator-priority-r1\high1\high1.binlog","C:\perf\results\priority-pr-primary-authoritative-20260723-173319\roslyn\block-007\attempt-01\E-candidate-default-high\benchmark\coordinator-priority-r1\runs.csv","C:\perf\results\priority-pr-primary-authoritative-20260723-173319\roslyn\block-007\attempt-01\E-candidate-default-high\monitor\system.csv","C:\perf\results\priority-pr-primary-authoritative-20260723-173319\roslyn\block-007\attempt-01\E-candidate-default-high\monitor\processes.csv","C:\perf\results\priority-pr-primary-authoritative-20260723-173319\roslyn\block-007\attempt-01\E-candidate-default-high\monitor\probes.csv"
"roslyn","solution-propagated","7","6","False","1","4","B-base-coordinator","178.27",,"163.8","196.12","15.48","3.3390033","3.3390033","5","30","0",,"5.0357625","5.0396321","4573.328125","68","1786.669","5429.9609375","4111.1015625","39","1589.04296875","8","C:\perf\results\priority-pr-primary-authoritative-20260723-173319\roslyn\block-007\attempt-01\B-base-coordinator\benchmark\coordinator-all-normal-r1\normal1\normal1.binlog;C:\perf\results\priority-pr-primary-authoritative-20260723-173319\roslyn\block-007\attempt-01\B-base-coordinator\benchmark\coordinator-all-normal-r1\normal2\normal2.binlog;C:\perf\results\priority-pr-primary-authoritative-20260723-173319\roslyn\block-007\attempt-01\B-base-coordinator\benchmark\coordinator-all-normal-r1\normal3\normal3.binlog;C:\perf\results\priority-pr-primary-authoritative-20260723-173319\roslyn\block-007\attempt-01\B-base-coordinator\benchmark\coordinator-all-normal-r1\normal4\normal4.binlog;C:\perf\results\priority-pr-primary-authoritative-20260723-173319\roslyn\block-007\attempt-01\B-base-coordinator\benchmark\coordinator-all-normal-r1\high1\high1.binlog","C:\perf\results\priority-pr-primary-authoritative-20260723-173319\roslyn\block-007\attempt-01\B-base-coordinator\benchmark\coordinator-all-normal-r1\runs.csv","C:\perf\results\priority-pr-primary-authoritative-20260723-173319\roslyn\block-007\attempt-01\B-base-coordinator\monitor\system.csv","C:\perf\results\priority-pr-primary-authoritative-20260723-173319\roslyn\block-007\attempt-01\B-base-coordinator\monitor\processes.csv","C:\perf\results\priority-pr-primary-authoritative-20260723-173319\roslyn\block-007\attempt-01\B-base-coordinator\monitor\probes.csv"
"roslyn","solution-propagated","7","6","False","1","5","A-no-coordinator","182.78",,"199.84","205.99","15.21","8.652478","8.652478","5","30","2","8.652478","5.1055276","7.4116604","10019.87890625","243","2781.198","13818.48828125","8342.44921875","165","1663.9375","10","C:\perf\results\priority-pr-primary-authoritative-20260723-173319\roslyn\block-007\attempt-01\A-no-coordinator\benchmark\no-coordinator-r1\normal1\normal1.binlog;C:\perf\results\priority-pr-primary-authoritative-20260723-173319\roslyn\block-007\attempt-01\A-no-coordinator\benchmark\no-coordinator-r1\normal2\normal2.binlog;C:\perf\results\priority-pr-primary-authoritative-20260723-173319\roslyn\block-007\attempt-01\A-no-coordinator\benchmark\no-coordinator-r1\normal3\normal3.binlog;C:\perf\results\priority-pr-primary-authoritative-20260723-173319\roslyn\block-007\attempt-01\A-no-coordinator\benchmark\no-coordinator-r1\normal4\normal4.binlog;C:\perf\results\priority-pr-primary-authoritative-20260723-173319\roslyn\block-007\attempt-01\A-no-coordinator\benchmark\no-coordinator-r1\high1\high1.binlog","C:\perf\results\priority-pr-primary-authoritative-20260723-173319\roslyn\block-007\attempt-01\A-no-coordinator\benchmark\no-coordinator-r1\runs.csv","C:\perf\results\priority-pr-primary-authoritative-20260723-173319\roslyn\block-007\attempt-01\A-no-coordinator\monitor\system.csv","C:\perf\results\priority-pr-primary-authoritative-20260723-173319\roslyn\block-007\attempt-01\A-no-coordinator\monitor\processes.csv","C:\perf\results\priority-pr-primary-authoritative-20260723-173319\roslyn\block-007\attempt-01\A-no-coordinator\monitor\probes.csv"
"roslyn","solution-propagated","8","7","False","1","1","E-candidate-default-high","131.1",,"117.94","155.16","15.34","3.9396644","3.9396644","5","30","0",,"5.0661612","5.0520518","6272.80078125","117","2865.679","7103.53515625","5546.84765625","45","1599.24609375","10","C:\perf\results\priority-pr-primary-authoritative-20260723-173319\roslyn\block-008\attempt-01\E-candidate-default-high\benchmark\coordinator-priority-r1\normal1\normal1.binlog;C:\perf\results\priority-pr-primary-authoritative-20260723-173319\roslyn\block-008\attempt-01\E-candidate-default-high\benchmark\coordinator-priority-r1\normal2\normal2.binlog;C:\perf\results\priority-pr-primary-authoritative-20260723-173319\roslyn\block-008\attempt-01\E-candidate-default-high\benchmark\coordinator-priority-r1\normal3\normal3.binlog;C:\perf\results\priority-pr-primary-authoritative-20260723-173319\roslyn\block-008\attempt-01\E-candidate-default-high\benchmark\coordinator-priority-r1\normal4\normal4.binlog;C:\perf\results\priority-pr-primary-authoritative-20260723-173319\roslyn\block-008\attempt-01\E-candidate-default-high\benchmark\coordinator-priority-r1\high1\high1.binlog","C:\perf\results\priority-pr-primary-authoritative-20260723-173319\roslyn\block-008\attempt-01\E-candidate-default-high\benchmark\coordinator-priority-r1\runs.csv","C:\perf\results\priority-pr-primary-authoritative-20260723-173319\roslyn\block-008\attempt-01\E-candidate-default-high\monitor\system.csv","C:\perf\results\priority-pr-primary-authoritative-20260723-173319\roslyn\block-008\attempt-01\E-candidate-default-high\monitor\processes.csv","C:\perf\results\priority-pr-primary-authoritative-20260723-173319\roslyn\block-008\attempt-01\E-candidate-default-high\monitor\probes.csv"
"roslyn","solution-propagated","8","7","False","1","2","D-candidate-default-normal","144",,"110.46","159.01","15.01","3.0260045","3.0260045","5","30","0",,"5.0700652","5.0530172","5275.24609375","81","3810.366","6221.72265625","4973.5","37","1591.2578125","11","C:\perf\results\priority-pr-primary-authoritative-20260723-173319\roslyn\block-008\attempt-01\D-candidate-default-normal\benchmark\coordinator-all-normal-r1\normal1\normal1.binlog;C:\perf\results\priority-pr-primary-authoritative-20260723-173319\roslyn\block-008\attempt-01\D-candidate-default-normal\benchmark\coordinator-all-normal-r1\normal2\normal2.binlog;C:\perf\results\priority-pr-primary-authoritative-20260723-173319\roslyn\block-008\attempt-01\D-candidate-default-normal\benchmark\coordinator-all-normal-r1\normal3\normal3.binlog;C:\perf\results\priority-pr-primary-authoritative-20260723-173319\roslyn\block-008\attempt-01\D-candidate-default-normal\benchmark\coordinator-all-normal-r1\normal4\normal4.binlog;C:\perf\results\priority-pr-primary-authoritative-20260723-173319\roslyn\block-008\attempt-01\D-candidate-default-normal\benchmark\coordinator-all-normal-r1\high1\high1.binlog","C:\perf\results\priority-pr-primary-authoritative-20260723-173319\roslyn\block-008\attempt-01\D-candidate-default-normal\benchmark\coordinator-all-normal-r1\runs.csv","C:\perf\results\priority-pr-primary-authoritative-20260723-173319\roslyn\block-008\attempt-01\D-candidate-default-normal\monitor\system.csv","C:\perf\results\priority-pr-primary-authoritative-20260723-173319\roslyn\block-008\attempt-01\D-candidate-default-normal\monitor\processes.csv","C:\perf\results\priority-pr-primary-authoritative-20260723-173319\roslyn\block-008\attempt-01\D-candidate-default-normal\monitor\probes.csv"
"roslyn","solution-propagated","8","7","False","1","3","A-no-coordinator","173.33",,"185.93","188.74","15.16","7.4438722","7.4438722","5","30","3","7.4438722","5.1510318","7.7416713","10442.13671875","280","4035.967","20242.609375","14235","354","1611.828125","8","C:\perf\results\priority-pr-primary-authoritative-20260723-173319\roslyn\block-008\attempt-01\A-no-coordinator\benchmark\no-coordinator-r1\normal1\normal1.binlog;C:\perf\results\priority-pr-primary-authoritative-20260723-173319\roslyn\block-008\attempt-01\A-no-coordinator\benchmark\no-coordinator-r1\normal2\normal2.binlog;C:\perf\results\priority-pr-primary-authoritative-20260723-173319\roslyn\block-008\attempt-01\A-no-coordinator\benchmark\no-coordinator-r1\normal3\normal3.binlog;C:\perf\results\priority-pr-primary-authoritative-20260723-173319\roslyn\block-008\attempt-01\A-no-coordinator\benchmark\no-coordinator-r1\normal4\normal4.binlog;C:\perf\results\priority-pr-primary-authoritative-20260723-173319\roslyn\block-008\attempt-01\A-no-coordinator\benchmark\no-coordinator-r1\high1\high1.binlog","C:\perf\results\priority-pr-primary-authoritative-20260723-173319\roslyn\block-008\attempt-01\A-no-coordinator\benchmark\no-coordinator-r1\runs.csv","C:\perf\results\priority-pr-primary-authoritative-20260723-173319\roslyn\block-008\attempt-01\A-no-coordinator\monitor\system.csv","C:\perf\results\priority-pr-primary-authoritative-20260723-173319\roslyn\block-008\attempt-01\A-no-coordinator\monitor\processes.csv","C:\perf\results\priority-pr-primary-authoritative-20260723-173319\roslyn\block-008\attempt-01\A-no-coordinator\monitor\probes.csv"
"roslyn","solution-propagated","8","7","False","1","4","C-candidate-compat","158.09",,"160.28","198.32","15.48","5.5487388","5.5487388","5","30","1","5.5487388","5.054455","7.4747494","5867.4609375","74","2597.4","6726.14453125","5280.2265625","43","1591.28125","9","C:\perf\results\priority-pr-primary-authoritative-20260723-173319\roslyn\block-008\attempt-01\C-candidate-compat\benchmark\coordinator-all-normal-r1\normal1\normal1.binlog;C:\perf\results\priority-pr-primary-authoritative-20260723-173319\roslyn\block-008\attempt-01\C-candidate-compat\benchmark\coordinator-all-normal-r1\normal2\normal2.binlog;C:\perf\results\priority-pr-primary-authoritative-20260723-173319\roslyn\block-008\attempt-01\C-candidate-compat\benchmark\coordinator-all-normal-r1\normal3\normal3.binlog;C:\perf\results\priority-pr-primary-authoritative-20260723-173319\roslyn\block-008\attempt-01\C-candidate-compat\benchmark\coordinator-all-normal-r1\normal4\normal4.binlog;C:\perf\results\priority-pr-primary-authoritative-20260723-173319\roslyn\block-008\attempt-01\C-candidate-compat\benchmark\coordinator-all-normal-r1\high1\high1.binlog","C:\perf\results\priority-pr-primary-authoritative-20260723-173319\roslyn\block-008\attempt-01\C-candidate-compat\benchmark\coordinator-all-normal-r1\runs.csv","C:\perf\results\priority-pr-primary-authoritative-20260723-173319\roslyn\block-008\attempt-01\C-candidate-compat\monitor\system.csv","C:\perf\results\priority-pr-primary-authoritative-20260723-173319\roslyn\block-008\attempt-01\C-candidate-compat\monitor\processes.csv","C:\perf\results\priority-pr-primary-authoritative-20260723-173319\roslyn\block-008\attempt-01\C-candidate-compat\monitor\probes.csv"
"roslyn","solution-propagated","8","7","False","1","5","B-base-coordinator","159.2",,"160.48","200.27","15.38","3.6428339","3.6428339","5","30","0",,"5.0572705","6.687742","5992.66796875","64","1699.553","6658.05078125","5191.37890625","42","1573.6328125","9","C:\perf\results\priority-pr-primary-authoritative-20260723-173319\roslyn\block-008\attempt-01\B-base-coordinator\benchmark\coordinator-all-normal-r1\normal1\normal1.binlog;C:\perf\results\priority-pr-primary-authoritative-20260723-173319\roslyn\block-008\attempt-01\B-base-coordinator\benchmark\coordinator-all-normal-r1\normal2\normal2.binlog;C:\perf\results\priority-pr-primary-authoritative-20260723-173319\roslyn\block-008\attempt-01\B-base-coordinator\benchmark\coordinator-all-normal-r1\normal3\normal3.binlog;C:\perf\results\priority-pr-primary-authoritative-20260723-173319\roslyn\block-008\attempt-01\B-base-coordinator\benchmark\coordinator-all-normal-r1\normal4\normal4.binlog;C:\perf\results\priority-pr-primary-authoritative-20260723-173319\roslyn\block-008\attempt-01\B-base-coordinator\benchmark\coordinator-all-normal-r1\high1\high1.binlog","C:\perf\results\priority-pr-primary-authoritative-20260723-173319\roslyn\block-008\attempt-01\B-base-coordinator\benchmark\coordinator-all-normal-r1\runs.csv","C:\perf\results\priority-pr-primary-authoritative-20260723-173319\roslyn\block-008\attempt-01\B-base-coordinator\monitor\system.csv","C:\perf\results\priority-pr-primary-authoritative-20260723-173319\roslyn\block-008\attempt-01\B-base-coordinator\monitor\processes.csv","C:\perf\results\priority-pr-primary-authoritative-20260723-173319\roslyn\block-008\attempt-01\B-base-coordinator\monitor\probes.csv"
"roslyn","solution-propagated","9","8","False","1","1","A-no-coordinator","177.93",,"191.54","193.54","15.18","7.346804","7.346804","5","30","2","7.346804","5.1477696","6.1583089","10536.3671875","264","4337.867","14242.16796875","8758.81640625","165","1617.59765625","8","C:\perf\results\priority-pr-primary-authoritative-20260723-173319\roslyn\block-009\attempt-01\A-no-coordinator\benchmark\no-coordinator-r1\normal1\normal1.binlog;C:\perf\results\priority-pr-primary-authoritative-20260723-173319\roslyn\block-009\attempt-01\A-no-coordinator\benchmark\no-coordinator-r1\normal2\normal2.binlog;C:\perf\results\priority-pr-primary-authoritative-20260723-173319\roslyn\block-009\attempt-01\A-no-coordinator\benchmark\no-coordinator-r1\normal3\normal3.binlog;C:\perf\results\priority-pr-primary-authoritative-20260723-173319\roslyn\block-009\attempt-01\A-no-coordinator\benchmark\no-coordinator-r1\normal4\normal4.binlog;C:\perf\results\priority-pr-primary-authoritative-20260723-173319\roslyn\block-009\attempt-01\A-no-coordinator\benchmark\no-coordinator-r1\high1\high1.binlog","C:\perf\results\priority-pr-primary-authoritative-20260723-173319\roslyn\block-009\attempt-01\A-no-coordinator\benchmark\no-coordinator-r1\runs.csv","C:\perf\results\priority-pr-primary-authoritative-20260723-173319\roslyn\block-009\attempt-01\A-no-coordinator\monitor\system.csv","C:\perf\results\priority-pr-primary-authoritative-20260723-173319\roslyn\block-009\attempt-01\A-no-coordinator\monitor\processes.csv","C:\perf\results\priority-pr-primary-authoritative-20260723-173319\roslyn\block-009\attempt-01\A-no-coordinator\monitor\probes.csv"
"roslyn","solution-propagated","9","8","False","1","2","E-candidate-default-high","142.79",,"139.15","184.76","15.02","2.8566489","2.8566489","5","30","0",,"5.054745","5.1942806","5055.2109375","82","2089.115","6035.64453125","4595.64453125","43","1665.375","11","C:\perf\results\priority-pr-primary-authoritative-20260723-173319\roslyn\block-009\attempt-01\E-candidate-default-high\benchmark\coordinator-priority-r1\normal1\normal1.binlog;C:\perf\results\priority-pr-primary-authoritative-20260723-173319\roslyn\block-009\attempt-01\E-candidate-default-high\benchmark\coordinator-priority-r1\normal2\normal2.binlog;C:\perf\results\priority-pr-primary-authoritative-20260723-173319\roslyn\block-009\attempt-01\E-candidate-default-high\benchmark\coordinator-priority-r1\normal3\normal3.binlog;C:\perf\results\priority-pr-primary-authoritative-20260723-173319\roslyn\block-009\attempt-01\E-candidate-default-high\benchmark\coordinator-priority-r1\normal4\normal4.binlog;C:\perf\results\priority-pr-primary-authoritative-20260723-173319\roslyn\block-009\attempt-01\E-candidate-default-high\benchmark\coordinator-priority-r1\high1\high1.binlog","C:\perf\results\priority-pr-primary-authoritative-20260723-173319\roslyn\block-009\attempt-01\E-candidate-default-high\benchmark\coordinator-priority-r1\runs.csv","C:\perf\results\priority-pr-primary-authoritative-20260723-173319\roslyn\block-009\attempt-01\E-candidate-default-high\monitor\system.csv","C:\perf\results\priority-pr-primary-authoritative-20260723-173319\roslyn\block-009\attempt-01\E-candidate-default-high\monitor\processes.csv","C:\perf\results\priority-pr-primary-authoritative-20260723-173319\roslyn\block-009\attempt-01\E-candidate-default-high\monitor\probes.csv"
"roslyn","solution-propagated","9","8","False","1","3","B-base-coordinator","190.62",,"171.51","206.21","15.43","2.7111099","2.7111099","5","30","0",,"5.0565254","5.0582112","4635.65625","84","2078.713","5344.171875","4037.19921875","39","1638.265625","11","C:\perf\results\priority-pr-primary-authoritative-20260723-173319\roslyn\block-009\attempt-01\B-base-coordinator\benchmark\coordinator-all-normal-r1\normal1\normal1.binlog;C:\perf\results\priority-pr-primary-authoritative-20260723-173319\roslyn\block-009\attempt-01\B-base-coordinator\benchmark\coordinator-all-normal-r1\normal2\normal2.binlog;C:\perf\results\priority-pr-primary-authoritative-20260723-173319\roslyn\block-009\attempt-01\B-base-coordinator\benchmark\coordinator-all-normal-r1\normal3\normal3.binlog;C:\perf\results\priority-pr-primary-authoritative-20260723-173319\roslyn\block-009\attempt-01\B-base-coordinator\benchmark\coordinator-all-normal-r1\normal4\normal4.binlog;C:\perf\results\priority-pr-primary-authoritative-20260723-173319\roslyn\block-009\attempt-01\B-base-coordinator\benchmark\coordinator-all-normal-r1\high1\high1.binlog","C:\perf\results\priority-pr-primary-authoritative-20260723-173319\roslyn\block-009\attempt-01\B-base-coordinator\benchmark\coordinator-all-normal-r1\runs.csv","C:\perf\results\priority-pr-primary-authoritative-20260723-173319\roslyn\block-009\attempt-01\B-base-coordinator\monitor\system.csv","C:\perf\results\priority-pr-primary-authoritative-20260723-173319\roslyn\block-009\attempt-01\B-base-coordinator\monitor\processes.csv","C:\perf\results\priority-pr-primary-authoritative-20260723-173319\roslyn\block-009\attempt-01\B-base-coordinator\monitor\probes.csv"
"roslyn","solution-propagated","9","8","False","1","4","D-candidate-default-normal","142.26",,"114.52","157.74","15.48","5.1306062","5.1306062","5","30","1","5.1306062","5.0954765","5.0885629","4775.97265625","77","2468.401","5527.01171875","4314.6484375","35","1619.05078125","10","C:\perf\results\priority-pr-primary-authoritative-20260723-173319\roslyn\block-009\attempt-01\D-candidate-default-normal\benchmark\coordinator-all-normal-r1\normal1\normal1.binlog;C:\perf\results\priority-pr-primary-authoritative-20260723-173319\roslyn\block-009\attempt-01\D-candidate-default-normal\benchmark\coordinator-all-normal-r1\normal2\normal2.binlog;C:\perf\results\priority-pr-primary-authoritative-20260723-173319\roslyn\block-009\attempt-01\D-candidate-default-normal\benchmark\coordinator-all-normal-r1\normal3\normal3.binlog;C:\perf\results\priority-pr-primary-authoritative-20260723-173319\roslyn\block-009\attempt-01\D-candidate-default-normal\benchmark\coordinator-all-normal-r1\normal4\normal4.binlog;C:\perf\results\priority-pr-primary-authoritative-20260723-173319\roslyn\block-009\attempt-01\D-candidate-default-normal\benchmark\coordinator-all-normal-r1\high1\high1.binlog","C:\perf\results\priority-pr-primary-authoritative-20260723-173319\roslyn\block-009\attempt-01\D-candidate-default-normal\benchmark\coordinator-all-normal-r1\runs.csv","C:\perf\results\priority-pr-primary-authoritative-20260723-173319\roslyn\block-009\attempt-01\D-candidate-default-normal\monitor\system.csv","C:\perf\results\priority-pr-primary-authoritative-20260723-173319\roslyn\block-009\attempt-01\D-candidate-default-normal\monitor\processes.csv","C:\perf\results\priority-pr-primary-authoritative-20260723-173319\roslyn\block-009\attempt-01\D-candidate-default-normal\monitor\probes.csv"
"roslyn","solution-propagated","9","8","False","1","5","C-candidate-compat","169.07",,"155.49","184.49","15.42","2.6039178","2.6039178","5","30","0",,"5.0379481","5.1758516","6638.15625","123","3660.24","7517.30078125","5904.75","46","1589.63671875","10","C:\perf\results\priority-pr-primary-authoritative-20260723-173319\roslyn\block-009\attempt-01\C-candidate-compat\benchmark\coordinator-all-normal-r1\normal1\normal1.binlog;C:\perf\results\priority-pr-primary-authoritative-20260723-173319\roslyn\block-009\attempt-01\C-candidate-compat\benchmark\coordinator-all-normal-r1\normal2\normal2.binlog;C:\perf\results\priority-pr-primary-authoritative-20260723-173319\roslyn\block-009\attempt-01\C-candidate-compat\benchmark\coordinator-all-normal-r1\normal3\normal3.binlog;C:\perf\results\priority-pr-primary-authoritative-20260723-173319\roslyn\block-009\attempt-01\C-candidate-compat\benchmark\coordinator-all-normal-r1\normal4\normal4.binlog;C:\perf\results\priority-pr-primary-authoritative-20260723-173319\roslyn\block-009\attempt-01\C-candidate-compat\benchmark\coordinator-all-normal-r1\high1\high1.binlog","C:\perf\results\priority-pr-primary-authoritative-20260723-173319\roslyn\block-009\attempt-01\C-candidate-compat\benchmark\coordinator-all-normal-r1\runs.csv","C:\perf\results\priority-pr-primary-authoritative-20260723-173319\roslyn\block-009\attempt-01\C-candidate-compat\monitor\system.csv","C:\perf\results\priority-pr-primary-authoritative-20260723-173319\roslyn\block-009\attempt-01\C-candidate-compat\monitor\processes.csv","C:\perf\results\priority-pr-primary-authoritative-20260723-173319\roslyn\block-009\attempt-01\C-candidate-compat\monitor\probes.csv"
"aspire","solution-propagated","1","0","True","1","1","C-candidate-compat","138.8",,"128.53","154.16","15.36","2.9850436","2.9850436","5","30","0",,"5.0598516","5.0815478","4175.66796875","90","3258.257","5234.3046875","3760.76953125","39","1614.15625","11","C:\perf\results\priority-pr-primary-authoritative-20260723-173319\aspire\block-001\attempt-01\C-candidate-compat\benchmark\coordinator-all-normal-r1\normal1\normal1.binlog;C:\perf\results\priority-pr-primary-authoritative-20260723-173319\aspire\block-001\attempt-01\C-candidate-compat\benchmark\coordinator-all-normal-r1\normal2\normal2.binlog;C:\perf\results\priority-pr-primary-authoritative-20260723-173319\aspire\block-001\attempt-01\C-candidate-compat\benchmark\coordinator-all-normal-r1\normal3\normal3.binlog;C:\perf\results\priority-pr-primary-authoritative-20260723-173319\aspire\block-001\attempt-01\C-candidate-compat\benchmark\coordinator-all-normal-r1\normal4\normal4.binlog;C:\perf\results\priority-pr-primary-authoritative-20260723-173319\aspire\block-001\attempt-01\C-candidate-compat\benchmark\coordinator-all-normal-r1\high1\high1.binlog","C:\perf\results\priority-pr-primary-authoritative-20260723-173319\aspire\block-001\attempt-01\C-candidate-compat\benchmark\coordinator-all-normal-r1\runs.csv","C:\perf\results\priority-pr-primary-authoritative-20260723-173319\aspire\block-001\attempt-01\C-candidate-compat\monitor\system.csv","C:\perf\results\priority-pr-primary-authoritative-20260723-173319\aspire\block-001\attempt-01\C-candidate-compat\monitor\processes.csv","C:\perf\results\priority-pr-primary-authoritative-20260723-173319\aspire\block-001\attempt-01\C-candidate-compat\monitor\probes.csv"
"aspire","solution-propagated","1","0","True","1","2","B-base-coordinator","130.25",,"122.26","146.03","15.43","3.2123076","3.2123076","5","30","0",,"5.4300271","6.1234363","4952.65234375","92","3265.494","5361.7890625","3890.875","39","1679.796875","13","C:\perf\results\priority-pr-primary-authoritative-20260723-173319\aspire\block-001\attempt-01\B-base-coordinator\benchmark\coordinator-all-normal-r1\normal1\normal1.binlog;C:\perf\results\priority-pr-primary-authoritative-20260723-173319\aspire\block-001\attempt-01\B-base-coordinator\benchmark\coordinator-all-normal-r1\normal2\normal2.binlog;C:\perf\results\priority-pr-primary-authoritative-20260723-173319\aspire\block-001\attempt-01\B-base-coordinator\benchmark\coordinator-all-normal-r1\normal3\normal3.binlog;C:\perf\results\priority-pr-primary-authoritative-20260723-173319\aspire\block-001\attempt-01\B-base-coordinator\benchmark\coordinator-all-normal-r1\normal4\normal4.binlog;C:\perf\results\priority-pr-primary-authoritative-20260723-173319\aspire\block-001\attempt-01\B-base-coordinator\benchmark\coordinator-all-normal-r1\high1\high1.binlog","C:\perf\results\priority-pr-primary-authoritative-20260723-173319\aspire\block-001\attempt-01\B-base-coordinator\benchmark\coordinator-all-normal-r1\runs.csv","C:\perf\results\priority-pr-primary-authoritative-20260723-173319\aspire\block-001\attempt-01\B-base-coordinator\monitor\system.csv","C:\perf\results\priority-pr-primary-authoritative-20260723-173319\aspire\block-001\attempt-01\B-base-coordinator\monitor\processes.csv","C:\perf\results\priority-pr-primary-authoritative-20260723-173319\aspire\block-001\attempt-01\B-base-coordinator\monitor\probes.csv"
"aspire","solution-propagated","1","0","True","1","3","D-candidate-default-normal","115.85",,"87.6","131.26","15.41","2.0966921","2.0966921","5","30","0",,"5.2596987","5.0410827","3280.87109375","79","3159.985","3981.796875","2788.34375","31","1611.66796875","8","C:\perf\results\priority-pr-primary-authoritative-20260723-173319\aspire\block-001\attempt-01\D-candidate-default-normal\benchmark\coordinator-all-normal-r1\normal1\normal1.binlog;C:\perf\results\priority-pr-primary-authoritative-20260723-173319\aspire\block-001\attempt-01\D-candidate-default-normal\benchmark\coordinator-all-normal-r1\normal2\normal2.binlog;C:\perf\results\priority-pr-primary-authoritative-20260723-173319\aspire\block-001\attempt-01\D-candidate-default-normal\benchmark\coordinator-all-normal-r1\normal3\normal3.binlog;C:\perf\results\priority-pr-primary-authoritative-20260723-173319\aspire\block-001\attempt-01\D-candidate-default-normal\benchmark\coordinator-all-normal-r1\normal4\normal4.binlog;C:\perf\results\priority-pr-primary-authoritative-20260723-173319\aspire\block-001\attempt-01\D-candidate-default-normal\benchmark\coordinator-all-normal-r1\high1\high1.binlog","C:\perf\results\priority-pr-primary-authoritative-20260723-173319\aspire\block-001\attempt-01\D-candidate-default-normal\benchmark\coordinator-all-normal-r1\runs.csv","C:\perf\results\priority-pr-primary-authoritative-20260723-173319\aspire\block-001\attempt-01\D-candidate-default-normal\monitor\system.csv","C:\perf\results\priority-pr-primary-authoritative-20260723-173319\aspire\block-001\attempt-01\D-candidate-default-normal\monitor\processes.csv","C:\perf\results\priority-pr-primary-authoritative-20260723-173319\aspire\block-001\attempt-01\D-candidate-default-normal\monitor\probes.csv"
"aspire","solution-propagated","1","0","True","1","4","A-no-coordinator","125.9",,"139.9","141.09","15.19","7.7455078","7.7455078","5","30","2","7.7455078","5.1734253","7.2425432","10202.41015625","256","5800.095","13984.39453125","8147.4765625","165","1661.4296875","9","C:\perf\results\priority-pr-primary-authoritative-20260723-173319\aspire\block-001\attempt-01\A-no-coordinator\benchmark\no-coordinator-r1\normal1\normal1.binlog;C:\perf\results\priority-pr-primary-authoritative-20260723-173319\aspire\block-001\attempt-01\A-no-coordinator\benchmark\no-coordinator-r1\normal2\normal2.binlog;C:\perf\results\priority-pr-primary-authoritative-20260723-173319\aspire\block-001\attempt-01\A-no-coordinator\benchmark\no-coordinator-r1\normal3\normal3.binlog;C:\perf\results\priority-pr-primary-authoritative-20260723-173319\aspire\block-001\attempt-01\A-no-coordinator\benchmark\no-coordinator-r1\normal4\normal4.binlog;C:\perf\results\priority-pr-primary-authoritative-20260723-173319\aspire\block-001\attempt-01\A-no-coordinator\benchmark\no-coordinator-r1\high1\high1.binlog","C:\perf\results\priority-pr-primary-authoritative-20260723-173319\aspire\block-001\attempt-01\A-no-coordinator\benchmark\no-coordinator-r1\runs.csv","C:\perf\results\priority-pr-primary-authoritative-20260723-173319\aspire\block-001\attempt-01\A-no-coordinator\monitor\system.csv","C:\perf\results\priority-pr-primary-authoritative-20260723-173319\aspire\block-001\attempt-01\A-no-coordinator\monitor\processes.csv","C:\perf\results\priority-pr-primary-authoritative-20260723-173319\aspire\block-001\attempt-01\A-no-coordinator\monitor\probes.csv"
"aspire","solution-propagated","1","0","True","1","5","E-candidate-default-high","93.18",,"96.73","129.88","15.27","2.626118","2.626118","5","30","0",,"5.0336645","5.0499372","3850.05078125","81","4103.225","5004.03125","3533.69140625","39","1608.31640625","9","C:\perf\results\priority-pr-primary-authoritative-20260723-173319\aspire\block-001\attempt-01\E-candidate-default-high\benchmark\coordinator-priority-r1\normal1\normal1.binlog;C:\perf\results\priority-pr-primary-authoritative-20260723-173319\aspire\block-001\attempt-01\E-candidate-default-high\benchmark\coordinator-priority-r1\normal2\normal2.binlog;C:\perf\results\priority-pr-primary-authoritative-20260723-173319\aspire\block-001\attempt-01\E-candidate-default-high\benchmark\coordinator-priority-r1\normal3\normal3.binlog;C:\perf\results\priority-pr-primary-authoritative-20260723-173319\aspire\block-001\attempt-01\E-candidate-default-high\benchmark\coordinator-priority-r1\normal4\normal4.binlog;C:\perf\results\priority-pr-primary-authoritative-20260723-173319\aspire\block-001\attempt-01\E-candidate-default-high\benchmark\coordinator-priority-r1\high1\high1.binlog","C:\perf\results\priority-pr-primary-authoritative-20260723-173319\aspire\block-001\attempt-01\E-candidate-default-high\benchmark\coordinator-priority-r1\runs.csv","C:\perf\results\priority-pr-primary-authoritative-20260723-173319\aspire\block-001\attempt-01\E-candidate-default-high\monitor\system.csv","C:\perf\results\priority-pr-primary-authoritative-20260723-173319\aspire\block-001\attempt-01\E-candidate-default-high\monitor\processes.csv","C:\perf\results\priority-pr-primary-authoritative-20260723-173319\aspire\block-001\attempt-01\E-candidate-default-high\monitor\probes.csv"
"aspire","solution-propagated","10","9","False","1","1","B-base-coordinator","139.49",,"128.31","154.84","15.35","12.2952066","12.2952066","5","30","1","12.2952066","5.0408249","5.1344577","4359.890625","43","2034.094","5366.3046875","3828.46875","40","1039.27734375","8","C:\perf\results\priority-pr-primary-authoritative-20260723-173319\aspire\block-010\attempt-01\B-base-coordinator\benchmark\coordinator-all-normal-r1\normal1\normal1.binlog;C:\perf\results\priority-pr-primary-authoritative-20260723-173319\aspire\block-010\attempt-01\B-base-coordinator\benchmark\coordinator-all-normal-r1\normal2\normal2.binlog;C:\perf\results\priority-pr-primary-authoritative-20260723-173319\aspire\block-010\attempt-01\B-base-coordinator\benchmark\coordinator-all-normal-r1\normal3\normal3.binlog;C:\perf\results\priority-pr-primary-authoritative-20260723-173319\aspire\block-010\attempt-01\B-base-coordinator\benchmark\coordinator-all-normal-r1\normal4\normal4.binlog;C:\perf\results\priority-pr-primary-authoritative-20260723-173319\aspire\block-010\attempt-01\B-base-coordinator\benchmark\coordinator-all-normal-r1\high1\high1.binlog","C:\perf\results\priority-pr-primary-authoritative-20260723-173319\aspire\block-010\attempt-01\B-base-coordinator\benchmark\coordinator-all-normal-r1\runs.csv","C:\perf\results\priority-pr-primary-authoritative-20260723-173319\aspire\block-010\attempt-01\B-base-coordinator\monitor\system.csv","C:\perf\results\priority-pr-primary-authoritative-20260723-173319\aspire\block-010\attempt-01\B-base-coordinator\monitor\processes.csv","C:\perf\results\priority-pr-primary-authoritative-20260723-173319\aspire\block-010\attempt-01\B-base-coordinator\monitor\probes.csv"
"aspire","solution-propagated","10","9","False","1","2","A-no-coordinator","126.52",,"140.08","142.05","15.53","6.1568662","6.1568662","5","30","1","6.1568662","5.0700361","8.131233","11516.63671875","247","7411.729","14515.140625","8658.421875","165","1050.140625","8","C:\perf\results\priority-pr-primary-authoritative-20260723-173319\aspire\block-010\attempt-01\A-no-coordinator\benchmark\no-coordinator-r1\normal1\normal1.binlog;C:\perf\results\priority-pr-primary-authoritative-20260723-173319\aspire\block-010\attempt-01\A-no-coordinator\benchmark\no-coordinator-r1\normal2\normal2.binlog;C:\perf\results\priority-pr-primary-authoritative-20260723-173319\aspire\block-010\attempt-01\A-no-coordinator\benchmark\no-coordinator-r1\normal3\normal3.binlog;C:\perf\results\priority-pr-primary-authoritative-20260723-173319\aspire\block-010\attempt-01\A-no-coordinator\benchmark\no-coordinator-r1\normal4\normal4.binlog;C:\perf\results\priority-pr-primary-authoritative-20260723-173319\aspire\block-010\attempt-01\A-no-coordinator\benchmark\no-coordinator-r1\high1\high1.binlog","C:\perf\results\priority-pr-primary-authoritative-20260723-173319\aspire\block-010\attempt-01\A-no-coordinator\benchmark\no-coordinator-r1\runs.csv","C:\perf\results\priority-pr-primary-authoritative-20260723-173319\aspire\block-010\attempt-01\A-no-coordinator\monitor\system.csv","C:\perf\results\priority-pr-primary-authoritative-20260723-173319\aspire\block-010\attempt-01\A-no-coordinator\monitor\processes.csv","C:\perf\results\priority-pr-primary-authoritative-20260723-173319\aspire\block-010\attempt-01\A-no-coordinator\monitor\probes.csv"
"aspire","solution-propagated","10","9","False","1","3","C-candidate-compat","118.8",,"112.14","134.42","15.35","2.6613518","2.6613518","5","30","0",,"5.0482446","5.0305688","4588.7734375","92","3122.768","5474.68359375","3977.14453125","39","1064.37890625","10","C:\perf\results\priority-pr-primary-authoritative-20260723-173319\aspire\block-010\attempt-01\C-candidate-compat\benchmark\coordinator-all-normal-r1\normal1\normal1.binlog;C:\perf\results\priority-pr-primary-authoritative-20260723-173319\aspire\block-010\attempt-01\C-candidate-compat\benchmark\coordinator-all-normal-r1\normal2\normal2.binlog;C:\perf\results\priority-pr-primary-authoritative-20260723-173319\aspire\block-010\attempt-01\C-candidate-compat\benchmark\coordinator-all-normal-r1\normal3\normal3.binlog;C:\perf\results\priority-pr-primary-authoritative-20260723-173319\aspire\block-010\attempt-01\C-candidate-compat\benchmark\coordinator-all-normal-r1\normal4\normal4.binlog;C:\perf\results\priority-pr-primary-authoritative-20260723-173319\aspire\block-010\attempt-01\C-candidate-compat\benchmark\coordinator-all-normal-r1\high1\high1.binlog","C:\perf\results\priority-pr-primary-authoritative-20260723-173319\aspire\block-010\attempt-01\C-candidate-compat\benchmark\coordinator-all-normal-r1\runs.csv","C:\perf\results\priority-pr-primary-authoritative-20260723-173319\aspire\block-010\attempt-01\C-candidate-compat\monitor\system.csv","C:\perf\results\priority-pr-primary-authoritative-20260723-173319\aspire\block-010\attempt-01\C-candidate-compat\monitor\processes.csv","C:\perf\results\priority-pr-primary-authoritative-20260723-173319\aspire\block-010\attempt-01\C-candidate-compat\monitor\probes.csv"
"aspire","solution-propagated","10","9","False","1","4","E-candidate-default-high","90.23",,"93.56","128.1","15.32","1.8151774","1.8151774","5","30","0",,"5.1460514","5.0365135","3881.515625","83","1691.422","4817.82421875","3358.25","39","1027.03125","10","C:\perf\results\priority-pr-primary-authoritative-20260723-173319\aspire\block-010\attempt-01\E-candidate-default-high\benchmark\coordinator-priority-r1\normal1\normal1.binlog;C:\perf\results\priority-pr-primary-authoritative-20260723-173319\aspire\block-010\attempt-01\E-candidate-default-high\benchmark\coordinator-priority-r1\normal2\normal2.binlog;C:\perf\results\priority-pr-primary-authoritative-20260723-173319\aspire\block-010\attempt-01\E-candidate-default-high\benchmark\coordinator-priority-r1\normal3\normal3.binlog;C:\perf\results\priority-pr-primary-authoritative-20260723-173319\aspire\block-010\attempt-01\E-candidate-default-high\benchmark\coordinator-priority-r1\normal4\normal4.binlog;C:\perf\results\priority-pr-primary-authoritative-20260723-173319\aspire\block-010\attempt-01\E-candidate-default-high\benchmark\coordinator-priority-r1\high1\high1.binlog","C:\perf\results\priority-pr-primary-authoritative-20260723-173319\aspire\block-010\attempt-01\E-candidate-default-high\benchmark\coordinator-priority-r1\runs.csv","C:\perf\results\priority-pr-primary-authoritative-20260723-173319\aspire\block-010\attempt-01\E-candidate-default-high\monitor\system.csv","C:\perf\results\priority-pr-primary-authoritative-20260723-173319\aspire\block-010\attempt-01\E-candidate-default-high\monitor\processes.csv","C:\perf\results\priority-pr-primary-authoritative-20260723-173319\aspire\block-010\attempt-01\E-candidate-default-high\monitor\probes.csv"
"aspire","solution-propagated","10","9","False","1","5","D-candidate-default-normal","112.09",,"84.26","127.43","15.34","1.9116667","1.9116667","5","30","0",,"5.0362649","5.0313646","3178.17578125","63","1748.313","4043.671875","2892.21875","31","1059.10546875","8","C:\perf\results\priority-pr-primary-authoritative-20260723-173319\aspire\block-010\attempt-01\D-candidate-default-normal\benchmark\coordinator-all-normal-r1\normal1\normal1.binlog;C:\perf\results\priority-pr-primary-authoritative-20260723-173319\aspire\block-010\attempt-01\D-candidate-default-normal\benchmark\coordinator-all-normal-r1\normal2\normal2.binlog;C:\perf\results\priority-pr-primary-authoritative-20260723-173319\aspire\block-010\attempt-01\D-candidate-default-normal\benchmark\coordinator-all-normal-r1\normal3\normal3.binlog;C:\perf\results\priority-pr-primary-authoritative-20260723-173319\aspire\block-010\attempt-01\D-candidate-default-normal\benchmark\coordinator-all-normal-r1\normal4\normal4.binlog;C:\perf\results\priority-pr-primary-authoritative-20260723-173319\aspire\block-010\attempt-01\D-candidate-default-normal\benchmark\coordinator-all-normal-r1\high1\high1.binlog","C:\perf\results\priority-pr-primary-authoritative-20260723-173319\aspire\block-010\attempt-01\D-candidate-default-normal\benchmark\coordinator-all-normal-r1\runs.csv","C:\perf\results\priority-pr-primary-authoritative-20260723-173319\aspire\block-010\attempt-01\D-candidate-default-normal\monitor\system.csv","C:\perf\results\priority-pr-primary-authoritative-20260723-173319\aspire\block-010\attempt-01\D-candidate-default-normal\monitor\processes.csv","C:\perf\results\priority-pr-primary-authoritative-20260723-173319\aspire\block-010\attempt-01\D-candidate-default-normal\monitor\probes.csv"
"aspire","solution-propagated","11","10","False","1","1","C-candidate-compat","121.6",,"112.42","136.95","15.35","5.8337049","5.8337049","5","30","1","5.8337049","5.046992","5.045925","4542.9609375","95","3475.042","5444.015625","3940.40234375","40","1096.91015625","10","C:\perf\results\priority-pr-primary-authoritative-20260723-173319\aspire\block-011\attempt-01\C-candidate-compat\benchmark\coordinator-all-normal-r1\normal1\normal1.binlog;C:\perf\results\priority-pr-primary-authoritative-20260723-173319\aspire\block-011\attempt-01\C-candidate-compat\benchmark\coordinator-all-normal-r1\normal2\normal2.binlog;C:\perf\results\priority-pr-primary-authoritative-20260723-173319\aspire\block-011\attempt-01\C-candidate-compat\benchmark\coordinator-all-normal-r1\normal3\normal3.binlog;C:\perf\results\priority-pr-primary-authoritative-20260723-173319\aspire\block-011\attempt-01\C-candidate-compat\benchmark\coordinator-all-normal-r1\normal4\normal4.binlog;C:\perf\results\priority-pr-primary-authoritative-20260723-173319\aspire\block-011\attempt-01\C-candidate-compat\benchmark\coordinator-all-normal-r1\high1\high1.binlog","C:\perf\results\priority-pr-primary-authoritative-20260723-173319\aspire\block-011\attempt-01\C-candidate-compat\benchmark\coordinator-all-normal-r1\runs.csv","C:\perf\results\priority-pr-primary-authoritative-20260723-173319\aspire\block-011\attempt-01\C-candidate-compat\monitor\system.csv","C:\perf\results\priority-pr-primary-authoritative-20260723-173319\aspire\block-011\attempt-01\C-candidate-compat\monitor\processes.csv","C:\perf\results\priority-pr-primary-authoritative-20260723-173319\aspire\block-011\attempt-01\C-candidate-compat\monitor\probes.csv"
"aspire","solution-propagated","11","10","False","1","2","B-base-coordinator","120.06",,"112.12","135.43","15.37","2.5434072","2.5434072","5","30","0",,"5.0432423","5.0392296","4463.6640625","96","3085.564","5446.34375","3927.5703125","39","1069.34765625","10","C:\perf\results\priority-pr-primary-authoritative-20260723-173319\aspire\block-011\attempt-01\B-base-coordinator\benchmark\coordinator-all-normal-r1\normal1\normal1.binlog;C:\perf\results\priority-pr-primary-authoritative-20260723-173319\aspire\block-011\attempt-01\B-base-coordinator\benchmark\coordinator-all-normal-r1\normal2\normal2.binlog;C:\perf\results\priority-pr-primary-authoritative-20260723-173319\aspire\block-011\attempt-01\B-base-coordinator\benchmark\coordinator-all-normal-r1\normal3\normal3.binlog;C:\perf\results\priority-pr-primary-authoritative-20260723-173319\aspire\block-011\attempt-01\B-base-coordinator\benchmark\coordinator-all-normal-r1\normal4\normal4.binlog;C:\perf\results\priority-pr-primary-authoritative-20260723-173319\aspire\block-011\attempt-01\B-base-coordinator\benchmark\coordinator-all-normal-r1\high1\high1.binlog","C:\perf\results\priority-pr-primary-authoritative-20260723-173319\aspire\block-011\attempt-01\B-base-coordinator\benchmark\coordinator-all-normal-r1\runs.csv","C:\perf\results\priority-pr-primary-authoritative-20260723-173319\aspire\block-011\attempt-01\B-base-coordinator\monitor\system.csv","C:\perf\results\priority-pr-primary-authoritative-20260723-173319\aspire\block-011\attempt-01\B-base-coordinator\monitor\processes.csv","C:\perf\results\priority-pr-primary-authoritative-20260723-173319\aspire\block-011\attempt-01\B-base-coordinator\monitor\probes.csv"
"aspire","solution-propagated","11","10","False","1","3","D-candidate-default-normal","107.73",,"84.26","125.28","15.4","2.6851786","2.6851786","5","30","0",,"5.0330697","5.0322026","3321.41796875","80","2187.745","4384.62109375","3144.4296875","31","1063.609375","8","C:\perf\results\priority-pr-primary-authoritative-20260723-173319\aspire\block-011\attempt-01\D-candidate-default-normal\benchmark\coordinator-all-normal-r1\normal1\normal1.binlog;C:\perf\results\priority-pr-primary-authoritative-20260723-173319\aspire\block-011\attempt-01\D-candidate-default-normal\benchmark\coordinator-all-normal-r1\normal2\normal2.binlog;C:\perf\results\priority-pr-primary-authoritative-20260723-173319\aspire\block-011\attempt-01\D-candidate-default-normal\benchmark\coordinator-all-normal-r1\normal3\normal3.binlog;C:\perf\results\priority-pr-primary-authoritative-20260723-173319\aspire\block-011\attempt-01\D-candidate-default-normal\benchmark\coordinator-all-normal-r1\normal4\normal4.binlog;C:\perf\results\priority-pr-primary-authoritative-20260723-173319\aspire\block-011\attempt-01\D-candidate-default-normal\benchmark\coordinator-all-normal-r1\high1\high1.binlog","C:\perf\results\priority-pr-primary-authoritative-20260723-173319\aspire\block-011\attempt-01\D-candidate-default-normal\benchmark\coordinator-all-normal-r1\runs.csv","C:\perf\results\priority-pr-primary-authoritative-20260723-173319\aspire\block-011\attempt-01\D-candidate-default-normal\monitor\system.csv","C:\perf\results\priority-pr-primary-authoritative-20260723-173319\aspire\block-011\attempt-01\D-candidate-default-normal\monitor\processes.csv","C:\perf\results\priority-pr-primary-authoritative-20260723-173319\aspire\block-011\attempt-01\D-candidate-default-normal\monitor\probes.csv"
"aspire","solution-propagated","11","10","False","1","4","A-no-coordinator","124.15",,"140.07","140.79","15.2","8.9889334","8.9889334","5","30","4","8.9889334","5.1002479","7.3878225","10378.3046875","253","4707.388","14318.75","8515.6484375","165","1095.23046875","8","C:\perf\results\priority-pr-primary-authoritative-20260723-173319\aspire\block-011\attempt-01\A-no-coordinator\benchmark\no-coordinator-r1\normal1\normal1.binlog;C:\perf\results\priority-pr-primary-authoritative-20260723-173319\aspire\block-011\attempt-01\A-no-coordinator\benchmark\no-coordinator-r1\normal2\normal2.binlog;C:\perf\results\priority-pr-primary-authoritative-20260723-173319\aspire\block-011\attempt-01\A-no-coordinator\benchmark\no-coordinator-r1\normal3\normal3.binlog;C:\perf\results\priority-pr-primary-authoritative-20260723-173319\aspire\block-011\attempt-01\A-no-coordinator\benchmark\no-coordinator-r1\normal4\normal4.binlog;C:\perf\results\priority-pr-primary-authoritative-20260723-173319\aspire\block-011\attempt-01\A-no-coordinator\benchmark\no-coordinator-r1\high1\high1.binlog","C:\perf\results\priority-pr-primary-authoritative-20260723-173319\aspire\block-011\attempt-01\A-no-coordinator\benchmark\no-coordinator-r1\runs.csv","C:\perf\results\priority-pr-primary-authoritative-20260723-173319\aspire\block-011\attempt-01\A-no-coordinator\monitor\system.csv","C:\perf\results\priority-pr-primary-authoritative-20260723-173319\aspire\block-011\attempt-01\A-no-coordinator\monitor\processes.csv","C:\perf\results\priority-pr-primary-authoritative-20260723-173319\aspire\block-011\attempt-01\A-no-coordinator\monitor\probes.csv"
"aspire","solution-propagated","11","10","False","1","5","E-candidate-default-high","88.05",,"93.83","122.55","15.35","2.1116177","2.1116177","5","30","0",,"5.0467793","5.4739207","3724.50390625","84","2838.504","4791.890625","3358.85546875","39","1062.33203125","8","C:\perf\results\priority-pr-primary-authoritative-20260723-173319\aspire\block-011\attempt-01\E-candidate-default-high\benchmark\coordinator-priority-r1\normal1\normal1.binlog;C:\perf\results\priority-pr-primary-authoritative-20260723-173319\aspire\block-011\attempt-01\E-candidate-default-high\benchmark\coordinator-priority-r1\normal2\normal2.binlog;C:\perf\results\priority-pr-primary-authoritative-20260723-173319\aspire\block-011\attempt-01\E-candidate-default-high\benchmark\coordinator-priority-r1\normal3\normal3.binlog;C:\perf\results\priority-pr-primary-authoritative-20260723-173319\aspire\block-011\attempt-01\E-candidate-default-high\benchmark\coordinator-priority-r1\normal4\normal4.binlog;C:\perf\results\priority-pr-primary-authoritative-20260723-173319\aspire\block-011\attempt-01\E-candidate-default-high\benchmark\coordinator-priority-r1\high1\high1.binlog","C:\perf\results\priority-pr-primary-authoritative-20260723-173319\aspire\block-011\attempt-01\E-candidate-default-high\benchmark\coordinator-priority-r1\runs.csv","C:\perf\results\priority-pr-primary-authoritative-20260723-173319\aspire\block-011\attempt-01\E-candidate-default-high\monitor\system.csv","C:\perf\results\priority-pr-primary-authoritative-20260723-173319\aspire\block-011\attempt-01\E-candidate-default-high\monitor\processes.csv","C:\perf\results\priority-pr-primary-authoritative-20260723-173319\aspire\block-011\attempt-01\E-candidate-default-high\monitor\probes.csv"
"aspire","solution-propagated","2","1","False","1","1","A-no-coordinator","129.13",,"143.14","144.76","15.26","8.0931622","8.0931622","5","30","4","8.0931622","5.1602822","6.4187148","9779.70703125","272","4405.221","13759.30078125","7925.8359375","165","1619.97265625","9","C:\perf\results\priority-pr-primary-authoritative-20260723-173319\aspire\block-002\attempt-01\A-no-coordinator\benchmark\no-coordinator-r1\normal1\normal1.binlog;C:\perf\results\priority-pr-primary-authoritative-20260723-173319\aspire\block-002\attempt-01\A-no-coordinator\benchmark\no-coordinator-r1\normal2\normal2.binlog;C:\perf\results\priority-pr-primary-authoritative-20260723-173319\aspire\block-002\attempt-01\A-no-coordinator\benchmark\no-coordinator-r1\normal3\normal3.binlog;C:\perf\results\priority-pr-primary-authoritative-20260723-173319\aspire\block-002\attempt-01\A-no-coordinator\benchmark\no-coordinator-r1\normal4\normal4.binlog;C:\perf\results\priority-pr-primary-authoritative-20260723-173319\aspire\block-002\attempt-01\A-no-coordinator\benchmark\no-coordinator-r1\high1\high1.binlog","C:\perf\results\priority-pr-primary-authoritative-20260723-173319\aspire\block-002\attempt-01\A-no-coordinator\benchmark\no-coordinator-r1\runs.csv","C:\perf\results\priority-pr-primary-authoritative-20260723-173319\aspire\block-002\attempt-01\A-no-coordinator\monitor\system.csv","C:\perf\results\priority-pr-primary-authoritative-20260723-173319\aspire\block-002\attempt-01\A-no-coordinator\monitor\processes.csv","C:\perf\results\priority-pr-primary-authoritative-20260723-173319\aspire\block-002\attempt-01\A-no-coordinator\monitor\probes.csv"
"aspire","solution-propagated","2","1","False","1","2","B-base-coordinator","117.78",,"111.97","134.01","15.37","4.5339231","4.5339231","5","30","0",,"5.0717342","5.8570468","4265.02734375","89","5237.667","5263.34765625","3804.99609375","39","1592.546875","9","C:\perf\results\priority-pr-primary-authoritative-20260723-173319\aspire\block-002\attempt-01\B-base-coordinator\benchmark\coordinator-all-normal-r1\normal1\normal1.binlog;C:\perf\results\priority-pr-primary-authoritative-20260723-173319\aspire\block-002\attempt-01\B-base-coordinator\benchmark\coordinator-all-normal-r1\normal2\normal2.binlog;C:\perf\results\priority-pr-primary-authoritative-20260723-173319\aspire\block-002\attempt-01\B-base-coordinator\benchmark\coordinator-all-normal-r1\normal3\normal3.binlog;C:\perf\results\priority-pr-primary-authoritative-20260723-173319\aspire\block-002\attempt-01\B-base-coordinator\benchmark\coordinator-all-normal-r1\normal4\normal4.binlog;C:\perf\results\priority-pr-primary-authoritative-20260723-173319\aspire\block-002\attempt-01\B-base-coordinator\benchmark\coordinator-all-normal-r1\high1\high1.binlog","C:\perf\results\priority-pr-primary-authoritative-20260723-173319\aspire\block-002\attempt-01\B-base-coordinator\benchmark\coordinator-all-normal-r1\runs.csv","C:\perf\results\priority-pr-primary-authoritative-20260723-173319\aspire\block-002\attempt-01\B-base-coordinator\monitor\system.csv","C:\perf\results\priority-pr-primary-authoritative-20260723-173319\aspire\block-002\attempt-01\B-base-coordinator\monitor\processes.csv","C:\perf\results\priority-pr-primary-authoritative-20260723-173319\aspire\block-002\attempt-01\B-base-coordinator\monitor\probes.csv"
"aspire","solution-propagated","2","1","False","1","3","E-candidate-default-high","105.31",,"109.77","149.51","16.26","2.1784763","2.1784763","5","30","0",,"5.0568694","7.3898482","4207.12109375","75","772.869","5322.1953125","3758.23828125","39","1657.859375","9","C:\perf\results\priority-pr-primary-authoritative-20260723-173319\aspire\block-002\attempt-01\E-candidate-default-high\benchmark\coordinator-priority-r1\normal1\normal1.binlog;C:\perf\results\priority-pr-primary-authoritative-20260723-173319\aspire\block-002\attempt-01\E-candidate-default-high\benchmark\coordinator-priority-r1\normal2\normal2.binlog;C:\perf\results\priority-pr-primary-authoritative-20260723-173319\aspire\block-002\attempt-01\E-candidate-default-high\benchmark\coordinator-priority-r1\normal3\normal3.binlog;C:\perf\results\priority-pr-primary-authoritative-20260723-173319\aspire\block-002\attempt-01\E-candidate-default-high\benchmark\coordinator-priority-r1\normal4\normal4.binlog;C:\perf\results\priority-pr-primary-authoritative-20260723-173319\aspire\block-002\attempt-01\E-candidate-default-high\benchmark\coordinator-priority-r1\high1\high1.binlog","C:\perf\results\priority-pr-primary-authoritative-20260723-173319\aspire\block-002\attempt-01\E-candidate-default-high\benchmark\coordinator-priority-r1\runs.csv","C:\perf\results\priority-pr-primary-authoritative-20260723-173319\aspire\block-002\attempt-01\E-candidate-default-high\monitor\system.csv","C:\perf\results\priority-pr-primary-authoritative-20260723-173319\aspire\block-002\attempt-01\E-candidate-default-high\monitor\processes.csv","C:\perf\results\priority-pr-primary-authoritative-20260723-173319\aspire\block-002\attempt-01\E-candidate-default-high\monitor\probes.csv"
"aspire","solution-propagated","2","1","False","1","4","C-candidate-compat","111.72",,"109.68","132.34","15.35","2.7529587","2.7529587","5","30","0",,"5.0501588","5.0385084","3788.82421875","65","2227.189","4953.390625","3439.5859375","39","1597.6328125","8","C:\perf\results\priority-pr-primary-authoritative-20260723-173319\aspire\block-002\attempt-01\C-candidate-compat\benchmark\coordinator-all-normal-r1\normal1\normal1.binlog;C:\perf\results\priority-pr-primary-authoritative-20260723-173319\aspire\block-002\attempt-01\C-candidate-compat\benchmark\coordinator-all-normal-r1\normal2\normal2.binlog;C:\perf\results\priority-pr-primary-authoritative-20260723-173319\aspire\block-002\attempt-01\C-candidate-compat\benchmark\coordinator-all-normal-r1\normal3\normal3.binlog;C:\perf\results\priority-pr-primary-authoritative-20260723-173319\aspire\block-002\attempt-01\C-candidate-compat\benchmark\coordinator-all-normal-r1\normal4\normal4.binlog;C:\perf\results\priority-pr-primary-authoritative-20260723-173319\aspire\block-002\attempt-01\C-candidate-compat\benchmark\coordinator-all-normal-r1\high1\high1.binlog","C:\perf\results\priority-pr-primary-authoritative-20260723-173319\aspire\block-002\attempt-01\C-candidate-compat\benchmark\coordinator-all-normal-r1\runs.csv","C:\perf\results\priority-pr-primary-authoritative-20260723-173319\aspire\block-002\attempt-01\C-candidate-compat\monitor\system.csv","C:\perf\results\priority-pr-primary-authoritative-20260723-173319\aspire\block-002\attempt-01\C-candidate-compat\monitor\processes.csv","C:\perf\results\priority-pr-primary-authoritative-20260723-173319\aspire\block-002\attempt-01\C-candidate-compat\monitor\probes.csv"
"aspire","solution-propagated","2","1","False","1","5","D-candidate-default-normal","115.42",,"87.25","130.72","15.3","2.7325723","2.7325723","5","30","0",,"5.0293896","5.0323835","3448.0078125","64","2423.502","4318.89453125","3131.51953125","31","1610.96875","10","C:\perf\results\priority-pr-primary-authoritative-20260723-173319\aspire\block-002\attempt-01\D-candidate-default-normal\benchmark\coordinator-all-normal-r1\normal1\normal1.binlog;C:\perf\results\priority-pr-primary-authoritative-20260723-173319\aspire\block-002\attempt-01\D-candidate-default-normal\benchmark\coordinator-all-normal-r1\normal2\normal2.binlog;C:\perf\results\priority-pr-primary-authoritative-20260723-173319\aspire\block-002\attempt-01\D-candidate-default-normal\benchmark\coordinator-all-normal-r1\normal3\normal3.binlog;C:\perf\results\priority-pr-primary-authoritative-20260723-173319\aspire\block-002\attempt-01\D-candidate-default-normal\benchmark\coordinator-all-normal-r1\normal4\normal4.binlog;C:\perf\results\priority-pr-primary-authoritative-20260723-173319\aspire\block-002\attempt-01\D-candidate-default-normal\benchmark\coordinator-all-normal-r1\high1\high1.binlog","C:\perf\results\priority-pr-primary-authoritative-20260723-173319\aspire\block-002\attempt-01\D-candidate-default-normal\benchmark\coordinator-all-normal-r1\runs.csv","C:\perf\results\priority-pr-primary-authoritative-20260723-173319\aspire\block-002\attempt-01\D-candidate-default-normal\monitor\system.csv","C:\perf\results\priority-pr-primary-authoritative-20260723-173319\aspire\block-002\attempt-01\D-candidate-default-normal\monitor\processes.csv","C:\perf\results\priority-pr-primary-authoritative-20260723-173319\aspire\block-002\attempt-01\D-candidate-default-normal\monitor\probes.csv"
"aspire","solution-propagated","3","2","False","1","1","B-base-coordinator","121.68",,"115.62","138.94","15.27","1.9321854","1.9321854","5","30","0",,"5.0403141","5.0393249","4733.50390625","118","3031.126","5142.12109375","3653.42578125","39","1594.20703125","8","C:\perf\results\priority-pr-primary-authoritative-20260723-173319\aspire\block-003\attempt-01\B-base-coordinator\benchmark\coordinator-all-normal-r1\normal1\normal1.binlog;C:\perf\results\priority-pr-primary-authoritative-20260723-173319\aspire\block-003\attempt-01\B-base-coordinator\benchmark\coordinator-all-normal-r1\normal2\normal2.binlog;C:\perf\results\priority-pr-primary-authoritative-20260723-173319\aspire\block-003\attempt-01\B-base-coordinator\benchmark\coordinator-all-normal-r1\normal3\normal3.binlog;C:\perf\results\priority-pr-primary-authoritative-20260723-173319\aspire\block-003\attempt-01\B-base-coordinator\benchmark\coordinator-all-normal-r1\normal4\normal4.binlog;C:\perf\results\priority-pr-primary-authoritative-20260723-173319\aspire\block-003\attempt-01\B-base-coordinator\benchmark\coordinator-all-normal-r1\high1\high1.binlog","C:\perf\results\priority-pr-primary-authoritative-20260723-173319\aspire\block-003\attempt-01\B-base-coordinator\benchmark\coordinator-all-normal-r1\runs.csv","C:\perf\results\priority-pr-primary-authoritative-20260723-173319\aspire\block-003\attempt-01\B-base-coordinator\monitor\system.csv","C:\perf\results\priority-pr-primary-authoritative-20260723-173319\aspire\block-003\attempt-01\B-base-coordinator\monitor\processes.csv","C:\perf\results\priority-pr-primary-authoritative-20260723-173319\aspire\block-003\attempt-01\B-base-coordinator\monitor\probes.csv"
"aspire","solution-propagated","3","2","False","1","2","C-candidate-compat","119.94",,"114.99","138.03","15.46","4.6659735","4.6659735","5","30","0",,"5.041529","5.0365726","4499.484375","84","3168.649","5281.98828125","3838.62109375","39","1593.578125","8","C:\perf\results\priority-pr-primary-authoritative-20260723-173319\aspire\block-003\attempt-01\C-candidate-compat\benchmark\coordinator-all-normal-r1\normal1\normal1.binlog;C:\perf\results\priority-pr-primary-authoritative-20260723-173319\aspire\block-003\attempt-01\C-candidate-compat\benchmark\coordinator-all-normal-r1\normal2\normal2.binlog;C:\perf\results\priority-pr-primary-authoritative-20260723-173319\aspire\block-003\attempt-01\C-candidate-compat\benchmark\coordinator-all-normal-r1\normal3\normal3.binlog;C:\perf\results\priority-pr-primary-authoritative-20260723-173319\aspire\block-003\attempt-01\C-candidate-compat\benchmark\coordinator-all-normal-r1\normal4\normal4.binlog;C:\perf\results\priority-pr-primary-authoritative-20260723-173319\aspire\block-003\attempt-01\C-candidate-compat\benchmark\coordinator-all-normal-r1\high1\high1.binlog","C:\perf\results\priority-pr-primary-authoritative-20260723-173319\aspire\block-003\attempt-01\C-candidate-compat\benchmark\coordinator-all-normal-r1\runs.csv","C:\perf\results\priority-pr-primary-authoritative-20260723-173319\aspire\block-003\attempt-01\C-candidate-compat\monitor\system.csv","C:\perf\results\priority-pr-primary-authoritative-20260723-173319\aspire\block-003\attempt-01\C-candidate-compat\monitor\processes.csv","C:\perf\results\priority-pr-primary-authoritative-20260723-173319\aspire\block-003\attempt-01\C-candidate-compat\monitor\probes.csv"
"aspire","solution-propagated","3","2","False","1","3","A-no-coordinator","125.71",,"140.05","140.93","15.1","10.4495491","10.4495491","5","30","4","10.4495491","5.1903119","7.2159479","10564.66796875","241","5917.654","14143.3984375","8301.94921875","165","1620.69140625","8","C:\perf\results\priority-pr-primary-authoritative-20260723-173319\aspire\block-003\attempt-01\A-no-coordinator\benchmark\no-coordinator-r1\normal1\normal1.binlog;C:\perf\results\priority-pr-primary-authoritative-20260723-173319\aspire\block-003\attempt-01\A-no-coordinator\benchmark\no-coordinator-r1\normal2\normal2.binlog;C:\perf\results\priority-pr-primary-authoritative-20260723-173319\aspire\block-003\attempt-01\A-no-coordinator\benchmark\no-coordinator-r1\normal3\normal3.binlog;C:\perf\results\priority-pr-primary-authoritative-20260723-173319\aspire\block-003\attempt-01\A-no-coordinator\benchmark\no-coordinator-r1\normal4\normal4.binlog;C:\perf\results\priority-pr-primary-authoritative-20260723-173319\aspire\block-003\attempt-01\A-no-coordinator\benchmark\no-coordinator-r1\high1\high1.binlog","C:\perf\results\priority-pr-primary-authoritative-20260723-173319\aspire\block-003\attempt-01\A-no-coordinator\benchmark\no-coordinator-r1\runs.csv","C:\perf\results\priority-pr-primary-authoritative-20260723-173319\aspire\block-003\attempt-01\A-no-coordinator\monitor\system.csv","C:\perf\results\priority-pr-primary-authoritative-20260723-173319\aspire\block-003\attempt-01\A-no-coordinator\monitor\processes.csv","C:\perf\results\priority-pr-primary-authoritative-20260723-173319\aspire\block-003\attempt-01\A-no-coordinator\monitor\probes.csv"
"aspire","solution-propagated","3","2","False","1","4","D-candidate-default-normal","113.16",,"85.21","128.55","15.39","2.1179777","2.1179777","5","30","0",,"5.0419843","5.0408355","3330.140625","65","2245.639","4306.69140625","3080.32421875","31","1578.31640625","8","C:\perf\results\priority-pr-primary-authoritative-20260723-173319\aspire\block-003\attempt-01\D-candidate-default-normal\benchmark\coordinator-all-normal-r1\normal1\normal1.binlog;C:\perf\results\priority-pr-primary-authoritative-20260723-173319\aspire\block-003\attempt-01\D-candidate-default-normal\benchmark\coordinator-all-normal-r1\normal2\normal2.binlog;C:\perf\results\priority-pr-primary-authoritative-20260723-173319\aspire\block-003\attempt-01\D-candidate-default-normal\benchmark\coordinator-all-normal-r1\normal3\normal3.binlog;C:\perf\results\priority-pr-primary-authoritative-20260723-173319\aspire\block-003\attempt-01\D-candidate-default-normal\benchmark\coordinator-all-normal-r1\normal4\normal4.binlog;C:\perf\results\priority-pr-primary-authoritative-20260723-173319\aspire\block-003\attempt-01\D-candidate-default-normal\benchmark\coordinator-all-normal-r1\high1\high1.binlog","C:\perf\results\priority-pr-primary-authoritative-20260723-173319\aspire\block-003\attempt-01\D-candidate-default-normal\benchmark\coordinator-all-normal-r1\runs.csv","C:\perf\results\priority-pr-primary-authoritative-20260723-173319\aspire\block-003\attempt-01\D-candidate-default-normal\monitor\system.csv","C:\perf\results\priority-pr-primary-authoritative-20260723-173319\aspire\block-003\attempt-01\D-candidate-default-normal\monitor\processes.csv","C:\perf\results\priority-pr-primary-authoritative-20260723-173319\aspire\block-003\attempt-01\D-candidate-default-normal\monitor\probes.csv"
"aspire","solution-propagated","3","2","False","1","5","E-candidate-default-high","87.77",,"91.37","125.86","15.42","4.1026899","4.1026899","5","30","0",,"5.1734265","5.3258368","3842.08203125","61","2177.278","4893.38671875","3418.38671875","40","1583.5625","8","C:\perf\results\priority-pr-primary-authoritative-20260723-173319\aspire\block-003\attempt-01\E-candidate-default-high\benchmark\coordinator-priority-r1\normal1\normal1.binlog;C:\perf\results\priority-pr-primary-authoritative-20260723-173319\aspire\block-003\attempt-01\E-candidate-default-high\benchmark\coordinator-priority-r1\normal2\normal2.binlog;C:\perf\results\priority-pr-primary-authoritative-20260723-173319\aspire\block-003\attempt-01\E-candidate-default-high\benchmark\coordinator-priority-r1\normal3\normal3.binlog;C:\perf\results\priority-pr-primary-authoritative-20260723-173319\aspire\block-003\attempt-01\E-candidate-default-high\benchmark\coordinator-priority-r1\normal4\normal4.binlog;C:\perf\results\priority-pr-primary-authoritative-20260723-173319\aspire\block-003\attempt-01\E-candidate-default-high\benchmark\coordinator-priority-r1\high1\high1.binlog","C:\perf\results\priority-pr-primary-authoritative-20260723-173319\aspire\block-003\attempt-01\E-candidate-default-high\benchmark\coordinator-priority-r1\runs.csv","C:\perf\results\priority-pr-primary-authoritative-20260723-173319\aspire\block-003\attempt-01\E-candidate-default-high\monitor\system.csv","C:\perf\results\priority-pr-primary-authoritative-20260723-173319\aspire\block-003\attempt-01\E-candidate-default-high\monitor\processes.csv","C:\perf\results\priority-pr-primary-authoritative-20260723-173319\aspire\block-003\attempt-01\E-candidate-default-high\monitor\probes.csv"
"aspire","solution-propagated","4","3","False","1","1","C-candidate-compat","143.36",,"129.7","158.78","15.42","2.6813653","2.6813653","5","30","0",,"5.0318892","7.9196703","4712.4765625","72","1687.134","5449.5625","3970.98046875","40","1612.00390625","8","C:\perf\results\priority-pr-primary-authoritative-20260723-173319\aspire\block-004\attempt-01\C-candidate-compat\benchmark\coordinator-all-normal-r1\normal1\normal1.binlog;C:\perf\results\priority-pr-primary-authoritative-20260723-173319\aspire\block-004\attempt-01\C-candidate-compat\benchmark\coordinator-all-normal-r1\normal2\normal2.binlog;C:\perf\results\priority-pr-primary-authoritative-20260723-173319\aspire\block-004\attempt-01\C-candidate-compat\benchmark\coordinator-all-normal-r1\normal3\normal3.binlog;C:\perf\results\priority-pr-primary-authoritative-20260723-173319\aspire\block-004\attempt-01\C-candidate-compat\benchmark\coordinator-all-normal-r1\normal4\normal4.binlog;C:\perf\results\priority-pr-primary-authoritative-20260723-173319\aspire\block-004\attempt-01\C-candidate-compat\benchmark\coordinator-all-normal-r1\high1\high1.binlog","C:\perf\results\priority-pr-primary-authoritative-20260723-173319\aspire\block-004\attempt-01\C-candidate-compat\benchmark\coordinator-all-normal-r1\runs.csv","C:\perf\results\priority-pr-primary-authoritative-20260723-173319\aspire\block-004\attempt-01\C-candidate-compat\monitor\system.csv","C:\perf\results\priority-pr-primary-authoritative-20260723-173319\aspire\block-004\attempt-01\C-candidate-compat\monitor\processes.csv","C:\perf\results\priority-pr-primary-authoritative-20260723-173319\aspire\block-004\attempt-01\C-candidate-compat\monitor\probes.csv"
"aspire","solution-propagated","4","3","False","1","2","D-candidate-default-normal","112.76",,"84.82","128.3","15.31","2.1113189","2.1113189","5","30","0",,"5.0487328","5.0496075","3284.640625","72","2440.341","4099.92578125","2904.25390625","31","1603.65625","10","C:\perf\results\priority-pr-primary-authoritative-20260723-173319\aspire\block-004\attempt-01\D-candidate-default-normal\benchmark\coordinator-all-normal-r1\normal1\normal1.binlog;C:\perf\results\priority-pr-primary-authoritative-20260723-173319\aspire\block-004\attempt-01\D-candidate-default-normal\benchmark\coordinator-all-normal-r1\normal2\normal2.binlog;C:\perf\results\priority-pr-primary-authoritative-20260723-173319\aspire\block-004\attempt-01\D-candidate-default-normal\benchmark\coordinator-all-normal-r1\normal3\normal3.binlog;C:\perf\results\priority-pr-primary-authoritative-20260723-173319\aspire\block-004\attempt-01\D-candidate-default-normal\benchmark\coordinator-all-normal-r1\normal4\normal4.binlog;C:\perf\results\priority-pr-primary-authoritative-20260723-173319\aspire\block-004\attempt-01\D-candidate-default-normal\benchmark\coordinator-all-normal-r1\high1\high1.binlog","C:\perf\results\priority-pr-primary-authoritative-20260723-173319\aspire\block-004\attempt-01\D-candidate-default-normal\benchmark\coordinator-all-normal-r1\runs.csv","C:\perf\results\priority-pr-primary-authoritative-20260723-173319\aspire\block-004\attempt-01\D-candidate-default-normal\monitor\system.csv","C:\perf\results\priority-pr-primary-authoritative-20260723-173319\aspire\block-004\attempt-01\D-candidate-default-normal\monitor\processes.csv","C:\perf\results\priority-pr-primary-authoritative-20260723-173319\aspire\block-004\attempt-01\D-candidate-default-normal\monitor\probes.csv"
"aspire","solution-propagated","4","3","False","1","3","B-base-coordinator","123.82",,"117.58","140.55","15.29","2.8220462","2.8220462","5","30","0",,"5.239015","5.8376829","4959.99609375","109","3278.079","5509.1640625","4033.4296875","39","1621.13671875","10","C:\perf\results\priority-pr-primary-authoritative-20260723-173319\aspire\block-004\attempt-01\B-base-coordinator\benchmark\coordinator-all-normal-r1\normal1\normal1.binlog;C:\perf\results\priority-pr-primary-authoritative-20260723-173319\aspire\block-004\attempt-01\B-base-coordinator\benchmark\coordinator-all-normal-r1\normal2\normal2.binlog;C:\perf\results\priority-pr-primary-authoritative-20260723-173319\aspire\block-004\attempt-01\B-base-coordinator\benchmark\coordinator-all-normal-r1\normal3\normal3.binlog;C:\perf\results\priority-pr-primary-authoritative-20260723-173319\aspire\block-004\attempt-01\B-base-coordinator\benchmark\coordinator-all-normal-r1\normal4\normal4.binlog;C:\perf\results\priority-pr-primary-authoritative-20260723-173319\aspire\block-004\attempt-01\B-base-coordinator\benchmark\coordinator-all-normal-r1\high1\high1.binlog","C:\perf\results\priority-pr-primary-authoritative-20260723-173319\aspire\block-004\attempt-01\B-base-coordinator\benchmark\coordinator-all-normal-r1\runs.csv","C:\perf\results\priority-pr-primary-authoritative-20260723-173319\aspire\block-004\attempt-01\B-base-coordinator\monitor\system.csv","C:\perf\results\priority-pr-primary-authoritative-20260723-173319\aspire\block-004\attempt-01\B-base-coordinator\monitor\processes.csv","C:\perf\results\priority-pr-primary-authoritative-20260723-173319\aspire\block-004\attempt-01\B-base-coordinator\monitor\probes.csv"
"aspire","solution-propagated","4","3","False","1","4","E-candidate-default-high","85.68",,"100.26","135.26","15.36","1.8815505","1.8815505","5","30","0",,"5.1644006","5.0317446","3985.17578125","85","1403.347","5029.671875","3515.64453125","39","1609.296875","10","C:\perf\results\priority-pr-primary-authoritative-20260723-173319\aspire\block-004\attempt-01\E-candidate-default-high\benchmark\coordinator-priority-r1\normal1\normal1.binlog;C:\perf\results\priority-pr-primary-authoritative-20260723-173319\aspire\block-004\attempt-01\E-candidate-default-high\benchmark\coordinator-priority-r1\normal2\normal2.binlog;C:\perf\results\priority-pr-primary-authoritative-20260723-173319\aspire\block-004\attempt-01\E-candidate-default-high\benchmark\coordinator-priority-r1\normal3\normal3.binlog;C:\perf\results\priority-pr-primary-authoritative-20260723-173319\aspire\block-004\attempt-01\E-candidate-default-high\benchmark\coordinator-priority-r1\normal4\normal4.binlog;C:\perf\results\priority-pr-primary-authoritative-20260723-173319\aspire\block-004\attempt-01\E-candidate-default-high\benchmark\coordinator-priority-r1\high1\high1.binlog","C:\perf\results\priority-pr-primary-authoritative-20260723-173319\aspire\block-004\attempt-01\E-candidate-default-high\benchmark\coordinator-priority-r1\runs.csv","C:\perf\results\priority-pr-primary-authoritative-20260723-173319\aspire\block-004\attempt-01\E-candidate-default-high\monitor\system.csv","C:\perf\results\priority-pr-primary-authoritative-20260723-173319\aspire\block-004\attempt-01\E-candidate-default-high\monitor\processes.csv","C:\perf\results\priority-pr-primary-authoritative-20260723-173319\aspire\block-004\attempt-01\E-candidate-default-high\monitor\probes.csv"
"aspire","solution-propagated","4","3","False","1","5","A-no-coordinator","149.86",,"166.99","167.94","15.47","6.3022053","6.3022053","5","30","2","6.3022053","5.1126599","7.6167757","11434.08984375","265","6210.626","14922.59765625","8933.55859375","165","1670.27734375","8","C:\perf\results\priority-pr-primary-authoritative-20260723-173319\aspire\block-004\attempt-01\A-no-coordinator\benchmark\no-coordinator-r1\normal1\normal1.binlog;C:\perf\results\priority-pr-primary-authoritative-20260723-173319\aspire\block-004\attempt-01\A-no-coordinator\benchmark\no-coordinator-r1\normal2\normal2.binlog;C:\perf\results\priority-pr-primary-authoritative-20260723-173319\aspire\block-004\attempt-01\A-no-coordinator\benchmark\no-coordinator-r1\normal3\normal3.binlog;C:\perf\results\priority-pr-primary-authoritative-20260723-173319\aspire\block-004\attempt-01\A-no-coordinator\benchmark\no-coordinator-r1\normal4\normal4.binlog;C:\perf\results\priority-pr-primary-authoritative-20260723-173319\aspire\block-004\attempt-01\A-no-coordinator\benchmark\no-coordinator-r1\high1\high1.binlog","C:\perf\results\priority-pr-primary-authoritative-20260723-173319\aspire\block-004\attempt-01\A-no-coordinator\benchmark\no-coordinator-r1\runs.csv","C:\perf\results\priority-pr-primary-authoritative-20260723-173319\aspire\block-004\attempt-01\A-no-coordinator\monitor\system.csv","C:\perf\results\priority-pr-primary-authoritative-20260723-173319\aspire\block-004\attempt-01\A-no-coordinator\monitor\processes.csv","C:\perf\results\priority-pr-primary-authoritative-20260723-173319\aspire\block-004\attempt-01\A-no-coordinator\monitor\probes.csv"
"aspire","solution-propagated","5","4","False","1","1","D-candidate-default-normal","112.2",,"84.46","127.56","15.36","2.130469","2.130469","5","30","0",,"5.0564447","5.0431088","3270.54296875","66","2076.363","4078.91015625","2899.03125","31","1588.2734375","8","C:\perf\results\priority-pr-primary-authoritative-20260723-173319\aspire\block-005\attempt-01\D-candidate-default-normal\benchmark\coordinator-all-normal-r1\normal1\normal1.binlog;C:\perf\results\priority-pr-primary-authoritative-20260723-173319\aspire\block-005\attempt-01\D-candidate-default-normal\benchmark\coordinator-all-normal-r1\normal2\normal2.binlog;C:\perf\results\priority-pr-primary-authoritative-20260723-173319\aspire\block-005\attempt-01\D-candidate-default-normal\benchmark\coordinator-all-normal-r1\normal3\normal3.binlog;C:\perf\results\priority-pr-primary-authoritative-20260723-173319\aspire\block-005\attempt-01\D-candidate-default-normal\benchmark\coordinator-all-normal-r1\normal4\normal4.binlog;C:\perf\results\priority-pr-primary-authoritative-20260723-173319\aspire\block-005\attempt-01\D-candidate-default-normal\benchmark\coordinator-all-normal-r1\high1\high1.binlog","C:\perf\results\priority-pr-primary-authoritative-20260723-173319\aspire\block-005\attempt-01\D-candidate-default-normal\benchmark\coordinator-all-normal-r1\runs.csv","C:\perf\results\priority-pr-primary-authoritative-20260723-173319\aspire\block-005\attempt-01\D-candidate-default-normal\monitor\system.csv","C:\perf\results\priority-pr-primary-authoritative-20260723-173319\aspire\block-005\attempt-01\D-candidate-default-normal\monitor\processes.csv","C:\perf\results\priority-pr-primary-authoritative-20260723-173319\aspire\block-005\attempt-01\D-candidate-default-normal\monitor\probes.csv"
"aspire","solution-propagated","5","4","False","1","2","E-candidate-default-high","91.49",,"93.2","127.09","15.33","2.1705584","2.1705584","5","30","0",,"5.0355666","5.0448272","3597.13671875","70","2702.252","4418.92578125","3045.21875","39","1597.42578125","8","C:\perf\results\priority-pr-primary-authoritative-20260723-173319\aspire\block-005\attempt-01\E-candidate-default-high\benchmark\coordinator-priority-r1\normal1\normal1.binlog;C:\perf\results\priority-pr-primary-authoritative-20260723-173319\aspire\block-005\attempt-01\E-candidate-default-high\benchmark\coordinator-priority-r1\normal2\normal2.binlog;C:\perf\results\priority-pr-primary-authoritative-20260723-173319\aspire\block-005\attempt-01\E-candidate-default-high\benchmark\coordinator-priority-r1\normal3\normal3.binlog;C:\perf\results\priority-pr-primary-authoritative-20260723-173319\aspire\block-005\attempt-01\E-candidate-default-high\benchmark\coordinator-priority-r1\normal4\normal4.binlog;C:\perf\results\priority-pr-primary-authoritative-20260723-173319\aspire\block-005\attempt-01\E-candidate-default-high\benchmark\coordinator-priority-r1\high1\high1.binlog","C:\perf\results\priority-pr-primary-authoritative-20260723-173319\aspire\block-005\attempt-01\E-candidate-default-high\benchmark\coordinator-priority-r1\runs.csv","C:\perf\results\priority-pr-primary-authoritative-20260723-173319\aspire\block-005\attempt-01\E-candidate-default-high\monitor\system.csv","C:\perf\results\priority-pr-primary-authoritative-20260723-173319\aspire\block-005\attempt-01\E-candidate-default-high\monitor\processes.csv","C:\perf\results\priority-pr-primary-authoritative-20260723-173319\aspire\block-005\attempt-01\E-candidate-default-high\monitor\probes.csv"
"aspire","solution-propagated","5","4","False","1","3","C-candidate-compat","118.42",,"113.72","136.4","15.36","11.8288744","11.8288744","5","30","3","11.8288744","5.1940651","5.0404187","4518.84765625","43","1794.878","5491.5546875","4031.4375","39","1605.51171875","8","C:\perf\results\priority-pr-primary-authoritative-20260723-173319\aspire\block-005\attempt-01\C-candidate-compat\benchmark\coordinator-all-normal-r1\normal1\normal1.binlog;C:\perf\results\priority-pr-primary-authoritative-20260723-173319\aspire\block-005\attempt-01\C-candidate-compat\benchmark\coordinator-all-normal-r1\normal2\normal2.binlog;C:\perf\results\priority-pr-primary-authoritative-20260723-173319\aspire\block-005\attempt-01\C-candidate-compat\benchmark\coordinator-all-normal-r1\normal3\normal3.binlog;C:\perf\results\priority-pr-primary-authoritative-20260723-173319\aspire\block-005\attempt-01\C-candidate-compat\benchmark\coordinator-all-normal-r1\normal4\normal4.binlog;C:\perf\results\priority-pr-primary-authoritative-20260723-173319\aspire\block-005\attempt-01\C-candidate-compat\benchmark\coordinator-all-normal-r1\high1\high1.binlog","C:\perf\results\priority-pr-primary-authoritative-20260723-173319\aspire\block-005\attempt-01\C-candidate-compat\benchmark\coordinator-all-normal-r1\runs.csv","C:\perf\results\priority-pr-primary-authoritative-20260723-173319\aspire\block-005\attempt-01\C-candidate-compat\monitor\system.csv","C:\perf\results\priority-pr-primary-authoritative-20260723-173319\aspire\block-005\attempt-01\C-candidate-compat\monitor\processes.csv","C:\perf\results\priority-pr-primary-authoritative-20260723-173319\aspire\block-005\attempt-01\C-candidate-compat\monitor\probes.csv"
"aspire","solution-propagated","5","4","False","1","4","A-no-coordinator","156.56",,"168.46","172.01","15.45","8.7126265","8.7126265","5","30","3","8.7126265","5.0667892","6.5324483","11277.03515625","264","6129.76","14894.45703125","8833.12890625","165","1652.5859375","8","C:\perf\results\priority-pr-primary-authoritative-20260723-173319\aspire\block-005\attempt-01\A-no-coordinator\benchmark\no-coordinator-r1\normal1\normal1.binlog;C:\perf\results\priority-pr-primary-authoritative-20260723-173319\aspire\block-005\attempt-01\A-no-coordinator\benchmark\no-coordinator-r1\normal2\normal2.binlog;C:\perf\results\priority-pr-primary-authoritative-20260723-173319\aspire\block-005\attempt-01\A-no-coordinator\benchmark\no-coordinator-r1\normal3\normal3.binlog;C:\perf\results\priority-pr-primary-authoritative-20260723-173319\aspire\block-005\attempt-01\A-no-coordinator\benchmark\no-coordinator-r1\normal4\normal4.binlog;C:\perf\results\priority-pr-primary-authoritative-20260723-173319\aspire\block-005\attempt-01\A-no-coordinator\benchmark\no-coordinator-r1\high1\high1.binlog","C:\perf\results\priority-pr-primary-authoritative-20260723-173319\aspire\block-005\attempt-01\A-no-coordinator\benchmark\no-coordinator-r1\runs.csv","C:\perf\results\priority-pr-primary-authoritative-20260723-173319\aspire\block-005\attempt-01\A-no-coordinator\monitor\system.csv","C:\perf\results\priority-pr-primary-authoritative-20260723-173319\aspire\block-005\attempt-01\A-no-coordinator\monitor\processes.csv","C:\perf\results\priority-pr-primary-authoritative-20260723-173319\aspire\block-005\attempt-01\A-no-coordinator\monitor\probes.csv"
"aspire","solution-propagated","5","4","False","1","5","B-base-coordinator","139.94",,"132.39","158.27","15.42","4.7161712","4.7161712","5","30","0",,"5.0715539","5.0580928","4612.34765625","91","3162.303","5284.109375","3773.171875","39","900.140625","10","C:\perf\results\priority-pr-primary-authoritative-20260723-173319\aspire\block-005\attempt-01\B-base-coordinator\benchmark\coordinator-all-normal-r1\normal1\normal1.binlog;C:\perf\results\priority-pr-primary-authoritative-20260723-173319\aspire\block-005\attempt-01\B-base-coordinator\benchmark\coordinator-all-normal-r1\normal2\normal2.binlog;C:\perf\results\priority-pr-primary-authoritative-20260723-173319\aspire\block-005\attempt-01\B-base-coordinator\benchmark\coordinator-all-normal-r1\normal3\normal3.binlog;C:\perf\results\priority-pr-primary-authoritative-20260723-173319\aspire\block-005\attempt-01\B-base-coordinator\benchmark\coordinator-all-normal-r1\normal4\normal4.binlog;C:\perf\results\priority-pr-primary-authoritative-20260723-173319\aspire\block-005\attempt-01\B-base-coordinator\benchmark\coordinator-all-normal-r1\high1\high1.binlog","C:\perf\results\priority-pr-primary-authoritative-20260723-173319\aspire\block-005\attempt-01\B-base-coordinator\benchmark\coordinator-all-normal-r1\runs.csv","C:\perf\results\priority-pr-primary-authoritative-20260723-173319\aspire\block-005\attempt-01\B-base-coordinator\monitor\system.csv","C:\perf\results\priority-pr-primary-authoritative-20260723-173319\aspire\block-005\attempt-01\B-base-coordinator\monitor\processes.csv","C:\perf\results\priority-pr-primary-authoritative-20260723-173319\aspire\block-005\attempt-01\B-base-coordinator\monitor\probes.csv"
"aspire","solution-propagated","6","5","False","1","1","E-candidate-default-high","102.13",,"117.53","154.8","16.02","2.6481442","2.6481442","5","30","0",,"5.0516377","6.3475771","4627.07421875","79","864.568","5244.54296875","3724.546875","39","1005.20703125","10","C:\perf\results\priority-pr-primary-authoritative-20260723-173319\aspire\block-006\attempt-01\E-candidate-default-high\benchmark\coordinator-priority-r1\normal1\normal1.binlog;C:\perf\results\priority-pr-primary-authoritative-20260723-173319\aspire\block-006\attempt-01\E-candidate-default-high\benchmark\coordinator-priority-r1\normal2\normal2.binlog;C:\perf\results\priority-pr-primary-authoritative-20260723-173319\aspire\block-006\attempt-01\E-candidate-default-high\benchmark\coordinator-priority-r1\normal3\normal3.binlog;C:\perf\results\priority-pr-primary-authoritative-20260723-173319\aspire\block-006\attempt-01\E-candidate-default-high\benchmark\coordinator-priority-r1\normal4\normal4.binlog;C:\perf\results\priority-pr-primary-authoritative-20260723-173319\aspire\block-006\attempt-01\E-candidate-default-high\benchmark\coordinator-priority-r1\high1\high1.binlog","C:\perf\results\priority-pr-primary-authoritative-20260723-173319\aspire\block-006\attempt-01\E-candidate-default-high\benchmark\coordinator-priority-r1\runs.csv","C:\perf\results\priority-pr-primary-authoritative-20260723-173319\aspire\block-006\attempt-01\E-candidate-default-high\monitor\system.csv","C:\perf\results\priority-pr-primary-authoritative-20260723-173319\aspire\block-006\attempt-01\E-candidate-default-high\monitor\processes.csv","C:\perf\results\priority-pr-primary-authoritative-20260723-173319\aspire\block-006\attempt-01\E-candidate-default-high\monitor\probes.csv"
"aspire","solution-propagated","6","5","False","1","2","A-no-coordinator","128.03",,"143.14","144.01","15.1","21.2344097","21.2344097","5","30","9","21.2344097","5.5435902","7.6379274","8145.36328125","214","5072.295","14102","8307.3828125","165","1042.96875","10","C:\perf\results\priority-pr-primary-authoritative-20260723-173319\aspire\block-006\attempt-01\A-no-coordinator\benchmark\no-coordinator-r1\normal1\normal1.binlog;C:\perf\results\priority-pr-primary-authoritative-20260723-173319\aspire\block-006\attempt-01\A-no-coordinator\benchmark\no-coordinator-r1\normal2\normal2.binlog;C:\perf\results\priority-pr-primary-authoritative-20260723-173319\aspire\block-006\attempt-01\A-no-coordinator\benchmark\no-coordinator-r1\normal3\normal3.binlog;C:\perf\results\priority-pr-primary-authoritative-20260723-173319\aspire\block-006\attempt-01\A-no-coordinator\benchmark\no-coordinator-r1\normal4\normal4.binlog;C:\perf\results\priority-pr-primary-authoritative-20260723-173319\aspire\block-006\attempt-01\A-no-coordinator\benchmark\no-coordinator-r1\high1\high1.binlog","C:\perf\results\priority-pr-primary-authoritative-20260723-173319\aspire\block-006\attempt-01\A-no-coordinator\benchmark\no-coordinator-r1\runs.csv","C:\perf\results\priority-pr-primary-authoritative-20260723-173319\aspire\block-006\attempt-01\A-no-coordinator\monitor\system.csv","C:\perf\results\priority-pr-primary-authoritative-20260723-173319\aspire\block-006\attempt-01\A-no-coordinator\monitor\processes.csv","C:\perf\results\priority-pr-primary-authoritative-20260723-173319\aspire\block-006\attempt-01\A-no-coordinator\monitor\probes.csv"
"aspire","solution-propagated","6","5","False","1","3","D-candidate-default-normal","113.08",,"84.5","128.37","15.29","2.1241784","2.1241784","5","30","0",,"5.046464","5.0350154","3429.69140625","80","1750.823","4359.68359375","3114.48046875","31","967.375","10","C:\perf\results\priority-pr-primary-authoritative-20260723-173319\aspire\block-006\attempt-01\D-candidate-default-normal\benchmark\coordinator-all-normal-r1\normal1\normal1.binlog;C:\perf\results\priority-pr-primary-authoritative-20260723-173319\aspire\block-006\attempt-01\D-candidate-default-normal\benchmark\coordinator-all-normal-r1\normal2\normal2.binlog;C:\perf\results\priority-pr-primary-authoritative-20260723-173319\aspire\block-006\attempt-01\D-candidate-default-normal\benchmark\coordinator-all-normal-r1\normal3\normal3.binlog;C:\perf\results\priority-pr-primary-authoritative-20260723-173319\aspire\block-006\attempt-01\D-candidate-default-normal\benchmark\coordinator-all-normal-r1\normal4\normal4.binlog;C:\perf\results\priority-pr-primary-authoritative-20260723-173319\aspire\block-006\attempt-01\D-candidate-default-normal\benchmark\coordinator-all-normal-r1\high1\high1.binlog","C:\perf\results\priority-pr-primary-authoritative-20260723-173319\aspire\block-006\attempt-01\D-candidate-default-normal\benchmark\coordinator-all-normal-r1\runs.csv","C:\perf\results\priority-pr-primary-authoritative-20260723-173319\aspire\block-006\attempt-01\D-candidate-default-normal\monitor\system.csv","C:\perf\results\priority-pr-primary-authoritative-20260723-173319\aspire\block-006\attempt-01\D-candidate-default-normal\monitor\processes.csv","C:\perf\results\priority-pr-primary-authoritative-20260723-173319\aspire\block-006\attempt-01\D-candidate-default-normal\monitor\probes.csv"
"aspire","solution-propagated","6","5","False","1","4","B-base-coordinator","130.19",,"126.2","150.2","16.15","3.2480661","3.2480661","5","30","0",,"5.0748074","5.063402","5148.80078125","100","2863.453","5823.84375","4282.30859375","39","1019.4375","8","C:\perf\results\priority-pr-primary-authoritative-20260723-173319\aspire\block-006\attempt-01\B-base-coordinator\benchmark\coordinator-all-normal-r1\normal1\normal1.binlog;C:\perf\results\priority-pr-primary-authoritative-20260723-173319\aspire\block-006\attempt-01\B-base-coordinator\benchmark\coordinator-all-normal-r1\normal2\normal2.binlog;C:\perf\results\priority-pr-primary-authoritative-20260723-173319\aspire\block-006\attempt-01\B-base-coordinator\benchmark\coordinator-all-normal-r1\normal3\normal3.binlog;C:\perf\results\priority-pr-primary-authoritative-20260723-173319\aspire\block-006\attempt-01\B-base-coordinator\benchmark\coordinator-all-normal-r1\normal4\normal4.binlog;C:\perf\results\priority-pr-primary-authoritative-20260723-173319\aspire\block-006\attempt-01\B-base-coordinator\benchmark\coordinator-all-normal-r1\high1\high1.binlog","C:\perf\results\priority-pr-primary-authoritative-20260723-173319\aspire\block-006\attempt-01\B-base-coordinator\benchmark\coordinator-all-normal-r1\runs.csv","C:\perf\results\priority-pr-primary-authoritative-20260723-173319\aspire\block-006\attempt-01\B-base-coordinator\monitor\system.csv","C:\perf\results\priority-pr-primary-authoritative-20260723-173319\aspire\block-006\attempt-01\B-base-coordinator\monitor\processes.csv","C:\perf\results\priority-pr-primary-authoritative-20260723-173319\aspire\block-006\attempt-01\B-base-coordinator\monitor\probes.csv"
"aspire","solution-propagated","6","5","False","1","5","C-candidate-compat","138.73",,"131.28","158.37","15.33","2.4896607","2.4896607","5","30","0",,"5.0417255","5.0276409","4690.515625","98","3181.356","5474.52734375","3937.26171875","39","1015.3828125","8","C:\perf\results\priority-pr-primary-authoritative-20260723-173319\aspire\block-006\attempt-01\C-candidate-compat\benchmark\coordinator-all-normal-r1\normal1\normal1.binlog;C:\perf\results\priority-pr-primary-authoritative-20260723-173319\aspire\block-006\attempt-01\C-candidate-compat\benchmark\coordinator-all-normal-r1\normal2\normal2.binlog;C:\perf\results\priority-pr-primary-authoritative-20260723-173319\aspire\block-006\attempt-01\C-candidate-compat\benchmark\coordinator-all-normal-r1\normal3\normal3.binlog;C:\perf\results\priority-pr-primary-authoritative-20260723-173319\aspire\block-006\attempt-01\C-candidate-compat\benchmark\coordinator-all-normal-r1\normal4\normal4.binlog;C:\perf\results\priority-pr-primary-authoritative-20260723-173319\aspire\block-006\attempt-01\C-candidate-compat\benchmark\coordinator-all-normal-r1\high1\high1.binlog","C:\perf\results\priority-pr-primary-authoritative-20260723-173319\aspire\block-006\attempt-01\C-candidate-compat\benchmark\coordinator-all-normal-r1\runs.csv","C:\perf\results\priority-pr-primary-authoritative-20260723-173319\aspire\block-006\attempt-01\C-candidate-compat\monitor\system.csv","C:\perf\results\priority-pr-primary-authoritative-20260723-173319\aspire\block-006\attempt-01\C-candidate-compat\monitor\processes.csv","C:\perf\results\priority-pr-primary-authoritative-20260723-173319\aspire\block-006\attempt-01\C-candidate-compat\monitor\probes.csv"
"aspire","solution-propagated","7","6","False","1","1","D-candidate-default-normal","109.86",,"82.96","125.17","15.31","2.899175","2.899175","5","30","0",,"5.0421054","5.0370471","3335.8515625","66","1903.248","4142.6953125","2969.7421875","31","984.3046875","8","C:\perf\results\priority-pr-primary-authoritative-20260723-173319\aspire\block-007\attempt-01\D-candidate-default-normal\benchmark\coordinator-all-normal-r1\normal1\normal1.binlog;C:\perf\results\priority-pr-primary-authoritative-20260723-173319\aspire\block-007\attempt-01\D-candidate-default-normal\benchmark\coordinator-all-normal-r1\normal2\normal2.binlog;C:\perf\results\priority-pr-primary-authoritative-20260723-173319\aspire\block-007\attempt-01\D-candidate-default-normal\benchmark\coordinator-all-normal-r1\normal3\normal3.binlog;C:\perf\results\priority-pr-primary-authoritative-20260723-173319\aspire\block-007\attempt-01\D-candidate-default-normal\benchmark\coordinator-all-normal-r1\normal4\normal4.binlog;C:\perf\results\priority-pr-primary-authoritative-20260723-173319\aspire\block-007\attempt-01\D-candidate-default-normal\benchmark\coordinator-all-normal-r1\high1\high1.binlog","C:\perf\results\priority-pr-primary-authoritative-20260723-173319\aspire\block-007\attempt-01\D-candidate-default-normal\benchmark\coordinator-all-normal-r1\runs.csv","C:\perf\results\priority-pr-primary-authoritative-20260723-173319\aspire\block-007\attempt-01\D-candidate-default-normal\monitor\system.csv","C:\perf\results\priority-pr-primary-authoritative-20260723-173319\aspire\block-007\attempt-01\D-candidate-default-normal\monitor\processes.csv","C:\perf\results\priority-pr-primary-authoritative-20260723-173319\aspire\block-007\attempt-01\D-candidate-default-normal\monitor\probes.csv"
"aspire","solution-propagated","7","6","False","1","2","C-candidate-compat","116.16",,"110.97","133.72","15.41","4.743241","4.743241","5","30","0",,"5.0482017","5.1612939","4616.39453125","91","4819.749","5538.1640625","4008.2265625","39","1036.56640625","10","C:\perf\results\priority-pr-primary-authoritative-20260723-173319\aspire\block-007\attempt-01\C-candidate-compat\benchmark\coordinator-all-normal-r1\normal1\normal1.binlog;C:\perf\results\priority-pr-primary-authoritative-20260723-173319\aspire\block-007\attempt-01\C-candidate-compat\benchmark\coordinator-all-normal-r1\normal2\normal2.binlog;C:\perf\results\priority-pr-primary-authoritative-20260723-173319\aspire\block-007\attempt-01\C-candidate-compat\benchmark\coordinator-all-normal-r1\normal3\normal3.binlog;C:\perf\results\priority-pr-primary-authoritative-20260723-173319\aspire\block-007\attempt-01\C-candidate-compat\benchmark\coordinator-all-normal-r1\normal4\normal4.binlog;C:\perf\results\priority-pr-primary-authoritative-20260723-173319\aspire\block-007\attempt-01\C-candidate-compat\benchmark\coordinator-all-normal-r1\high1\high1.binlog","C:\perf\results\priority-pr-primary-authoritative-20260723-173319\aspire\block-007\attempt-01\C-candidate-compat\benchmark\coordinator-all-normal-r1\runs.csv","C:\perf\results\priority-pr-primary-authoritative-20260723-173319\aspire\block-007\attempt-01\C-candidate-compat\monitor\system.csv","C:\perf\results\priority-pr-primary-authoritative-20260723-173319\aspire\block-007\attempt-01\C-candidate-compat\monitor\processes.csv","C:\perf\results\priority-pr-primary-authoritative-20260723-173319\aspire\block-007\attempt-01\C-candidate-compat\monitor\probes.csv"
"aspire","solution-propagated","7","6","False","1","3","E-candidate-default-high","80.09",,"95.67","134.4","15.37","2.0992024","2.0992024","5","30","0",,"5.0398217","5.1550921","3834.4921875","83","1364.073","4837.7265625","3336.03515625","39","1728.078125","10","C:\perf\results\priority-pr-primary-authoritative-20260723-173319\aspire\block-007\attempt-01\E-candidate-default-high\benchmark\coordinator-priority-r1\normal1\normal1.binlog;C:\perf\results\priority-pr-primary-authoritative-20260723-173319\aspire\block-007\attempt-01\E-candidate-default-high\benchmark\coordinator-priority-r1\normal2\normal2.binlog;C:\perf\results\priority-pr-primary-authoritative-20260723-173319\aspire\block-007\attempt-01\E-candidate-default-high\benchmark\coordinator-priority-r1\normal3\normal3.binlog;C:\perf\results\priority-pr-primary-authoritative-20260723-173319\aspire\block-007\attempt-01\E-candidate-default-high\benchmark\coordinator-priority-r1\normal4\normal4.binlog;C:\perf\results\priority-pr-primary-authoritative-20260723-173319\aspire\block-007\attempt-01\E-candidate-default-high\benchmark\coordinator-priority-r1\high1\high1.binlog","C:\perf\results\priority-pr-primary-authoritative-20260723-173319\aspire\block-007\attempt-01\E-candidate-default-high\benchmark\coordinator-priority-r1\runs.csv","C:\perf\results\priority-pr-primary-authoritative-20260723-173319\aspire\block-007\attempt-01\E-candidate-default-high\monitor\system.csv","C:\perf\results\priority-pr-primary-authoritative-20260723-173319\aspire\block-007\attempt-01\E-candidate-default-high\monitor\processes.csv","C:\perf\results\priority-pr-primary-authoritative-20260723-173319\aspire\block-007\attempt-01\E-candidate-default-high\monitor\probes.csv"
"aspire","solution-propagated","7","6","False","1","4","B-base-coordinator","133.74",,"126.56","153","15.35","2.5557935","2.5557935","5","30","0",,"5.0428537","5.045075","4616.72265625","70","2010.441","5360.4765625","3845.1484375","39","926.41015625","8","C:\perf\results\priority-pr-primary-authoritative-20260723-173319\aspire\block-007\attempt-01\B-base-coordinator\benchmark\coordinator-all-normal-r1\normal1\normal1.binlog;C:\perf\results\priority-pr-primary-authoritative-20260723-173319\aspire\block-007\attempt-01\B-base-coordinator\benchmark\coordinator-all-normal-r1\normal2\normal2.binlog;C:\perf\results\priority-pr-primary-authoritative-20260723-173319\aspire\block-007\attempt-01\B-base-coordinator\benchmark\coordinator-all-normal-r1\normal3\normal3.binlog;C:\perf\results\priority-pr-primary-authoritative-20260723-173319\aspire\block-007\attempt-01\B-base-coordinator\benchmark\coordinator-all-normal-r1\normal4\normal4.binlog;C:\perf\results\priority-pr-primary-authoritative-20260723-173319\aspire\block-007\attempt-01\B-base-coordinator\benchmark\coordinator-all-normal-r1\high1\high1.binlog","C:\perf\results\priority-pr-primary-authoritative-20260723-173319\aspire\block-007\attempt-01\B-base-coordinator\benchmark\coordinator-all-normal-r1\runs.csv","C:\perf\results\priority-pr-primary-authoritative-20260723-173319\aspire\block-007\attempt-01\B-base-coordinator\monitor\system.csv","C:\perf\results\priority-pr-primary-authoritative-20260723-173319\aspire\block-007\attempt-01\B-base-coordinator\monitor\processes.csv","C:\perf\results\priority-pr-primary-authoritative-20260723-173319\aspire\block-007\attempt-01\B-base-coordinator\monitor\probes.csv"
"aspire","solution-propagated","7","6","False","1","5","A-no-coordinator","128.67",,"146.01","147.82","15.48","7.9288748","7.9288748","5","30","3","7.9288748","5.0605474","10.4552744","11585.0703125","257","9252.818","14454.171875","8621.41796875","165","931.09375","8","C:\perf\results\priority-pr-primary-authoritative-20260723-173319\aspire\block-007\attempt-01\A-no-coordinator\benchmark\no-coordinator-r1\normal1\normal1.binlog;C:\perf\results\priority-pr-primary-authoritative-20260723-173319\aspire\block-007\attempt-01\A-no-coordinator\benchmark\no-coordinator-r1\normal2\normal2.binlog;C:\perf\results\priority-pr-primary-authoritative-20260723-173319\aspire\block-007\attempt-01\A-no-coordinator\benchmark\no-coordinator-r1\normal3\normal3.binlog;C:\perf\results\priority-pr-primary-authoritative-20260723-173319\aspire\block-007\attempt-01\A-no-coordinator\benchmark\no-coordinator-r1\normal4\normal4.binlog;C:\perf\results\priority-pr-primary-authoritative-20260723-173319\aspire\block-007\attempt-01\A-no-coordinator\benchmark\no-coordinator-r1\high1\high1.binlog","C:\perf\results\priority-pr-primary-authoritative-20260723-173319\aspire\block-007\attempt-01\A-no-coordinator\benchmark\no-coordinator-r1\runs.csv","C:\perf\results\priority-pr-primary-authoritative-20260723-173319\aspire\block-007\attempt-01\A-no-coordinator\monitor\system.csv","C:\perf\results\priority-pr-primary-authoritative-20260723-173319\aspire\block-007\attempt-01\A-no-coordinator\monitor\processes.csv","C:\perf\results\priority-pr-primary-authoritative-20260723-173319\aspire\block-007\attempt-01\A-no-coordinator\monitor\probes.csv"
"aspire","solution-propagated","8","7","False","1","1","E-candidate-default-high","87.88",,"92.94","126.4","15.33","2.0012301","2.0012301","5","30","0",,"5.0348818","5.19471","3967.1796875","79","2304.417","4985.15234375","3498.82421875","39","896.3203125","8","C:\perf\results\priority-pr-primary-authoritative-20260723-173319\aspire\block-008\attempt-01\E-candidate-default-high\benchmark\coordinator-priority-r1\normal1\normal1.binlog;C:\perf\results\priority-pr-primary-authoritative-20260723-173319\aspire\block-008\attempt-01\E-candidate-default-high\benchmark\coordinator-priority-r1\normal2\normal2.binlog;C:\perf\results\priority-pr-primary-authoritative-20260723-173319\aspire\block-008\attempt-01\E-candidate-default-high\benchmark\coordinator-priority-r1\normal3\normal3.binlog;C:\perf\results\priority-pr-primary-authoritative-20260723-173319\aspire\block-008\attempt-01\E-candidate-default-high\benchmark\coordinator-priority-r1\normal4\normal4.binlog;C:\perf\results\priority-pr-primary-authoritative-20260723-173319\aspire\block-008\attempt-01\E-candidate-default-high\benchmark\coordinator-priority-r1\high1\high1.binlog","C:\perf\results\priority-pr-primary-authoritative-20260723-173319\aspire\block-008\attempt-01\E-candidate-default-high\benchmark\coordinator-priority-r1\runs.csv","C:\perf\results\priority-pr-primary-authoritative-20260723-173319\aspire\block-008\attempt-01\E-candidate-default-high\monitor\system.csv","C:\perf\results\priority-pr-primary-authoritative-20260723-173319\aspire\block-008\attempt-01\E-candidate-default-high\monitor\processes.csv","C:\perf\results\priority-pr-primary-authoritative-20260723-173319\aspire\block-008\attempt-01\E-candidate-default-high\monitor\probes.csv"
"aspire","solution-propagated","8","7","False","1","2","D-candidate-default-normal","112.29",,"85.64","128.43","15.37","2.7627676","2.7627676","5","30","0",,"5.0338119","5.0720179","3435.203125","72","2215.134","4378.046875","3185.984375","31","978.68359375","10","C:\perf\results\priority-pr-primary-authoritative-20260723-173319\aspire\block-008\attempt-01\D-candidate-default-normal\benchmark\coordinator-all-normal-r1\normal1\normal1.binlog;C:\perf\results\priority-pr-primary-authoritative-20260723-173319\aspire\block-008\attempt-01\D-candidate-default-normal\benchmark\coordinator-all-normal-r1\normal2\normal2.binlog;C:\perf\results\priority-pr-primary-authoritative-20260723-173319\aspire\block-008\attempt-01\D-candidate-default-normal\benchmark\coordinator-all-normal-r1\normal3\normal3.binlog;C:\perf\results\priority-pr-primary-authoritative-20260723-173319\aspire\block-008\attempt-01\D-candidate-default-normal\benchmark\coordinator-all-normal-r1\normal4\normal4.binlog;C:\perf\results\priority-pr-primary-authoritative-20260723-173319\aspire\block-008\attempt-01\D-candidate-default-normal\benchmark\coordinator-all-normal-r1\high1\high1.binlog","C:\perf\results\priority-pr-primary-authoritative-20260723-173319\aspire\block-008\attempt-01\D-candidate-default-normal\benchmark\coordinator-all-normal-r1\runs.csv","C:\perf\results\priority-pr-primary-authoritative-20260723-173319\aspire\block-008\attempt-01\D-candidate-default-normal\monitor\system.csv","C:\perf\results\priority-pr-primary-authoritative-20260723-173319\aspire\block-008\attempt-01\D-candidate-default-normal\monitor\processes.csv","C:\perf\results\priority-pr-primary-authoritative-20260723-173319\aspire\block-008\attempt-01\D-candidate-default-normal\monitor\probes.csv"
"aspire","solution-propagated","8","7","False","1","3","A-no-coordinator","146.59",,"161.03","162.46","15.29","6.543373","6.543373","5","30","2","6.543373","5.1100912","7.2365037","11334.57421875","248","4939.711","14598.8359375","8595.8359375","165","1065.0078125","10","C:\perf\results\priority-pr-primary-authoritative-20260723-173319\aspire\block-008\attempt-01\A-no-coordinator\benchmark\no-coordinator-r1\normal1\normal1.binlog;C:\perf\results\priority-pr-primary-authoritative-20260723-173319\aspire\block-008\attempt-01\A-no-coordinator\benchmark\no-coordinator-r1\normal2\normal2.binlog;C:\perf\results\priority-pr-primary-authoritative-20260723-173319\aspire\block-008\attempt-01\A-no-coordinator\benchmark\no-coordinator-r1\normal3\normal3.binlog;C:\perf\results\priority-pr-primary-authoritative-20260723-173319\aspire\block-008\attempt-01\A-no-coordinator\benchmark\no-coordinator-r1\normal4\normal4.binlog;C:\perf\results\priority-pr-primary-authoritative-20260723-173319\aspire\block-008\attempt-01\A-no-coordinator\benchmark\no-coordinator-r1\high1\high1.binlog","C:\perf\results\priority-pr-primary-authoritative-20260723-173319\aspire\block-008\attempt-01\A-no-coordinator\benchmark\no-coordinator-r1\runs.csv","C:\perf\results\priority-pr-primary-authoritative-20260723-173319\aspire\block-008\attempt-01\A-no-coordinator\monitor\system.csv","C:\perf\results\priority-pr-primary-authoritative-20260723-173319\aspire\block-008\attempt-01\A-no-coordinator\monitor\processes.csv","C:\perf\results\priority-pr-primary-authoritative-20260723-173319\aspire\block-008\attempt-01\A-no-coordinator\monitor\probes.csv"
"aspire","solution-propagated","8","7","False","1","4","C-candidate-compat","116.46",,"112.65","136.02","15.43","3.5926774","3.5926774","5","30","0",,"5.0359583","5.0258223","4387.89453125","93","2677.09","5405.6640625","3943.65234375","39","960.5859375","8","C:\perf\results\priority-pr-primary-authoritative-20260723-173319\aspire\block-008\attempt-01\C-candidate-compat\benchmark\coordinator-all-normal-r1\normal1\normal1.binlog;C:\perf\results\priority-pr-primary-authoritative-20260723-173319\aspire\block-008\attempt-01\C-candidate-compat\benchmark\coordinator-all-normal-r1\normal2\normal2.binlog;C:\perf\results\priority-pr-primary-authoritative-20260723-173319\aspire\block-008\attempt-01\C-candidate-compat\benchmark\coordinator-all-normal-r1\normal3\normal3.binlog;C:\perf\results\priority-pr-primary-authoritative-20260723-173319\aspire\block-008\attempt-01\C-candidate-compat\benchmark\coordinator-all-normal-r1\normal4\normal4.binlog;C:\perf\results\priority-pr-primary-authoritative-20260723-173319\aspire\block-008\attempt-01\C-candidate-compat\benchmark\coordinator-all-normal-r1\high1\high1.binlog","C:\perf\results\priority-pr-primary-authoritative-20260723-173319\aspire\block-008\attempt-01\C-candidate-compat\benchmark\coordinator-all-normal-r1\runs.csv","C:\perf\results\priority-pr-primary-authoritative-20260723-173319\aspire\block-008\attempt-01\C-candidate-compat\monitor\system.csv","C:\perf\results\priority-pr-primary-authoritative-20260723-173319\aspire\block-008\attempt-01\C-candidate-compat\monitor\processes.csv","C:\perf\results\priority-pr-primary-authoritative-20260723-173319\aspire\block-008\attempt-01\C-candidate-compat\monitor\probes.csv"
"aspire","solution-propagated","8","7","False","1","5","B-base-coordinator","120.69",,"111.75","136.06","15.37","3.4921216","3.4921216","5","30","0",,"5.0635963","5.0561445","4774.9296875","105","2910.198","5348.76953125","3835.12890625","39","1025.73828125","10","C:\perf\results\priority-pr-primary-authoritative-20260723-173319\aspire\block-008\attempt-01\B-base-coordinator\benchmark\coordinator-all-normal-r1\normal1\normal1.binlog;C:\perf\results\priority-pr-primary-authoritative-20260723-173319\aspire\block-008\attempt-01\B-base-coordinator\benchmark\coordinator-all-normal-r1\normal2\normal2.binlog;C:\perf\results\priority-pr-primary-authoritative-20260723-173319\aspire\block-008\attempt-01\B-base-coordinator\benchmark\coordinator-all-normal-r1\normal3\normal3.binlog;C:\perf\results\priority-pr-primary-authoritative-20260723-173319\aspire\block-008\attempt-01\B-base-coordinator\benchmark\coordinator-all-normal-r1\normal4\normal4.binlog;C:\perf\results\priority-pr-primary-authoritative-20260723-173319\aspire\block-008\attempt-01\B-base-coordinator\benchmark\coordinator-all-normal-r1\high1\high1.binlog","C:\perf\results\priority-pr-primary-authoritative-20260723-173319\aspire\block-008\attempt-01\B-base-coordinator\benchmark\coordinator-all-normal-r1\runs.csv","C:\perf\results\priority-pr-primary-authoritative-20260723-173319\aspire\block-008\attempt-01\B-base-coordinator\monitor\system.csv","C:\perf\results\priority-pr-primary-authoritative-20260723-173319\aspire\block-008\attempt-01\B-base-coordinator\monitor\processes.csv","C:\perf\results\priority-pr-primary-authoritative-20260723-173319\aspire\block-008\attempt-01\B-base-coordinator\monitor\probes.csv"
"aspire","solution-propagated","9","8","False","1","1","A-no-coordinator","120.54",,"136.07","138.19","15.48","10.7561131","10.7561131","5","30","3","10.7561131","5.1512605","7.6721121","9611.44921875","242","5901.081","13300.55078125","7585.0859375","165","1058.35546875","10","C:\perf\results\priority-pr-primary-authoritative-20260723-173319\aspire\block-009\attempt-01\A-no-coordinator\benchmark\no-coordinator-r1\normal1\normal1.binlog;C:\perf\results\priority-pr-primary-authoritative-20260723-173319\aspire\block-009\attempt-01\A-no-coordinator\benchmark\no-coordinator-r1\normal2\normal2.binlog;C:\perf\results\priority-pr-primary-authoritative-20260723-173319\aspire\block-009\attempt-01\A-no-coordinator\benchmark\no-coordinator-r1\normal3\normal3.binlog;C:\perf\results\priority-pr-primary-authoritative-20260723-173319\aspire\block-009\attempt-01\A-no-coordinator\benchmark\no-coordinator-r1\normal4\normal4.binlog;C:\perf\results\priority-pr-primary-authoritative-20260723-173319\aspire\block-009\attempt-01\A-no-coordinator\benchmark\no-coordinator-r1\high1\high1.binlog","C:\perf\results\priority-pr-primary-authoritative-20260723-173319\aspire\block-009\attempt-01\A-no-coordinator\benchmark\no-coordinator-r1\runs.csv","C:\perf\results\priority-pr-primary-authoritative-20260723-173319\aspire\block-009\attempt-01\A-no-coordinator\monitor\system.csv","C:\perf\results\priority-pr-primary-authoritative-20260723-173319\aspire\block-009\attempt-01\A-no-coordinator\monitor\processes.csv","C:\perf\results\priority-pr-primary-authoritative-20260723-173319\aspire\block-009\attempt-01\A-no-coordinator\monitor\probes.csv"
"aspire","solution-propagated","9","8","False","1","2","E-candidate-default-high","85.93",,"91.88","125.77","15.38","2.6333189","2.6333189","5","30","0",,"5.0495005","5.1460952","3861.99609375","71","2498.181","5002.140625","3549.48828125","39","1013.8984375","9","C:\perf\results\priority-pr-primary-authoritative-20260723-173319\aspire\block-009\attempt-01\E-candidate-default-high\benchmark\coordinator-priority-r1\normal1\normal1.binlog;C:\perf\results\priority-pr-primary-authoritative-20260723-173319\aspire\block-009\attempt-01\E-candidate-default-high\benchmark\coordinator-priority-r1\normal2\normal2.binlog;C:\perf\results\priority-pr-primary-authoritative-20260723-173319\aspire\block-009\attempt-01\E-candidate-default-high\benchmark\coordinator-priority-r1\normal3\normal3.binlog;C:\perf\results\priority-pr-primary-authoritative-20260723-173319\aspire\block-009\attempt-01\E-candidate-default-high\benchmark\coordinator-priority-r1\normal4\normal4.binlog;C:\perf\results\priority-pr-primary-authoritative-20260723-173319\aspire\block-009\attempt-01\E-candidate-default-high\benchmark\coordinator-priority-r1\high1\high1.binlog","C:\perf\results\priority-pr-primary-authoritative-20260723-173319\aspire\block-009\attempt-01\E-candidate-default-high\benchmark\coordinator-priority-r1\runs.csv","C:\perf\results\priority-pr-primary-authoritative-20260723-173319\aspire\block-009\attempt-01\E-candidate-default-high\monitor\system.csv","C:\perf\results\priority-pr-primary-authoritative-20260723-173319\aspire\block-009\attempt-01\E-candidate-default-high\monitor\processes.csv","C:\perf\results\priority-pr-primary-authoritative-20260723-173319\aspire\block-009\attempt-01\E-candidate-default-high\monitor\probes.csv"
"aspire","solution-propagated","9","8","False","1","3","B-base-coordinator","123.33",,"114.07","138.72","15.39","3.3985536","3.3985536","5","30","0",,"5.18891","5.0632848","4579.6796875","92","3144.509","5296.16796875","3845.15625","39","1019.26953125","8","C:\perf\results\priority-pr-primary-authoritative-20260723-173319\aspire\block-009\attempt-01\B-base-coordinator\benchmark\coordinator-all-normal-r1\normal1\normal1.binlog;C:\perf\results\priority-pr-primary-authoritative-20260723-173319\aspire\block-009\attempt-01\B-base-coordinator\benchmark\coordinator-all-normal-r1\normal2\normal2.binlog;C:\perf\results\priority-pr-primary-authoritative-20260723-173319\aspire\block-009\attempt-01\B-base-coordinator\benchmark\coordinator-all-normal-r1\normal3\normal3.binlog;C:\perf\results\priority-pr-primary-authoritative-20260723-173319\aspire\block-009\attempt-01\B-base-coordinator\benchmark\coordinator-all-normal-r1\normal4\normal4.binlog;C:\perf\results\priority-pr-primary-authoritative-20260723-173319\aspire\block-009\attempt-01\B-base-coordinator\benchmark\coordinator-all-normal-r1\high1\high1.binlog","C:\perf\results\priority-pr-primary-authoritative-20260723-173319\aspire\block-009\attempt-01\B-base-coordinator\benchmark\coordinator-all-normal-r1\runs.csv","C:\perf\results\priority-pr-primary-authoritative-20260723-173319\aspire\block-009\attempt-01\B-base-coordinator\monitor\system.csv","C:\perf\results\priority-pr-primary-authoritative-20260723-173319\aspire\block-009\attempt-01\B-base-coordinator\monitor\processes.csv","C:\perf\results\priority-pr-primary-authoritative-20260723-173319\aspire\block-009\attempt-01\B-base-coordinator\monitor\probes.csv"
"aspire","solution-propagated","9","8","False","1","4","D-candidate-default-normal","111.21",,"82.7","126.52","15.31","1.7142179","1.7142179","5","30","0",,"5.0404463","5.0493534","3273.82421875","59","1687.47","4104.0546875","2931.6484375","31","1007.50390625","8","C:\perf\results\priority-pr-primary-authoritative-20260723-173319\aspire\block-009\attempt-01\D-candidate-default-normal\benchmark\coordinator-all-normal-r1\normal1\normal1.binlog;C:\perf\results\priority-pr-primary-authoritative-20260723-173319\aspire\block-009\attempt-01\D-candidate-default-normal\benchmark\coordinator-all-normal-r1\normal2\normal2.binlog;C:\perf\results\priority-pr-primary-authoritative-20260723-173319\aspire\block-009\attempt-01\D-candidate-default-normal\benchmark\coordinator-all-normal-r1\normal3\normal3.binlog;C:\perf\results\priority-pr-primary-authoritative-20260723-173319\aspire\block-009\attempt-01\D-candidate-default-normal\benchmark\coordinator-all-normal-r1\normal4\normal4.binlog;C:\perf\results\priority-pr-primary-authoritative-20260723-173319\aspire\block-009\attempt-01\D-candidate-default-normal\benchmark\coordinator-all-normal-r1\high1\high1.binlog","C:\perf\results\priority-pr-primary-authoritative-20260723-173319\aspire\block-009\attempt-01\D-candidate-default-normal\benchmark\coordinator-all-normal-r1\runs.csv","C:\perf\results\priority-pr-primary-authoritative-20260723-173319\aspire\block-009\attempt-01\D-candidate-default-normal\monitor\system.csv","C:\perf\results\priority-pr-primary-authoritative-20260723-173319\aspire\block-009\attempt-01\D-candidate-default-normal\monitor\processes.csv","C:\perf\results\priority-pr-primary-authoritative-20260723-173319\aspire\block-009\attempt-01\D-candidate-default-normal\monitor\probes.csv"
"aspire","solution-propagated","9","8","False","1","5","C-candidate-compat","118.51",,"113.39","137.99","15.34","3.1366285","3.1366285","5","30","0",,"5.0386987","7.2748512","4461.23828125","101","7269.649","5310.44921875","3866.95703125","39","1003.96875","8","C:\perf\results\priority-pr-primary-authoritative-20260723-173319\aspire\block-009\attempt-01\C-candidate-compat\benchmark\coordinator-all-normal-r1\normal1\normal1.binlog;C:\perf\results\priority-pr-primary-authoritative-20260723-173319\aspire\block-009\attempt-01\C-candidate-compat\benchmark\coordinator-all-normal-r1\normal2\normal2.binlog;C:\perf\results\priority-pr-primary-authoritative-20260723-173319\aspire\block-009\attempt-01\C-candidate-compat\benchmark\coordinator-all-normal-r1\normal3\normal3.binlog;C:\perf\results\priority-pr-primary-authoritative-20260723-173319\aspire\block-009\attempt-01\C-candidate-compat\benchmark\coordinator-all-normal-r1\normal4\normal4.binlog;C:\perf\results\priority-pr-primary-authoritative-20260723-173319\aspire\block-009\attempt-01\C-candidate-compat\benchmark\coordinator-all-normal-r1\high1\high1.binlog","C:\perf\results\priority-pr-primary-authoritative-20260723-173319\aspire\block-009\attempt-01\C-candidate-compat\benchmark\coordinator-all-normal-r1\runs.csv","C:\perf\results\priority-pr-primary-authoritative-20260723-173319\aspire\block-009\attempt-01\C-candidate-compat\monitor\system.csv","C:\perf\results\priority-pr-primary-authoritative-20260723-173319\aspire\block-009\attempt-01\C-candidate-compat\monitor\processes.csv","C:\perf\results\priority-pr-primary-authoritative-20260723-173319\aspire\block-009\attempt-01\C-candidate-compat\monitor\probes.csv"
