"Run","RelativePath","Bytes","SHA256"
"priority","aspire/block-001/attempt-01/A-no-coordinator/benchmark/no-coordinator-r1/high1/high1.binlog","6020845","22C2C4D3B6F3C90744E5251A7384A638440D9638D7F61B3360EB3C7622559F3C"
"priority","aspire/block-001/attempt-01/A-no-coordinator/benchmark/no-coordinator-r1/normal1/normal1.binlog","5966024","5C43EF135C03C449D24036CEB938E761D66FF90D711CCB7B53A2D4A7BCD06A05"
"priority","aspire/block-001/attempt-01/A-no-coordinator/benchmark/no-coordinator-r1/normal2/normal2.binlog","5973329","D3A6771A3C2710AF774E528FA9C12F26BEB6A3095FFDFF5A09DDF350AE8D3CE0"
"priority","aspire/block-001/attempt-01/A-no-coordinator/benchmark/no-coordinator-r1/normal3/normal3.binlog","5902048","12C18F18A0B5A38B8835AA4F4D2417A45B053A0D3DDC53C005A7A11BA1D0572D"
"priority","aspire/block-001/attempt-01/A-no-coordinator/benchmark/no-coordinator-r1/normal4/normal4.binlog","6040126","35F52DDB79883089347BB259E35859BEEB9807A68D36C5050298BDC10CC588F9"
"priority","aspire/block-001/attempt-01/B-base-coordinator/benchmark/coordinator-all-normal-r1/high1/high1.binlog","6049973","DD1A622299C688F27FC526961501CB6EBC7C125D629D42EE03878C2655959141"
"priority","aspire/block-001/attempt-01/B-base-coordinator/benchmark/coordinator-all-normal-r1/normal1/normal1.binlog","6110331","4DF37F2780E64713CA8D5393B2ECC5F65E048DAD8B7764DAD4469223207F8ADC"
"priority","aspire/block-001/attempt-01/B-base-coordinator/benchmark/coordinator-all-normal-r1/normal2/normal2.binlog","6091527","7A41229C92AE122F4134119A397222DADDDDBD75E0737EC22633F7706DD110A7"
"priority","aspire/block-001/attempt-01/B-base-coordinator/benchmark/coordinator-all-normal-r1/normal3/normal3.binlog","6077090","5AE4E7F68C7745BA43C77DC4CE16F91312CF1F422D29583A59B75B1F6548C048"
"priority","aspire/block-001/attempt-01/B-base-coordinator/benchmark/coordinator-all-normal-r1/normal4/normal4.binlog","6275452","D0F89F251E979124FA88EFB35D976F5707B2373B50E1925A42E076FF05B71768"
"priority","aspire/block-001/attempt-01/C-candidate-compat/benchmark/coordinator-all-normal-r1/high1/high1.binlog","6059178","D474572E2759A843C283436A0F030C701AC5A92868E9D6AD3B5D35F97048030E"
"priority","aspire/block-001/attempt-01/C-candidate-compat/benchmark/coordinator-all-normal-r1/normal1/normal1.binlog","6099910","98CCE4B0ADC420224FB40C5069A1C5080EBC7CC73A3A3E6098B73701B222D669"
"priority","aspire/block-001/attempt-01/C-candidate-compat/benchmark/coordinator-all-normal-r1/normal2/normal2.binlog","6055406","36D793E37EE1248776636F1DCE6FCB73C0350B01E20432ADF107C002571DC6B5"
"priority","aspire/block-001/attempt-01/C-candidate-compat/benchmark/coordinator-all-normal-r1/normal3/normal3.binlog","6298662","BEB745F36087E68A73E6FC2EF0697046825FF0B44B0DE5464AB1958DB5805232"
"priority","aspire/block-001/attempt-01/C-candidate-compat/benchmark/coordinator-all-normal-r1/normal4/normal4.binlog","6046750","09F35CB29210BDBA10D6617E5486C597A095AEF53A886FEA8313D26DB49DF02D"
"priority","aspire/block-001/attempt-01/D-candidate-default-normal/benchmark/coordinator-all-normal-r1/high1/high1.binlog","6037957","4BD92C39906DC8415112A5A0B69727AF71BD5871BE4B17E824489C22DAF3E2ED"
"priority","aspire/block-001/attempt-01/D-candidate-default-normal/benchmark/coordinator-all-normal-r1/normal1/normal1.binlog","6104122","FBEEC2F400CE9AACB5507F0A1EF65D988424CF759149F65A92909BD5B38E2A17"
"priority","aspire/block-001/attempt-01/D-candidate-default-normal/benchmark/coordinator-all-normal-r1/normal2/normal2.binlog","5992991","16B2ED30F8AF0B43692C43239B8069F97FC660193F30E03F7F4FEB7EF6858A24"
"priority","aspire/block-001/attempt-01/D-candidate-default-normal/benchmark/coordinator-all-normal-r1/normal3/normal3.binlog","6039382","96C0D6539A8331E326541CCFF20DE0102BE120B35C1DEDA16D2CB5D0AF586AB7"
"priority","aspire/block-001/attempt-01/D-candidate-default-normal/benchmark/coordinator-all-normal-r1/normal4/normal4.binlog","6072785","78A217E0D90BD48F077052A5635A3A2A7054F8EE738E8FCFBFDE5AE2640A4808"
"priority","aspire/block-001/attempt-01/E-candidate-default-high/benchmark/coordinator-priority-r1/high1/high1.binlog","6002236","5A5D56AD06C4F01E5952A8B1C455C9B06B0EC770FE6EA369A73CC01CA97E663A"
"priority","aspire/block-001/attempt-01/E-candidate-default-high/benchmark/coordinator-priority-r1/normal1/normal1.binlog","6064701","AD3AB66AFB275CBF5CDD9AD12DB03AAE40503A64CAFCCFBE28540BE1F1F3293C"
"priority","aspire/block-001/attempt-01/E-candidate-default-high/benchmark/coordinator-priority-r1/normal2/normal2.binlog","5914444","01713BD7E30686F9072BA5F5AB6520DE3DB15DF3CA5E29692BFD7908C19AE671"
"priority","aspire/block-001/attempt-01/E-candidate-default-high/benchmark/coordinator-priority-r1/normal3/normal3.binlog","6197936","81DBBA48CC5F76013AB350ECA0235A6196251A7B5C9C8D2CE8DF357F49271D83"
"priority","aspire/block-001/attempt-01/E-candidate-default-high/benchmark/coordinator-priority-r1/normal4/normal4.binlog","5999186","6A042FD664FD583B10183CD7EC9370DCD371038DAEEDA8A638DBCBF1F189C6B4"
"priority","aspire/block-002/attempt-01/A-no-coordinator/benchmark/no-coordinator-r1/high1/high1.binlog","6003513","2906F28E074F4D64107B7C9AE76E06CC6839C7775C1EF8F6A1F11113A5CB1F0D"
"priority","aspire/block-002/attempt-01/A-no-coordinator/benchmark/no-coordinator-r1/normal1/normal1.binlog","5921752","1BC44B2A55D2C90BC0EA563F61C2094E7A31CBB801B5420ABE84840A4A5C173C"
"priority","aspire/block-002/attempt-01/A-no-coordinator/benchmark/no-coordinator-r1/normal2/normal2.binlog","6002679","A6CAD1528E6606BA1F189D76E13892CB8E200980AE1C9E903995159109E638B5"
"priority","aspire/block-002/attempt-01/A-no-coordinator/benchmark/no-coordinator-r1/normal3/normal3.binlog","6106479","7C45FBE675FD5B6E62709B2C4C112EEE6F4B3F9E16020E9B13C27C25F4241360"
"priority","aspire/block-002/attempt-01/A-no-coordinator/benchmark/no-coordinator-r1/normal4/normal4.binlog","5929466","D404BC5B14C3380AC637FCDE3B694EDF17FAE9308270FEB5DF0C860A162355A8"
"priority","aspire/block-002/attempt-01/B-base-coordinator/benchmark/coordinator-all-normal-r1/high1/high1.binlog","6033757","6DE2F09923D90F6FE8212E8D48EA495F451857B1F878EFE39DD9AA903A1509B8"
"priority","aspire/block-002/attempt-01/B-base-coordinator/benchmark/coordinator-all-normal-r1/normal1/normal1.binlog","6434213","8998D265AF72D142E1CF527B76DA62672584543D1A6D6EFC556F64B11C764640"
"priority","aspire/block-002/attempt-01/B-base-coordinator/benchmark/coordinator-all-normal-r1/normal2/normal2.binlog","6097024","C34F865AD7929F77935C1D3030A4826EE06AC98AC09B17CD929FF7E9C32AF592"
"priority","aspire/block-002/attempt-01/B-base-coordinator/benchmark/coordinator-all-normal-r1/normal3/normal3.binlog","6072293","69C486BE5F9399DDC755302831D6F9FF3CC0BE207E3B03A7B267641EDDB70939"
"priority","aspire/block-002/attempt-01/B-base-coordinator/benchmark/coordinator-all-normal-r1/normal4/normal4.binlog","6021741","0D682ADD3E384D4D22F850126297E154A625C920B7C4D65B7559268B161AD741"
"priority","aspire/block-002/attempt-01/C-candidate-compat/benchmark/coordinator-all-normal-r1/high1/high1.binlog","6062587","31AC5A753B9F26E31C1362F3D66811FEB151C3E13EBD660E796F99FC089F7C20"
"priority","aspire/block-002/attempt-01/C-candidate-compat/benchmark/coordinator-all-normal-r1/normal1/normal1.binlog","5995935","207DA5534532007E74C78DB756FF14C940C81A3257FCD36306042261FC81868E"
"priority","aspire/block-002/attempt-01/C-candidate-compat/benchmark/coordinator-all-normal-r1/normal2/normal2.binlog","5990639","E3F64240A091026E5A798E68DE109288A23EE4233E077D94329A358F03E2E2BD"
"priority","aspire/block-002/attempt-01/C-candidate-compat/benchmark/coordinator-all-normal-r1/normal3/normal3.binlog","6022149","409FF9BC60F8B1DFEC57FD3855333984FF85EC4105E1FF7CC4CEE107158F8985"
"priority","aspire/block-002/attempt-01/C-candidate-compat/benchmark/coordinator-all-normal-r1/normal4/normal4.binlog","6405231","3406A32B58929F52F6CAC31B7E3497723CE521AED3FC79EE4C725AD3B87F4946"
"priority","aspire/block-002/attempt-01/D-candidate-default-normal/benchmark/coordinator-all-normal-r1/high1/high1.binlog","6021331","A92712B7215A453BDE8D4E300CD646003821B73A37ACF9C75FEBE5C37849E1B7"
"priority","aspire/block-002/attempt-01/D-candidate-default-normal/benchmark/coordinator-all-normal-r1/normal1/normal1.binlog","6090524","2179C38E2F0A9E200B2A28B2E7C5AC0C2E42C85A8C7E2C609B96865DE86512DA"
"priority","aspire/block-002/attempt-01/D-candidate-default-normal/benchmark/coordinator-all-normal-r1/normal2/normal2.binlog","5954037","44B67A8026EE62447B316859354C6C04397004AA5215145EFEB03310F355A338"
"priority","aspire/block-002/attempt-01/D-candidate-default-normal/benchmark/coordinator-all-normal-r1/normal3/normal3.binlog","5990516","31F1BE890BE0556BB1294E0AC21FB5ACBD859902250613C7BFD8C87FCA87388A"
"priority","aspire/block-002/attempt-01/D-candidate-default-normal/benchmark/coordinator-all-normal-r1/normal4/normal4.binlog","6045144","1B9ADC42579D98716D912F7805B204BBD4489859E1D9D6DC358E8B7956E13FD7"
"priority","aspire/block-002/attempt-01/E-candidate-default-high/benchmark/coordinator-priority-r1/high1/high1.binlog","6047035","5407B192B82114BFE25A1285553CB43484EBD3F5A6D2335CA140DBA46C4E07B8"
"priority","aspire/block-002/attempt-01/E-candidate-default-high/benchmark/coordinator-priority-r1/normal1/normal1.binlog","6133192","C65E409EA3C13A8E96B63E5B741AE0DE80A01ABA4F4CB582A777525F4EB2DCAE"
"priority","aspire/block-002/attempt-01/E-candidate-default-high/benchmark/coordinator-priority-r1/normal2/normal2.binlog","6045736","8BBAE1AC644D093D51E126CAF50E77496FF6B40A020B73F1392B7B9B046B24BB"
"priority","aspire/block-002/attempt-01/E-candidate-default-high/benchmark/coordinator-priority-r1/normal3/normal3.binlog","5991857","6C1E263ED9E4ACE145DC06AD1430810FC4E11B90E7A921CBA138D833F9DF9C6C"
"priority","aspire/block-002/attempt-01/E-candidate-default-high/benchmark/coordinator-priority-r1/normal4/normal4.binlog","6073106","08E2BB469CACC79784309BD6FFD7E4B249C02C2A91B2DE496A991BCEC3B3E265"
"priority","aspire/block-003/attempt-01/A-no-coordinator/benchmark/no-coordinator-r1/high1/high1.binlog","5985247","FF1A1A577AE6408B7B3C465573B5B62926440B1DCC9B4ED5724E83EE4C0414A4"
"priority","aspire/block-003/attempt-01/A-no-coordinator/benchmark/no-coordinator-r1/normal1/normal1.binlog","5960867","D353E59D877A39937D5DB08AE9FA8E642560B800906F270E9066A9F914EDDBF0"
"priority","aspire/block-003/attempt-01/A-no-coordinator/benchmark/no-coordinator-r1/normal2/normal2.binlog","5939528","78587A333E6BF294DD9FE2EB4ACA5B6963C2400C82E9F5FA71BE58F6AC00ADC4"
"priority","aspire/block-003/attempt-01/A-no-coordinator/benchmark/no-coordinator-r1/normal3/normal3.binlog","6092906","E05B481C029E41F23D40EC5D18042F71CA9DA5FCB0F3D6B125191AF47530DFE3"
"priority","aspire/block-003/attempt-01/A-no-coordinator/benchmark/no-coordinator-r1/normal4/normal4.binlog","6044156","BB84A2F0CA64DC7586E800F9B847521F217C839FA3B11231D2CECD00B72BCD96"
"priority","aspire/block-003/attempt-01/B-base-coordinator/benchmark/coordinator-all-normal-r1/high1/high1.binlog","6035782","8513F9776AC24CC1D752AA5F2E27023F74BE248660E7020A2637F461CC7F8EDF"
"priority","aspire/block-003/attempt-01/B-base-coordinator/benchmark/coordinator-all-normal-r1/normal1/normal1.binlog","6055360","3E78576DE992057035F3421A4E2B1AA4B27F4FC39605EA34BB69C5A9E075E07A"
"priority","aspire/block-003/attempt-01/B-base-coordinator/benchmark/coordinator-all-normal-r1/normal2/normal2.binlog","5997961","297A684124D84C982FB47C1D0568B755FD707F8639D89ABDF6B768AC70ED1E9B"
"priority","aspire/block-003/attempt-01/B-base-coordinator/benchmark/coordinator-all-normal-r1/normal3/normal3.binlog","6320272","D43E0BE174F5DD8C6B709F6039E156684D6A255E106E2940CCFAECC2AA775037"
"priority","aspire/block-003/attempt-01/B-base-coordinator/benchmark/coordinator-all-normal-r1/normal4/normal4.binlog","6025360","CF60E72A5F7234AD5F198F8808A6145BE27FFC50B9F46C7AF93F056BA789A4E8"
"priority","aspire/block-003/attempt-01/C-candidate-compat/benchmark/coordinator-all-normal-r1/high1/high1.binlog","6011307","C0519DFFE326EC6AED5108E4B3FE0B8E15A2EFFA701A90608C14FE25A79C82F1"
"priority","aspire/block-003/attempt-01/C-candidate-compat/benchmark/coordinator-all-normal-r1/normal1/normal1.binlog","6010336","EF1777E9FE39FAAAB2016676E9B5673DAE46DE287C84C6AFC2E812DDCE22B1E1"
"priority","aspire/block-003/attempt-01/C-candidate-compat/benchmark/coordinator-all-normal-r1/normal2/normal2.binlog","6033551","576DFA6358701D4282E5EFF6437AD400F522495CB350C824A190B92292D5420F"
"priority","aspire/block-003/attempt-01/C-candidate-compat/benchmark/coordinator-all-normal-r1/normal3/normal3.binlog","6066640","E8374AD153FDFB3244B13BC1067D763251F1558B8D275F850434DA40393C64C5"
"priority","aspire/block-003/attempt-01/C-candidate-compat/benchmark/coordinator-all-normal-r1/normal4/normal4.binlog","6255487","81F7D5435B6309B0022D2AC9DECCB0578E218871FF47BA52D211E63B1538E39B"
"priority","aspire/block-003/attempt-01/D-candidate-default-normal/benchmark/coordinator-all-normal-r1/high1/high1.binlog","5981472","6E861C9F05C7107C23BC025A4C8923B80601494C19A7CED32648F2B6765CA97F"
"priority","aspire/block-003/attempt-01/D-candidate-default-normal/benchmark/coordinator-all-normal-r1/normal1/normal1.binlog","6068042","93CD58860BA54183F236F1919E38FC86A82BA3058B5B8C15FF0B58BCBEA3FF91"
"priority","aspire/block-003/attempt-01/D-candidate-default-normal/benchmark/coordinator-all-normal-r1/normal2/normal2.binlog","6050140","48C3B47E30F52BFA2CCE790A2C970D560A12808768EBA64329E7EB0049640C03"
"priority","aspire/block-003/attempt-01/D-candidate-default-normal/benchmark/coordinator-all-normal-r1/normal3/normal3.binlog","6065803","38B3676ABD4A244CF7B2A2C3351B7B18D70EA35CF1F5358E55D53B8BE2614031"
"priority","aspire/block-003/attempt-01/D-candidate-default-normal/benchmark/coordinator-all-normal-r1/normal4/normal4.binlog","6016094","0FB877ED72FC65E5AAF5554CD64884FEDA4250DF85F7024C02551C0BEB86D1F3"
"priority","aspire/block-003/attempt-01/E-candidate-default-high/benchmark/coordinator-priority-r1/high1/high1.binlog","6006904","F4D36C824D5BA6FFEB00ECCFF6F2EFFBCFD82941EE00F0541CB599434F297BFA"
"priority","aspire/block-003/attempt-01/E-candidate-default-high/benchmark/coordinator-priority-r1/normal1/normal1.binlog","6129556","215372E21EC786C7416634C8A861DC7B4F38952880C7CBC49C9153581D5BD4CC"
"priority","aspire/block-003/attempt-01/E-candidate-default-high/benchmark/coordinator-priority-r1/normal2/normal2.binlog","6046736","5FA95CE2E83CA20AF4FF3DD2E26FCF8E5AC5C308CACC9AC4C57B9EAD55DAA0A6"
"priority","aspire/block-003/attempt-01/E-candidate-default-high/benchmark/coordinator-priority-r1/normal3/normal3.binlog","5933722","1DA5AEABD1BE0B02D55C690427EF0ACD8304A22B9075D55E1BBCF695C03D9ACB"
"priority","aspire/block-003/attempt-01/E-candidate-default-high/benchmark/coordinator-priority-r1/normal4/normal4.binlog","5878028","9CEEE23C402DED074F5E59C2B6D392EABF1874101AB654D45D7DAD67CFBF3E9A"
"priority","aspire/block-004/attempt-01/A-no-coordinator/benchmark/no-coordinator-r1/high1/high1.binlog","6151832","491BE0FA477E5C25C81C3B587CA56A3545158F02A74B9E3D0C3BEB4B21CD9569"
"priority","aspire/block-004/attempt-01/A-no-coordinator/benchmark/no-coordinator-r1/normal1/normal1.binlog","6288472","1B0B73603329FE264D62AE121D27A2C0FEA630E031A52534673ED7CBE80FD85E"
"priority","aspire/block-004/attempt-01/A-no-coordinator/benchmark/no-coordinator-r1/normal2/normal2.binlog","6323271","C1C2CAFABE8D2F70961927404AE36B0224A501F245C610A274DF319AE1712029"
"priority","aspire/block-004/attempt-01/A-no-coordinator/benchmark/no-coordinator-r1/normal3/normal3.binlog","6329744","A01D0D84812208F4A169CCF94AE5F8C64B900EDB5901FB820F51A1B44D2B3808"
"priority","aspire/block-004/attempt-01/A-no-coordinator/benchmark/no-coordinator-r1/normal4/normal4.binlog","6234658","8B682F0876E8E4728B12CEBC004F825143C3D3405F7A72707E761844E8DDBA70"
"priority","aspire/block-004/attempt-01/B-base-coordinator/benchmark/coordinator-all-normal-r1/high1/high1.binlog","6013691","5FEAFF4A12B04E241F0993FE0ABDD7597719501AF9F9B2D1CAFFA20D0D7501CC"
"priority","aspire/block-004/attempt-01/B-base-coordinator/benchmark/coordinator-all-normal-r1/normal1/normal1.binlog","6047854","4B3FCFA5DD39C29D8FDFCC01FF0627EA9DAC86213BBBBEEDC5069FA96A2A1F4F"
"priority","aspire/block-004/attempt-01/B-base-coordinator/benchmark/coordinator-all-normal-r1/normal2/normal2.binlog","6011866","96FDB8470FE63BA4D69DEEE85860C5228A0F796084CB1AF305D1D8B5F6241429"
"priority","aspire/block-004/attempt-01/B-base-coordinator/benchmark/coordinator-all-normal-r1/normal3/normal3.binlog","6304534","1FC705BE5839C7EF8BBBD0126231620479B5F5A179CC628471866A08E6A7C4F5"
"priority","aspire/block-004/attempt-01/B-base-coordinator/benchmark/coordinator-all-normal-r1/normal4/normal4.binlog","6087411","A5E90932F580103CC7834FEB5A5B5E537EA6140492243A7E1191901F9190F446"
"priority","aspire/block-004/attempt-01/C-candidate-compat/benchmark/coordinator-all-normal-r1/high1/high1.binlog","5928041","98BFC5020FFD79D9936F540A53E205F500210C6EC7DDD050D32A23D6A6A39E77"
"priority","aspire/block-004/attempt-01/C-candidate-compat/benchmark/coordinator-all-normal-r1/normal1/normal1.binlog","5922646","21A5AE5062EA5733BBE4D1B23E6E02B9F70DAF88197ED5D8819AB470D8D527E7"
"priority","aspire/block-004/attempt-01/C-candidate-compat/benchmark/coordinator-all-normal-r1/normal2/normal2.binlog","5946497","E26EC56BB752730985B3C8E52ED990FD2DE49CA1EFB15608C645F791701554B6"
"priority","aspire/block-004/attempt-01/C-candidate-compat/benchmark/coordinator-all-normal-r1/normal3/normal3.binlog","6323268","FD39E0CAC51ED8E7BDC469C195750DC0924B635160520E27F8B6BAAE5EEF0D75"
"priority","aspire/block-004/attempt-01/C-candidate-compat/benchmark/coordinator-all-normal-r1/normal4/normal4.binlog","5928718","6399F1B1F21419950EDCC376AC1CDB76119F06A1968A91210256D105620CE22E"
"priority","aspire/block-004/attempt-01/D-candidate-default-normal/benchmark/coordinator-all-normal-r1/high1/high1.binlog","5944389","9DE8B6C97AE1E06FB287EF097B4B170F153387F93EA22449318E4813C499004A"
"priority","aspire/block-004/attempt-01/D-candidate-default-normal/benchmark/coordinator-all-normal-r1/normal1/normal1.binlog","6100598","8C13D6A2C769EE6DD4BD4E452BF97C472F0B837BC36D3771E5D2A2017BC271F8"
"priority","aspire/block-004/attempt-01/D-candidate-default-normal/benchmark/coordinator-all-normal-r1/normal2/normal2.binlog","6093539","5305E1E1C33B3C888C1A0B879FE3A74DE67092940CD663581CEC681E90E6F3D5"
"priority","aspire/block-004/attempt-01/D-candidate-default-normal/benchmark/coordinator-all-normal-r1/normal3/normal3.binlog","6034990","9ED2DE80CAC644CB3865319DF547AAE659A03597521CE54AA2206958AA023237"
"priority","aspire/block-004/attempt-01/D-candidate-default-normal/benchmark/coordinator-all-normal-r1/normal4/normal4.binlog","5954654","7626033E8CECB26E6D6FF2C75B5E2EA2C5B3476780878191FA72088AA8BB16D2"
"priority","aspire/block-004/attempt-01/E-candidate-default-high/benchmark/coordinator-priority-r1/high1/high1.binlog","6018434","4F0EA8378B94B8F94CF99AC4F2B5DCFAD0BCEC464CE6385021DA27E137A26EEB"
"priority","aspire/block-004/attempt-01/E-candidate-default-high/benchmark/coordinator-priority-r1/normal1/normal1.binlog","6094796","F44082752CA5CE41469F968091774B160553995AA6B11376647C8EFB92CE43A8"
"priority","aspire/block-004/attempt-01/E-candidate-default-high/benchmark/coordinator-priority-r1/normal2/normal2.binlog","6018734","3B2D8290C81C0CD0B826718C2438A7CCB628D820FACA3DD723845C87C2F259C2"
"priority","aspire/block-004/attempt-01/E-candidate-default-high/benchmark/coordinator-priority-r1/normal3/normal3.binlog","6048716","7BD58876C5C27B43731FE48073E6E001ADD32CED79BF2059A884184CFA5D3282"
"priority","aspire/block-004/attempt-01/E-candidate-default-high/benchmark/coordinator-priority-r1/normal4/normal4.binlog","6123708","E24AEA53CB873103DA4A0272AEBD561C5087123850D9F44C08356420C0C60413"
"priority","aspire/block-005/attempt-01/A-no-coordinator/benchmark/no-coordinator-r1/high1/high1.binlog","6244311","3E958A93C6053647DA5C20D34921039E27898B1007AF02B161C781107301EB13"
"priority","aspire/block-005/attempt-01/A-no-coordinator/benchmark/no-coordinator-r1/normal1/normal1.binlog","6274738","225E14A9E1959C2CF325E7086A066BAFCA584C173192BDE0A2AA72824DD18CFB"
"priority","aspire/block-005/attempt-01/A-no-coordinator/benchmark/no-coordinator-r1/normal2/normal2.binlog","6168989","CCFE322849B899F77BE00C84E0C27B5A8903E4C1DC11D451BBF41C058C45B6A0"
"priority","aspire/block-005/attempt-01/A-no-coordinator/benchmark/no-coordinator-r1/normal3/normal3.binlog","6222121","9655D322625F6BD0622D0A6308643A2A311DCE698E2AD7AF1DD443302A2C9486"
"priority","aspire/block-005/attempt-01/A-no-coordinator/benchmark/no-coordinator-r1/normal4/normal4.binlog","6150267","7D683BE2BF008D8BE8278DC9934A0024845894AA351154F202E7EC28C2BABF75"
"priority","aspire/block-005/attempt-01/B-base-coordinator/benchmark/coordinator-all-normal-r1/high1/high1.binlog","6065728","B2CEF922BC4E4E048AB5820929207BBDA1412036897117B04DEF97D9C47BC9F6"
"priority","aspire/block-005/attempt-01/B-base-coordinator/benchmark/coordinator-all-normal-r1/normal1/normal1.binlog","6240581","C70335DDE0DA84214DD7835C2ED65F60CC8C276E1B4CF69939D9391E3F63215B"
"priority","aspire/block-005/attempt-01/B-base-coordinator/benchmark/coordinator-all-normal-r1/normal2/normal2.binlog","6045536","1C6C676A5BC8555EACF9B1973ED7D336690B852C780D86B0BC2BFB8180E02739"
"priority","aspire/block-005/attempt-01/B-base-coordinator/benchmark/coordinator-all-normal-r1/normal3/normal3.binlog","6035022","ED0363FC641F4A6E8B97828CF23B8229FCBB568D19744782F12A6BAB672FBEBA"
"priority","aspire/block-005/attempt-01/B-base-coordinator/benchmark/coordinator-all-normal-r1/normal4/normal4.binlog","6067694","4D243443FEE81E9D024A4B3F3B1774F6F0392770177F52BAF3C53DC375A0CFCF"
"priority","aspire/block-005/attempt-01/C-candidate-compat/benchmark/coordinator-all-normal-r1/high1/high1.binlog","6055413","31449B01EB6503BDA4408FC70FB1EA83750DDF3886B242236FD4C2D7C0954F67"
"priority","aspire/block-005/attempt-01/C-candidate-compat/benchmark/coordinator-all-normal-r1/normal1/normal1.binlog","6329658","757EC60C7E94CE6C5B07E7B98C7C1F9DA31C34DEE20B262AE138C633EA0A8FA7"
"priority","aspire/block-005/attempt-01/C-candidate-compat/benchmark/coordinator-all-normal-r1/normal2/normal2.binlog","5996613","02CB7E4DB62141E39D46D67C9680CED5C4BFA125FEDC524CE71F13DD3C939FB3"
"priority","aspire/block-005/attempt-01/C-candidate-compat/benchmark/coordinator-all-normal-r1/normal3/normal3.binlog","5946591","88241FF21B76838BCCDEC23DC7DD5A3A5C0A2793BEA4FEA40D4DD936650AEDCC"
"priority","aspire/block-005/attempt-01/C-candidate-compat/benchmark/coordinator-all-normal-r1/normal4/normal4.binlog","6072814","7E0D26D3D4CFB6A2DA5EF8BD626D7912FE3CC08D5430EB902123CB83100566AB"
"priority","aspire/block-005/attempt-01/D-candidate-default-normal/benchmark/coordinator-all-normal-r1/high1/high1.binlog","5962818","23E7A2C891F57C5529DC96C7765C5233B7EFF01E4F1C65B964A031C3CB325965"
"priority","aspire/block-005/attempt-01/D-candidate-default-normal/benchmark/coordinator-all-normal-r1/normal1/normal1.binlog","6058578","FFDDCFF91CC8D033CCA44E5B5B8B5C794D9E4191F374978EDFB0294CADE8AE9D"
"priority","aspire/block-005/attempt-01/D-candidate-default-normal/benchmark/coordinator-all-normal-r1/normal2/normal2.binlog","5903013","CB1CE86F4F8A353FE0DB3270C452BB98953D4F5F50E2D788362EC5445BCFC019"
"priority","aspire/block-005/attempt-01/D-candidate-default-normal/benchmark/coordinator-all-normal-r1/normal3/normal3.binlog","6114158","98B7E8503D60CEE9367B6B63DFE8761B08BABD2C3DCF1B1AC9EC22A85EE5578B"
"priority","aspire/block-005/attempt-01/D-candidate-default-normal/benchmark/coordinator-all-normal-r1/normal4/normal4.binlog","6107862","56FB30862B767B1BBB2B7C9C2CF7C60A09DC1DEC4A55AAA065BF035B75222B1C"
"priority","aspire/block-005/attempt-01/E-candidate-default-high/benchmark/coordinator-priority-r1/high1/high1.binlog","5872029","73EA219516246BAC2ACC7050C6AC5D849BA8B985E2DBEB7A2518B9B25FEBD8D0"
"priority","aspire/block-005/attempt-01/E-candidate-default-high/benchmark/coordinator-priority-r1/normal1/normal1.binlog","6046424","DD66F0D16280246E2622CFAB29C68D801A245B70AB41457C76522EEF94BE04F4"
"priority","aspire/block-005/attempt-01/E-candidate-default-high/benchmark/coordinator-priority-r1/normal2/normal2.binlog","6115699","CED464D6CB720E1489FC2BEF2F904B6AFEDDE959CF77DE1D145B3F08D7C0FAB3"
"priority","aspire/block-005/attempt-01/E-candidate-default-high/benchmark/coordinator-priority-r1/normal3/normal3.binlog","6111946","5936413294BCE94702DB27AB1CFD99ADB8CD64B79CFED89C9EC4DE89AB956222"
"priority","aspire/block-005/attempt-01/E-candidate-default-high/benchmark/coordinator-priority-r1/normal4/normal4.binlog","6032092","AB5D67C4BB0BDB01CA63FB666418A013AAD696D54456E6EA304816A27154A2BA"
"priority","aspire/block-006/attempt-01/A-no-coordinator/benchmark/no-coordinator-r1/high1/high1.binlog","5905798","1765512497185E4222DB179F4147F54ECD6F9853FBFA8BF24252E98FE12C7804"
"priority","aspire/block-006/attempt-01/A-no-coordinator/benchmark/no-coordinator-r1/normal1/normal1.binlog","5990718","4A09FB430A49727B5FFD36123EF5DB44401CE5204C7354AF1E84FE2C2DB1B562"
"priority","aspire/block-006/attempt-01/A-no-coordinator/benchmark/no-coordinator-r1/normal2/normal2.binlog","5968072","495AE429C61F7E7C7276276EE58061CB1987A3BA5586278DD6D0AC30FA7FD9B6"
"priority","aspire/block-006/attempt-01/A-no-coordinator/benchmark/no-coordinator-r1/normal3/normal3.binlog","6139884","F56EC3E91A246ED1E55924335B08C7E6E5F923A3505BB81AB531A613A47D0CD9"
"priority","aspire/block-006/attempt-01/A-no-coordinator/benchmark/no-coordinator-r1/normal4/normal4.binlog","5934814","ECD037EEB7DA023489CD16DC16C05DD13980337641668C5FABB476FF1D7C2159"
"priority","aspire/block-006/attempt-01/B-base-coordinator/benchmark/coordinator-all-normal-r1/high1/high1.binlog","5848133","9AA37CC809B28D6DEE8B300A5EA5C23C906123CFB1B3AC1FB39EF1C3D3541A75"
"priority","aspire/block-006/attempt-01/B-base-coordinator/benchmark/coordinator-all-normal-r1/normal1/normal1.binlog","6310936","48BB57855A07761F0CE0AF2B1BEC810610AD47D557272631C57776B15BF1EF25"
"priority","aspire/block-006/attempt-01/B-base-coordinator/benchmark/coordinator-all-normal-r1/normal2/normal2.binlog","5979424","D477D49CF583D1408215E05C20E076D263DF2ED330A52F3D270616AFC7646D96"
"priority","aspire/block-006/attempt-01/B-base-coordinator/benchmark/coordinator-all-normal-r1/normal3/normal3.binlog","5993571","A2DD444956BB851DFB15B3EF874D3662A9EFA539F5DBCE181FC5EF632943F41C"
"priority","aspire/block-006/attempt-01/B-base-coordinator/benchmark/coordinator-all-normal-r1/normal4/normal4.binlog","6012175","98AADA834188C27CDEE587F0B92935D0906C30A29E2E2A86001AD4EC17CC4101"
"priority","aspire/block-006/attempt-01/C-candidate-compat/benchmark/coordinator-all-normal-r1/high1/high1.binlog","5929933","0961100411C1DAD03C6FC3E70FEDCF94A8A6FD60C3F1FF1F58E6B435961B40E0"
"priority","aspire/block-006/attempt-01/C-candidate-compat/benchmark/coordinator-all-normal-r1/normal1/normal1.binlog","5952413","E96C5066FD2C42024A198B789B7C064EB2720761B6A481F3576CAEBA31065D4C"
"priority","aspire/block-006/attempt-01/C-candidate-compat/benchmark/coordinator-all-normal-r1/normal2/normal2.binlog","6093091","A1D8A7179FD8D1E31B556D1E98233AAF13D9115A940528085321AFC634D444D6"
"priority","aspire/block-006/attempt-01/C-candidate-compat/benchmark/coordinator-all-normal-r1/normal3/normal3.binlog","6303803","D90AF43527E0C355B2099AF691EB2DBA3C839F73D8327FFE063DF5B9FB28B082"
"priority","aspire/block-006/attempt-01/C-candidate-compat/benchmark/coordinator-all-normal-r1/normal4/normal4.binlog","6040250","6ACF3CF2046FDE93438173A28F5145F99A4C04BB5497FEEDC1D3A5EE254B4C3B"
"priority","aspire/block-006/attempt-01/D-candidate-default-normal/benchmark/coordinator-all-normal-r1/high1/high1.binlog","6089316","CA7EE990198F86AA8DE10F6B3C235792A091E8F4A0506D00C8383BE92860AA0E"
"priority","aspire/block-006/attempt-01/D-candidate-default-normal/benchmark/coordinator-all-normal-r1/normal1/normal1.binlog","6052224","8CDA77B396219D59AF8970BFCE36EF70E0B26B7F7373F43A6834ED006F58443D"
"priority","aspire/block-006/attempt-01/D-candidate-default-normal/benchmark/coordinator-all-normal-r1/normal2/normal2.binlog","6112303","AA6B0F59D95759D753FFCF30366D31643332DB4CB8F94D99D83D6FC1FBE2AF58"
"priority","aspire/block-006/attempt-01/D-candidate-default-normal/benchmark/coordinator-all-normal-r1/normal3/normal3.binlog","6017045","842681D7533BAD53E5D6EA9606199822F1FD13FD71456DDDCE6BAA63D5D78EE9"
"priority","aspire/block-006/attempt-01/D-candidate-default-normal/benchmark/coordinator-all-normal-r1/normal4/normal4.binlog","6081393","E06B5E6390065708514EA75E4715CAD0F1E93CC754F71F6C84A1A26B5B5FDE58"
"priority","aspire/block-006/attempt-01/E-candidate-default-high/benchmark/coordinator-priority-r1/high1/high1.binlog","6047456","42B659135C4406D5F4045A57A264B5B984A38FA5D31EF64B3A1F4C8CF4B89CA4"
"priority","aspire/block-006/attempt-01/E-candidate-default-high/benchmark/coordinator-priority-r1/normal1/normal1.binlog","6049901","D7550B7115D5BF3E143A1427F96BF2154AB135B1788D52FC68C087DDC17299A2"
"priority","aspire/block-006/attempt-01/E-candidate-default-high/benchmark/coordinator-priority-r1/normal2/normal2.binlog","5978351","D0FF8A93AD2FCDADC0685AE5A5A8206E618FF73568D66234D5BE9170CCAFBDEB"
"priority","aspire/block-006/attempt-01/E-candidate-default-high/benchmark/coordinator-priority-r1/normal3/normal3.binlog","6060906","FAD1C1A7761AFCCCA374F0E862BDF662ACB0C2C916CF054BF6445F087A2B80DA"
"priority","aspire/block-006/attempt-01/E-candidate-default-high/benchmark/coordinator-priority-r1/normal4/normal4.binlog","6003313","FA3A166C50A3614AF7EB8BD8286911F3EA6BD4EB09165E5C7FC98FFCC1318E26"
"priority","aspire/block-007/attempt-01/A-no-coordinator/benchmark/no-coordinator-r1/high1/high1.binlog","6043159","C92BD896DB7B82C36DA153470360DEA4153E7B6943A188FF41C1098155E12CEC"
"priority","aspire/block-007/attempt-01/A-no-coordinator/benchmark/no-coordinator-r1/normal1/normal1.binlog","5913905","71AFC7AC35B9EB0B7371C72CABC33BB0BCCE19B8EDCB093A7949248D31A1CDF6"
"priority","aspire/block-007/attempt-01/A-no-coordinator/benchmark/no-coordinator-r1/normal2/normal2.binlog","5973936","73A1690FE3DB24F773B0E9BFDAD9A642E4A0F3914CB977C95C332A3295C51ECC"
"priority","aspire/block-007/attempt-01/A-no-coordinator/benchmark/no-coordinator-r1/normal3/normal3.binlog","6027838","E113F3D40E9386FA72208575F34B3CB92CC83A30DC783F86BB69BAE1B68ED7E6"
"priority","aspire/block-007/attempt-01/A-no-coordinator/benchmark/no-coordinator-r1/normal4/normal4.binlog","6209847","4D6B8263967A57DDEA327E63563231A923F5EF4DD4FEE5042403022DE6F04A88"
"priority","aspire/block-007/attempt-01/B-base-coordinator/benchmark/coordinator-all-normal-r1/high1/high1.binlog","5991864","BEABBAAE5A26BC31A088539D8E6922EDF61AB9B549406110E8E2C289BCD02A83"
"priority","aspire/block-007/attempt-01/B-base-coordinator/benchmark/coordinator-all-normal-r1/normal1/normal1.binlog","5921451","E3485098785FA3AD537F8A8CC84715D947BD523C1D7CCFBA43A41461BC06EF2D"
"priority","aspire/block-007/attempt-01/B-base-coordinator/benchmark/coordinator-all-normal-r1/normal2/normal2.binlog","6383927","F98DDF0BDE0F6D9A37C232D5191F8F6FBC6D618766A1FF6A3103F39AFF7479BA"
"priority","aspire/block-007/attempt-01/B-base-coordinator/benchmark/coordinator-all-normal-r1/normal3/normal3.binlog","6075485","6227C752D42A31BB36B646C798AA8D0AECEA8B2E3026B1F490EE23D48863C639"
"priority","aspire/block-007/attempt-01/B-base-coordinator/benchmark/coordinator-all-normal-r1/normal4/normal4.binlog","6049176","1FF877250D834BEE95E83B99759D42F13B2716FEB4265CDB1AF0371FDA66B60B"
"priority","aspire/block-007/attempt-01/C-candidate-compat/benchmark/coordinator-all-normal-r1/high1/high1.binlog","6050426","4FB3043F5C2A53D225FCF28BE4E173EE3FB61327B07C8EB9BD864C119206C2EB"
"priority","aspire/block-007/attempt-01/C-candidate-compat/benchmark/coordinator-all-normal-r1/normal1/normal1.binlog","6025535","D86653EE1681607CE4D35A1791CC889F5BBB0A75485D468B5BAF49EBEE64E173"
"priority","aspire/block-007/attempt-01/C-candidate-compat/benchmark/coordinator-all-normal-r1/normal2/normal2.binlog","5975696","24F7AC2947EBFE7E0FD84BFF243F7815EF1E26B5BE4E20B8305A8531B3027666"
"priority","aspire/block-007/attempt-01/C-candidate-compat/benchmark/coordinator-all-normal-r1/normal3/normal3.binlog","6268402","481840BE14DE456E40F8346D941C96044414CB47FB4EF8D8E11406DD615D059A"
"priority","aspire/block-007/attempt-01/C-candidate-compat/benchmark/coordinator-all-normal-r1/normal4/normal4.binlog","5977689","95874CBC7A18642F91C231944C8AD0C9E4AF0143EC7F82CBE0D229AC249D53CC"
"priority","aspire/block-007/attempt-01/D-candidate-default-normal/benchmark/coordinator-all-normal-r1/high1/high1.binlog","6006057","20E2F84034C0B20BCE74AF95DE22DD6A45A2CE7F4D48C0298862923AF71E2400"
"priority","aspire/block-007/attempt-01/D-candidate-default-normal/benchmark/coordinator-all-normal-r1/normal1/normal1.binlog","6029005","3751EE1F4D69E9ADAA641F403AD328DD4B9CFAEFF58F23661DC9C192365CEDCD"
"priority","aspire/block-007/attempt-01/D-candidate-default-normal/benchmark/coordinator-all-normal-r1/normal2/normal2.binlog","6030377","DABC2441AB8900F416AFA7F61E28D66F3E12E493D30C33B8B5CE7ECE62F2460D"
"priority","aspire/block-007/attempt-01/D-candidate-default-normal/benchmark/coordinator-all-normal-r1/normal3/normal3.binlog","5905961","E5B4D2A78F720DFF169AA106248F15AB3600099C358807E418E2731C9AC44B30"
"priority","aspire/block-007/attempt-01/D-candidate-default-normal/benchmark/coordinator-all-normal-r1/normal4/normal4.binlog","6025726","902EF4EE7A5EAE4FF170693548EBA2B79D8B62D202FD840CF50FB71F534984A5"
"priority","aspire/block-007/attempt-01/E-candidate-default-high/benchmark/coordinator-priority-r1/high1/high1.binlog","5963335","9D7E24799D1DE2AB31C6EF8DADBDF26DF3F6D02D4E5E19A653E576855CD6F3A7"
"priority","aspire/block-007/attempt-01/E-candidate-default-high/benchmark/coordinator-priority-r1/normal1/normal1.binlog","6101480","64169EF2EE94D9ED4A8334CE8C8D0611526A1C217F7FAC89203C464E22D9B477"
"priority","aspire/block-007/attempt-01/E-candidate-default-high/benchmark/coordinator-priority-r1/normal2/normal2.binlog","5943267","03BA67486555549EDF1D1B6F16C84341526DA5998498570703BA7A833B0C304C"
"priority","aspire/block-007/attempt-01/E-candidate-default-high/benchmark/coordinator-priority-r1/normal3/normal3.binlog","6082974","492EDBCB2719BCBB6296C41C29DBDA8DB3CB4B6E720E57A47CF55D213EF0F2C0"
"priority","aspire/block-007/attempt-01/E-candidate-default-high/benchmark/coordinator-priority-r1/normal4/normal4.binlog","6116645","2F83282AC8A4F2BC4ECBE2FC02A3689C74EF8C36D1AEB3415C3D9CCEDF21E316"
"priority","aspire/block-008/attempt-01/A-no-coordinator/benchmark/no-coordinator-r1/high1/high1.binlog","6079424","BC418EB4DD4B34B8608A6D72CB3100EBFB040779816340F98AB87E730B35F6C4"
"priority","aspire/block-008/attempt-01/A-no-coordinator/benchmark/no-coordinator-r1/normal1/normal1.binlog","6129067","02DF79D45AD17CE2B72AADA970DC893178ADE12DF42E2F3CF4B9BDD062147AA9"
"priority","aspire/block-008/attempt-01/A-no-coordinator/benchmark/no-coordinator-r1/normal2/normal2.binlog","6219466","70F990D4043A86DDDD947BB18E2370E9B12988928935BDCE090156B33C989AC8"
"priority","aspire/block-008/attempt-01/A-no-coordinator/benchmark/no-coordinator-r1/normal3/normal3.binlog","6146735","A52AC0CEFC9B1249CF9217FA445815A29485242D4A8557CFADA4529F33E67B1A"
"priority","aspire/block-008/attempt-01/A-no-coordinator/benchmark/no-coordinator-r1/normal4/normal4.binlog","6331359","888750A939DBE2F8D01A8C7F6D0A8A6AB9E2ACA07124761EDD342E57447154A9"
"priority","aspire/block-008/attempt-01/B-base-coordinator/benchmark/coordinator-all-normal-r1/high1/high1.binlog","5995168","320D8045781FBC89D468BA7C8DD2E054C6F94575A3FB5575D94F7BC5AA87299A"
"priority","aspire/block-008/attempt-01/B-base-coordinator/benchmark/coordinator-all-normal-r1/normal1/normal1.binlog","6078227","E9F02724D7CF35A165B9AB8980EF3E46613D46E07EC3DD282860265D8239252C"
"priority","aspire/block-008/attempt-01/B-base-coordinator/benchmark/coordinator-all-normal-r1/normal2/normal2.binlog","6040555","30C05BF9A7B6253D19052F90303A349D5BFC2885B42DD8766B56AD83927380FA"
"priority","aspire/block-008/attempt-01/B-base-coordinator/benchmark/coordinator-all-normal-r1/normal3/normal3.binlog","6321875","EAE9D127912B6CD58D70D8A964377646309C03834233D0C8C0DBB45F30AB3AA6"
"priority","aspire/block-008/attempt-01/B-base-coordinator/benchmark/coordinator-all-normal-r1/normal4/normal4.binlog","6042196","AFD8ECA57DB026A96AE7028040F3E50B2B9018B6D85132612E918055166810CE"
"priority","aspire/block-008/attempt-01/C-candidate-compat/benchmark/coordinator-all-normal-r1/high1/high1.binlog","6004646","DDFD815EF80FEB5ACD7F6934759ADFCBEAD26095A09C6E0257F72A489D031C30"
"priority","aspire/block-008/attempt-01/C-candidate-compat/benchmark/coordinator-all-normal-r1/normal1/normal1.binlog","6321344","26A0F4E5EA840E6921657DBCBFD536C985D6910865952E08558A4133576CEB67"
"priority","aspire/block-008/attempt-01/C-candidate-compat/benchmark/coordinator-all-normal-r1/normal2/normal2.binlog","5983719","FA062EA52AE61D22B6E923D0008BA163267A04C876D896D5A09CF33B8C097521"
"priority","aspire/block-008/attempt-01/C-candidate-compat/benchmark/coordinator-all-normal-r1/normal3/normal3.binlog","5997083","748607E664EAB0C7E9E9C7CCC0FA384B69D48956A4CF926AAAC5FEF67941EC05"
"priority","aspire/block-008/attempt-01/C-candidate-compat/benchmark/coordinator-all-normal-r1/normal4/normal4.binlog","5987368","3C735305860F82E050748B1A1B45BB7271472E129DA0E54E0D2675995BFFA306"
"priority","aspire/block-008/attempt-01/D-candidate-default-normal/benchmark/coordinator-all-normal-r1/high1/high1.binlog","5973868","8433CA49EEB1CC4DBE129487598EA189AA987B521449604654A5E6029E6BE588"
"priority","aspire/block-008/attempt-01/D-candidate-default-normal/benchmark/coordinator-all-normal-r1/normal1/normal1.binlog","5998595","FE08770397122EBF941648C3876F4B1E3D447685C686458FF3BA38757E24F6D1"
"priority","aspire/block-008/attempt-01/D-candidate-default-normal/benchmark/coordinator-all-normal-r1/normal2/normal2.binlog","6126726","3A932D47DFBDC9788879D4837C33C906F64A5A47B02A057BA3AD2F835615B6D7"
"priority","aspire/block-008/attempt-01/D-candidate-default-normal/benchmark/coordinator-all-normal-r1/normal3/normal3.binlog","6152305","94CC3650BE2133F22FEC77A955812365AA8D8395A1E62671384CA32CB134292F"
"priority","aspire/block-008/attempt-01/D-candidate-default-normal/benchmark/coordinator-all-normal-r1/normal4/normal4.binlog","6140558","0E4E17E14B69D24456E9B856731EA3F1B0E3ED86E9DC146E30E704F62CE2935D"
"priority","aspire/block-008/attempt-01/E-candidate-default-high/benchmark/coordinator-priority-r1/high1/high1.binlog","5976972","74D30C395D0345F4A6D2E5672E6881AD2BB8072E9CB07CD394044E6399300D7E"
"priority","aspire/block-008/attempt-01/E-candidate-default-high/benchmark/coordinator-priority-r1/normal1/normal1.binlog","6085252","E2E80A29127CCB955C58068931D1F83B20623274FDEA0C997A7F8FBCF44BA543"
"priority","aspire/block-008/attempt-01/E-candidate-default-high/benchmark/coordinator-priority-r1/normal2/normal2.binlog","5963285","3C472426B78E95EE51C7EB6770B224D8033FC3D72C978AB3BCC10DB03B73199F"
"priority","aspire/block-008/attempt-01/E-candidate-default-high/benchmark/coordinator-priority-r1/normal3/normal3.binlog","6085407","4B50DB4D9E86C1932814E345798475D32B2B5A58B85420C568DB69C58CF04715"
"priority","aspire/block-008/attempt-01/E-candidate-default-high/benchmark/coordinator-priority-r1/normal4/normal4.binlog","6139797","4AC91C911F8F3437C53D88E26B85247B32B5BA7C509EEF8C2E01E82AB5F0E401"
"priority","aspire/block-009/attempt-01/A-no-coordinator/benchmark/no-coordinator-r1/high1/high1.binlog","6104958","889A0DF64A636B66607535DBF214737BA266B861BDFF79F3754765E6DE2D866E"
"priority","aspire/block-009/attempt-01/A-no-coordinator/benchmark/no-coordinator-r1/normal1/normal1.binlog","5969020","A93D1DBC639558D83199D629EB49D27D55C5F71A0B5BED29EF01B556B5CAF19D"
"priority","aspire/block-009/attempt-01/A-no-coordinator/benchmark/no-coordinator-r1/normal2/normal2.binlog","5934836","FBE7C6488A4F3E4B7CD09E9175D1BF2F967F63FEF800408566B2A65B820F19AE"
"priority","aspire/block-009/attempt-01/A-no-coordinator/benchmark/no-coordinator-r1/normal3/normal3.binlog","5900883","F93D1D9C8A23E429019DEB3BB954FE1835C64B2A68867C6FBAA9A2B83CA7AE7A"
"priority","aspire/block-009/attempt-01/A-no-coordinator/benchmark/no-coordinator-r1/normal4/normal4.binlog","5857505","635F2FC2FAE8495CF33AA4E03BEB749B72E3D649771A85B95426FDFD8FEC75B6"
"priority","aspire/block-009/attempt-01/B-base-coordinator/benchmark/coordinator-all-normal-r1/high1/high1.binlog","6034069","BE1C5A75812CBABEF165C8072D663DF4DB1EE0A52194420194C8F59E8635F345"
"priority","aspire/block-009/attempt-01/B-base-coordinator/benchmark/coordinator-all-normal-r1/normal1/normal1.binlog","6446743","AA8304AE55481E450ECDFF46C115A4226A239B92902AB4E58D36E4A8A3035D30"
"priority","aspire/block-009/attempt-01/B-base-coordinator/benchmark/coordinator-all-normal-r1/normal2/normal2.binlog","5956321","FAEB458BEA4DE495A239473D057F267249C1A8C957FEA887CEBAF81D7B31128A"
"priority","aspire/block-009/attempt-01/B-base-coordinator/benchmark/coordinator-all-normal-r1/normal3/normal3.binlog","6016196","C3A06E0FD2659FE8ACAE292E1C56B5CCB9FCB5B5BA3EFD47364CCDD2FA23683E"
"priority","aspire/block-009/attempt-01/B-base-coordinator/benchmark/coordinator-all-normal-r1/normal4/normal4.binlog","6096734","71BFBD0DC98A253B5BC74AFE4B3DAEEDE3A376206D25589F264726BED4B64C7A"
"priority","aspire/block-009/attempt-01/C-candidate-compat/benchmark/coordinator-all-normal-r1/high1/high1.binlog","6094742","EF198000FC55123AF27DE3281E1248E469E40920F658C8A507A977CE01B7932B"
"priority","aspire/block-009/attempt-01/C-candidate-compat/benchmark/coordinator-all-normal-r1/normal1/normal1.binlog","6422937","3704D309242EFD7905FD88A1F7E53357F10F46DD4F4F9C8B3CEC6B538AD1AF9C"
"priority","aspire/block-009/attempt-01/C-candidate-compat/benchmark/coordinator-all-normal-r1/normal2/normal2.binlog","6161947","AD0C5E8D8091A8C1A68A4560A587A976D60B6675C0E19E0ADAEC9911E87179C0"
"priority","aspire/block-009/attempt-01/C-candidate-compat/benchmark/coordinator-all-normal-r1/normal3/normal3.binlog","6060187","D95F8C17C4581059446AA1A81B282B2BFD790B29ABB0A27B55FB444D2ED2B30E"
"priority","aspire/block-009/attempt-01/C-candidate-compat/benchmark/coordinator-all-normal-r1/normal4/normal4.binlog","6083620","7CEF55CC3B5C0D077A741DB82E1EC7E48A0FAD797C4BF4AD6902715EBD674DE2"
"priority","aspire/block-009/attempt-01/D-candidate-default-normal/benchmark/coordinator-all-normal-r1/high1/high1.binlog","5982861","CE7BB587D4FE5F80ED9811E0B7B1135F312B3A3485B4A5B7346CFAE3834A3E06"
"priority","aspire/block-009/attempt-01/D-candidate-default-normal/benchmark/coordinator-all-normal-r1/normal1/normal1.binlog","6147411","0A1E7D751A4DE989218C01EE4465B9D6C1A3B9E3560A95D8BEEAEA1241C49A1B"
"priority","aspire/block-009/attempt-01/D-candidate-default-normal/benchmark/coordinator-all-normal-r1/normal2/normal2.binlog","5963622","1D92A757F22C3487738E469619F7CF5461F2157D1475C21F185FE8F9D526750B"
"priority","aspire/block-009/attempt-01/D-candidate-default-normal/benchmark/coordinator-all-normal-r1/normal3/normal3.binlog","6092113","9AC791EA41D6D385C73CF833A01BC4306FE6BEBF69152E773E5BA4D24C1A9CAF"
"priority","aspire/block-009/attempt-01/D-candidate-default-normal/benchmark/coordinator-all-normal-r1/normal4/normal4.binlog","6078830","20B30C905FCCC48D836B382D033F568DA8D5EAAF44531E8737B1573752156ACA"
"priority","aspire/block-009/attempt-01/E-candidate-default-high/benchmark/coordinator-priority-r1/high1/high1.binlog","6041619","0E63B8789529C52CFF83D3AEE7C5692678C7B3F6102FF7526FA67E2C66BA6FD7"
"priority","aspire/block-009/attempt-01/E-candidate-default-high/benchmark/coordinator-priority-r1/normal1/normal1.binlog","6122412","ACA082D34FAC32067DFD6428AEC137A3504C1EB2E2A88540EF4DE1A1D815647F"
"priority","aspire/block-009/attempt-01/E-candidate-default-high/benchmark/coordinator-priority-r1/normal2/normal2.binlog","6121149","F2090551B71BA5A9885269E5928D84520BF993673E662DA4E90A5E1AD284CAFB"
"priority","aspire/block-009/attempt-01/E-candidate-default-high/benchmark/coordinator-priority-r1/normal3/normal3.binlog","6107270","9BB5BEB9141046BBD8B903264ACC17BE19F5D88D66AFC860184DC78AAA155F2C"
"priority","aspire/block-009/attempt-01/E-candidate-default-high/benchmark/coordinator-priority-r1/normal4/normal4.binlog","5921099","E639C4E2C1AC27B006F321DAEB42E9CB65EDF6C1FB239390F1D7657A49572C10"
"priority","aspire/block-010/attempt-01/A-no-coordinator/benchmark/no-coordinator-r1/high1/high1.binlog","5924628","8586D18E6AE0AE69F348FE37477D786993FBED3D576F71F46B03350BC51935A7"
"priority","aspire/block-010/attempt-01/A-no-coordinator/benchmark/no-coordinator-r1/normal1/normal1.binlog","6062331","D0BB1F67E54E92F70004FCBC9A65FCAD3BCF0B6FDC530BBB14A6E824D9AD9A6D"
"priority","aspire/block-010/attempt-01/A-no-coordinator/benchmark/no-coordinator-r1/normal2/normal2.binlog","6130502","BE78FE215370C13F430896AC67DD6405B99CE38D579624DEE60D7A1417E36C23"
"priority","aspire/block-010/attempt-01/A-no-coordinator/benchmark/no-coordinator-r1/normal3/normal3.binlog","6034971","4C03D10F1D8633E029C9207C6E73B9EB89506D226C2E1338EB3B91FCC28846D4"
"priority","aspire/block-010/attempt-01/A-no-coordinator/benchmark/no-coordinator-r1/normal4/normal4.binlog","6037111","2A39A4D49D467A3EF5BB057773FF4553578CBA54A6F7CCB22E8A77F327775AF4"
"priority","aspire/block-010/attempt-01/B-base-coordinator/benchmark/coordinator-all-normal-r1/high1/high1.binlog","6000476","52153B62E959D6A070944EB074E54A975E8FE6B98C7173DE60BA4CC11273F943"
"priority","aspire/block-010/attempt-01/B-base-coordinator/benchmark/coordinator-all-normal-r1/normal1/normal1.binlog","6028659","C99D4F206523F6592FAC1350FD20DF5C96EC63CB83E88DC5ADE179C2D569DAAD"
"priority","aspire/block-010/attempt-01/B-base-coordinator/benchmark/coordinator-all-normal-r1/normal2/normal2.binlog","5882860","A686DE9392D668B8287FB54E24DBB334ECFDE9011646B37CF8B7C1A76E3228BC"
"priority","aspire/block-010/attempt-01/B-base-coordinator/benchmark/coordinator-all-normal-r1/normal3/normal3.binlog","6311140","62F81DB8E0DA16B3BE8CD31EF79E3C6BA9921C25983D40EE6F18E46BD5E990FD"
"priority","aspire/block-010/attempt-01/B-base-coordinator/benchmark/coordinator-all-normal-r1/normal4/normal4.binlog","6065821","1F11E76B83112E2CA7FC341DD1147D34797D6E6A9FBB877B880247FE3387FF9C"
"priority","aspire/block-010/attempt-01/C-candidate-compat/benchmark/coordinator-all-normal-r1/high1/high1.binlog","6090460","B447B35B8A242FA1755A4094E491D27C294DC4A7E6508528F81CB67D61247E71"
"priority","aspire/block-010/attempt-01/C-candidate-compat/benchmark/coordinator-all-normal-r1/normal1/normal1.binlog","6377782","F0F9F827E0A81CE0947F5A13AAC7247BABFEC6F588CAE0C224FCDA86585266B2"
"priority","aspire/block-010/attempt-01/C-candidate-compat/benchmark/coordinator-all-normal-r1/normal2/normal2.binlog","6076114","70C9BCC331DEFE27F075882D56F2561CA78B8BE9F36BB3A6B9D8F666919AE620"
"priority","aspire/block-010/attempt-01/C-candidate-compat/benchmark/coordinator-all-normal-r1/normal3/normal3.binlog","6038352","686BD263EB643D0F7EA0EE483DAADE7DE681BCCC1F2885EF637B086622A57DDC"
"priority","aspire/block-010/attempt-01/C-candidate-compat/benchmark/coordinator-all-normal-r1/normal4/normal4.binlog","6043339","DD03066BD8CAF706B87D8012745D3779E5A5BCB3E16FAD1C4BFCDECC1983B269"
"priority","aspire/block-010/attempt-01/D-candidate-default-normal/benchmark/coordinator-all-normal-r1/high1/high1.binlog","5948980","ADAAF3D1053291FD58CF0779754E119C41AA96B6245628DC38A1BB59438BF5C6"
"priority","aspire/block-010/attempt-01/D-candidate-default-normal/benchmark/coordinator-all-normal-r1/normal1/normal1.binlog","6080072","318183CE7A78392BFB6634438C0BC16CB036DE9B8778C8CD5D9346EDF58C0E07"
"priority","aspire/block-010/attempt-01/D-candidate-default-normal/benchmark/coordinator-all-normal-r1/normal2/normal2.binlog","6050605","4A44333B618EB0BE2E2AF1E9496E338190FEB676F4ABDCBA51D6DBD64534830B"
"priority","aspire/block-010/attempt-01/D-candidate-default-normal/benchmark/coordinator-all-normal-r1/normal3/normal3.binlog","6020105","084527CA528AD1C97607F02743E674FAD78CAE180F5C7D796FF7C2CF5617B937"
"priority","aspire/block-010/attempt-01/D-candidate-default-normal/benchmark/coordinator-all-normal-r1/normal4/normal4.binlog","5982156","B340581978E9AD2F88F2878423B63E91F0CE236A2B39157633D0A5DEE5F9811A"
"priority","aspire/block-010/attempt-01/E-candidate-default-high/benchmark/coordinator-priority-r1/high1/high1.binlog","5954158","84D468BBDCB9F1009D991CE90CFCC3C01019FC5C470C7C9F0F4E3C08512DC622"
"priority","aspire/block-010/attempt-01/E-candidate-default-high/benchmark/coordinator-priority-r1/normal1/normal1.binlog","6024276","51194EBEF71BA720C9568C8CD652436D8B831F31D682A0D94D341B8D5BC16838"
"priority","aspire/block-010/attempt-01/E-candidate-default-high/benchmark/coordinator-priority-r1/normal2/normal2.binlog","5940194","FA5541A2B2E9F823EA4C3103D274CFCB36AFD0D5577E1948744E473F01CE4A27"
"priority","aspire/block-010/attempt-01/E-candidate-default-high/benchmark/coordinator-priority-r1/normal3/normal3.binlog","6091691","98E774B5686C0043760B921F968683CA1B773586567D6406311BA7B887CE9492"
"priority","aspire/block-010/attempt-01/E-candidate-default-high/benchmark/coordinator-priority-r1/normal4/normal4.binlog","5972941","7F4F7038A34363578B9CA5420BE44CC7281303AFE1223C0FE0045BE53AFAA129"
"priority","aspire/block-011/attempt-01/A-no-coordinator/benchmark/no-coordinator-r1/high1/high1.binlog","5984096","6584D2DB63BDA0F38A6C68E991AE629A68D46D49088280983541B30527DC73C3"
"priority","aspire/block-011/attempt-01/A-no-coordinator/benchmark/no-coordinator-r1/normal1/normal1.binlog","6072860","4832CE07769883DE796CAEC8CDA1792F40419D95D644308B37C70B2B299261DE"
"priority","aspire/block-011/attempt-01/A-no-coordinator/benchmark/no-coordinator-r1/normal2/normal2.binlog","5947977","0E596B3ECC541B71A44BE9CB7DB7C6EEF03933976507D798407870A345F4F687"
"priority","aspire/block-011/attempt-01/A-no-coordinator/benchmark/no-coordinator-r1/normal3/normal3.binlog","6013119","116A8AE13DD7EB859F10B3AEAD80DB5322A92517072E9EF193802A3728F494B3"
"priority","aspire/block-011/attempt-01/A-no-coordinator/benchmark/no-coordinator-r1/normal4/normal4.binlog","5924150","8E24307B8F60327CC7267C0C6F3633CA8482F119FEE6CD8491CBE783C72ADA30"
"priority","aspire/block-011/attempt-01/B-base-coordinator/benchmark/coordinator-all-normal-r1/high1/high1.binlog","6032116","BB39C6756B436A3B9F1457EAB9A50CBBBCCCE8D9CFFE74CD4F6F9421D1128546"
"priority","aspire/block-011/attempt-01/B-base-coordinator/benchmark/coordinator-all-normal-r1/normal1/normal1.binlog","6085234","05CFF9EE2DFFAA594DA6E411FD93BF09CD752918243E1FB14DBF5CA92E6BBE5F"
"priority","aspire/block-011/attempt-01/B-base-coordinator/benchmark/coordinator-all-normal-r1/normal2/normal2.binlog","6095539","0A70D0BBE88E61A87EF275EABC296E05585F24DE7D37E92943767E17E9244F62"
"priority","aspire/block-011/attempt-01/B-base-coordinator/benchmark/coordinator-all-normal-r1/normal3/normal3.binlog","6089593","E5375D72BFB006DB122FEEC0C61D1CD9DB65E0556DC9CA0D86512587E3841EE1"
"priority","aspire/block-011/attempt-01/B-base-coordinator/benchmark/coordinator-all-normal-r1/normal4/normal4.binlog","6393358","FF00AE511450BAD6C7DC35F6DC09926F968C49A7B8FCD9408960B18D1413B045"
"priority","aspire/block-011/attempt-01/C-candidate-compat/benchmark/coordinator-all-normal-r1/high1/high1.binlog","5963580","C820179B50DD4C1E0037E8677C08EAE259EDF4FE8D708F934ABC60D58C8D3314"
"priority","aspire/block-011/attempt-01/C-candidate-compat/benchmark/coordinator-all-normal-r1/normal1/normal1.binlog","5995912","56BE2E647A346FF6A96DF9B0C9F0CE85DA128563E0F4CB8CF7D0D30DC30F80DF"
"priority","aspire/block-011/attempt-01/C-candidate-compat/benchmark/coordinator-all-normal-r1/normal2/normal2.binlog","6356950","3FACD8511496853FDC0C9870B2B06A021F613B8AB4E4064AA17E10228EA2FD74"
"priority","aspire/block-011/attempt-01/C-candidate-compat/benchmark/coordinator-all-normal-r1/normal3/normal3.binlog","6083226","C87F2CC50DEB1D63D2CECDE96EC25FEA2C66CD6EE9B0ACCC53C14ACBE990B463"
"priority","aspire/block-011/attempt-01/C-candidate-compat/benchmark/coordinator-all-normal-r1/normal4/normal4.binlog","6046171","7B3ABB3E147960698DA415216C7AF8903DD0A50F7C8FE443B0831E9B33291E1C"
"priority","aspire/block-011/attempt-01/D-candidate-default-normal/benchmark/coordinator-all-normal-r1/high1/high1.binlog","5984645","41FCB3925973D3533DD40A63D49ACB0341D962D8644F93538C05C426A684C9B7"
"priority","aspire/block-011/attempt-01/D-candidate-default-normal/benchmark/coordinator-all-normal-r1/normal1/normal1.binlog","6033217","52E4E5609FEFF9924CE6C26D86012BCAEBB8D915ECAD6AC414776AF92B6518A4"
"priority","aspire/block-011/attempt-01/D-candidate-default-normal/benchmark/coordinator-all-normal-r1/normal2/normal2.binlog","6094847","E182D2621553C396C2A36DBF547239B09442F63E4D73C10A17A280C164DC02FC"
"priority","aspire/block-011/attempt-01/D-candidate-default-normal/benchmark/coordinator-all-normal-r1/normal3/normal3.binlog","5991340","90F133983E10474BE824862C7BE15E630033D61C3846EE3E8D3280995F33D7A7"
"priority","aspire/block-011/attempt-01/D-candidate-default-normal/benchmark/coordinator-all-normal-r1/normal4/normal4.binlog","6086801","E6AE1A9DA8E3B5C3EE276147A992802A595BF43836F22F46A92284846D38FB5E"
"priority","aspire/block-011/attempt-01/E-candidate-default-high/benchmark/coordinator-priority-r1/high1/high1.binlog","5986119","1437A2B4AA2D8A1B32B384E87EBA1DD7EAABF2E5800058AF6B107E4FF789F48D"
"priority","aspire/block-011/attempt-01/E-candidate-default-high/benchmark/coordinator-priority-r1/normal1/normal1.binlog","6055656","4A700EDCDDD6F2AAD903947EBFFBFBD9AA41E8077ECFE1C813DD21C5B7CA90E3"
"priority","aspire/block-011/attempt-01/E-candidate-default-high/benchmark/coordinator-priority-r1/normal2/normal2.binlog","6055329","455CE54EBDD281F9D39D07AA4B71246A43F9786E46F199750AF486EB3645CA7D"
"priority","aspire/block-011/attempt-01/E-candidate-default-high/benchmark/coordinator-priority-r1/normal3/normal3.binlog","5961548","335F79AF396F1C5923F321A1117F64CAF3E31393985B05E694F908B47FDA1266"
"priority","aspire/block-011/attempt-01/E-candidate-default-high/benchmark/coordinator-priority-r1/normal4/normal4.binlog","6100449","B71D28034B3AC2094955C5F60C1725C706C3CBC8CC23845917E80092F831D9E3"
"priority","roslyn/block-001/attempt-01/A-no-coordinator/benchmark/no-coordinator-r1/high1/high1.binlog","7425440","676360CB251AFD4CC0286ABEF61C5264A9B5718D837CC7D08BFFDB80C6328E61"
"priority","roslyn/block-001/attempt-01/A-no-coordinator/benchmark/no-coordinator-r1/normal1/normal1.binlog","7486404","0B9D0329F096F3688D61AF44BC2A7F46ED59A2C56318103C8341F5192F639156"
"priority","roslyn/block-001/attempt-01/A-no-coordinator/benchmark/no-coordinator-r1/normal2/normal2.binlog","7262942","795145B3CCA59A53C8EA4665C41E118CEC594C1760F40E89E407888F47770964"
"priority","roslyn/block-001/attempt-01/A-no-coordinator/benchmark/no-coordinator-r1/normal3/normal3.binlog","7398266","847288BB71A5EAEDECEE1C27AFCFBFF1AECCC2571057FF9692678291D1CE5170"
"priority","roslyn/block-001/attempt-01/A-no-coordinator/benchmark/no-coordinator-r1/normal4/normal4.binlog","7404648","1B84402085BA8F3D401C76FEABF73A86468CC025A3DF9AABB935F4274CC309D1"
"priority","roslyn/block-001/attempt-01/B-base-coordinator/benchmark/coordinator-all-normal-r1/high1/high1.binlog","7294425","416DEF5E932AE5D71B626448705F1D655C316A20BB3E343026BAEE05484FA76F"
"priority","roslyn/block-001/attempt-01/B-base-coordinator/benchmark/coordinator-all-normal-r1/normal1/normal1.binlog","7300428","B4C15C57B4A77428376494BEC8A5997615D81D9B6FC72C46776C95983F0CED41"
"priority","roslyn/block-001/attempt-01/B-base-coordinator/benchmark/coordinator-all-normal-r1/normal2/normal2.binlog","7496858","E43EEC9C3B82B779EDCFE73F961CBAD1014D8973808C60204CB7272E7E241A52"
"priority","roslyn/block-001/attempt-01/B-base-coordinator/benchmark/coordinator-all-normal-r1/normal3/normal3.binlog","7214274","7F9B52D50E9DD0CAB01BB34472131DE71A7EE7F7BE429FBA2A9A89B622AE6190"
"priority","roslyn/block-001/attempt-01/B-base-coordinator/benchmark/coordinator-all-normal-r1/normal4/normal4.binlog","7151388","ED7ADCB8250753259673CFA9A24A7742F26A9506787A00951F58E19683935C96"
"priority","roslyn/block-001/attempt-01/C-candidate-compat/benchmark/coordinator-all-normal-r1/high1/high1.binlog","7128673","5425C3BFFD9B8B03CFD82BB1419D897A3545231AEFC66FAEF32E8FB5E3865B62"
"priority","roslyn/block-001/attempt-01/C-candidate-compat/benchmark/coordinator-all-normal-r1/normal1/normal1.binlog","7493792","499759DF8335FA8EE758745A5C96BB13401D06DAD4110B8C3625D6D26395853C"
"priority","roslyn/block-001/attempt-01/C-candidate-compat/benchmark/coordinator-all-normal-r1/normal2/normal2.binlog","7152102","40F1E5E3FE565E87CCB4F7368E70AE6A1FE1E3A95E65789E07C6B8CF128624BA"
"priority","roslyn/block-001/attempt-01/C-candidate-compat/benchmark/coordinator-all-normal-r1/normal3/normal3.binlog","7233108","B90B5D597604E4FACD3DAEDE8349457F6E4622F8D0EA4A9D6436F24FB8F55F21"
"priority","roslyn/block-001/attempt-01/C-candidate-compat/benchmark/coordinator-all-normal-r1/normal4/normal4.binlog","7242515","588C8E093756852662AD1D0A1EA1F4FAB3F9713798FDF320F5B61E6DAE768BD2"
"priority","roslyn/block-001/attempt-01/D-candidate-default-normal/benchmark/coordinator-all-normal-r1/high1/high1.binlog","7137058","E614D1ADBC7142A858D3FE486C97B3F02974A5D9EFE08CE339CD8F7D4130CA02"
"priority","roslyn/block-001/attempt-01/D-candidate-default-normal/benchmark/coordinator-all-normal-r1/normal1/normal1.binlog","7146295","C002F9BF745E62811FFFD83CBF6B144B8BA19161F835384A3029C0C6DFF07012"
"priority","roslyn/block-001/attempt-01/D-candidate-default-normal/benchmark/coordinator-all-normal-r1/normal2/normal2.binlog","7145117","67BAC1895F23047190182023679A90C2975587215C2F43BCD044062CF9A549E8"
"priority","roslyn/block-001/attempt-01/D-candidate-default-normal/benchmark/coordinator-all-normal-r1/normal3/normal3.binlog","7079662","0125CC606933F8C6F561905F40DB11250FCCAECD15273E3ECEC62DB62CA0F7AD"
"priority","roslyn/block-001/attempt-01/D-candidate-default-normal/benchmark/coordinator-all-normal-r1/normal4/normal4.binlog","7075135","D971705305722D802006C829710A40F366A9BF70ECFD44268A42692CA585B1CD"
"priority","roslyn/block-001/attempt-01/E-candidate-default-high/benchmark/coordinator-priority-r1/high1/high1.binlog","7208523","0507E0AD6CAC4E546882102C2D3009EE2450A48F8D0A6E51CFC4D08C6A56B08F"
"priority","roslyn/block-001/attempt-01/E-candidate-default-high/benchmark/coordinator-priority-r1/normal1/normal1.binlog","7140879","D837DEEDCC3443F7C7F5D9073586FAE132C9A5B4D65B2C835D0774628761226F"
"priority","roslyn/block-001/attempt-01/E-candidate-default-high/benchmark/coordinator-priority-r1/normal2/normal2.binlog","7292349","77E9775B7EBB38F0EC6A784A2AE820D85061B02E9C7E3A6D623A26F07303E452"
"priority","roslyn/block-001/attempt-01/E-candidate-default-high/benchmark/coordinator-priority-r1/normal3/normal3.binlog","6922498","935974BC7EFF36D2AFF33426EA9B3B817E5804AE6C44C2658E9C958D27AE14D0"
"priority","roslyn/block-001/attempt-01/E-candidate-default-high/benchmark/coordinator-priority-r1/normal4/normal4.binlog","7168779","A43EF73EE24701A84EF9DD53127E20758CC4C495EE4C1ABDB4F0DCD596EAA505"
"priority","roslyn/block-002/attempt-01/A-no-coordinator/benchmark/no-coordinator-r1/high1/high1.binlog","7493299","1FE71CD7021FBBB440199C9D4B6F2B2809C55AA4C9E585231E79A208429283D9"
"priority","roslyn/block-002/attempt-01/A-no-coordinator/benchmark/no-coordinator-r1/normal1/normal1.binlog","7406920","334866DC6FAED079300FBE439BAB818E1AF282536698737938D0CA2AED8C6224"
"priority","roslyn/block-002/attempt-01/A-no-coordinator/benchmark/no-coordinator-r1/normal2/normal2.binlog","7463600","C8180B330323FC800582593AD3E2EA85AD4DA53A60512FCA1405CA2CFBA57953"
"priority","roslyn/block-002/attempt-01/A-no-coordinator/benchmark/no-coordinator-r1/normal3/normal3.binlog","7401025","BAF1AA763909621CABB73DA18EB9203AF39E956144B127A4DBA3E3DFBE3AA23B"
"priority","roslyn/block-002/attempt-01/A-no-coordinator/benchmark/no-coordinator-r1/normal4/normal4.binlog","7444281","E33DCFB03C8C9149B2B314D86F9EA2AC225A2F9B86055AA0130AE83EF4B2AA7F"
"priority","roslyn/block-002/attempt-01/B-base-coordinator/benchmark/coordinator-all-normal-r1/high1/high1.binlog","7208058","31AD242014025AE8822E6F243069318A174CD72576EE358C21ABECA18EB7A8FF"
"priority","roslyn/block-002/attempt-01/B-base-coordinator/benchmark/coordinator-all-normal-r1/normal1/normal1.binlog","7298730","C87169A3A56C97328E292E87FB8F08EEBD763C87109284664BCAF37761080C52"
"priority","roslyn/block-002/attempt-01/B-base-coordinator/benchmark/coordinator-all-normal-r1/normal2/normal2.binlog","7243027","95865A6959E89F3DF84F3623D24C2ED2F08297ADDCC6CFC0FD208957B90CA2E4"
"priority","roslyn/block-002/attempt-01/B-base-coordinator/benchmark/coordinator-all-normal-r1/normal3/normal3.binlog","7343335","B6DA15B95BD538D07C30902D81589E57D00B270AC2E9054C0E35322F446957BF"
"priority","roslyn/block-002/attempt-01/B-base-coordinator/benchmark/coordinator-all-normal-r1/normal4/normal4.binlog","7363410","632B147317CD1D31DB2E09DBBE1C1978DF87659063E5D8AEA81DED62D54EB181"
"priority","roslyn/block-002/attempt-01/C-candidate-compat/benchmark/coordinator-all-normal-r1/high1/high1.binlog","7148474","277F2AA5A9519DBA00C8F610EF02562D8035235402557F6C8F2C3A38BD9F98AB"
"priority","roslyn/block-002/attempt-01/C-candidate-compat/benchmark/coordinator-all-normal-r1/normal1/normal1.binlog","7436249","FE1A3B5FC089F0E86816E6EE3A546B6F1AE1958EAAB560877D670D5F2173289E"
"priority","roslyn/block-002/attempt-01/C-candidate-compat/benchmark/coordinator-all-normal-r1/normal2/normal2.binlog","7307263","4D64CF5FCC5CFA902B19533CB2FE99478D18BDB079CA516AF1584806058E2530"
"priority","roslyn/block-002/attempt-01/C-candidate-compat/benchmark/coordinator-all-normal-r1/normal3/normal3.binlog","7259721","C07FE8714D1845EEC7DEFC6114E961C6D47588726440A4256B485DEAE276519B"
"priority","roslyn/block-002/attempt-01/C-candidate-compat/benchmark/coordinator-all-normal-r1/normal4/normal4.binlog","7228151","92074C78648D97BCDDDDAF727CC2634BFDE933A03B4587382885DDE60366C1F7"
"priority","roslyn/block-002/attempt-01/D-candidate-default-normal/benchmark/coordinator-all-normal-r1/high1/high1.binlog","7079449","E75625B4303D5DEE2CB532C21876D78EF2ECE8494E4013330E1F3D2803A64DF7"
"priority","roslyn/block-002/attempt-01/D-candidate-default-normal/benchmark/coordinator-all-normal-r1/normal1/normal1.binlog","7210392","D9AC6168FDA3399D15EF96C564EE57BBB738B10D86D68EA205D6270A529D7F7B"
"priority","roslyn/block-002/attempt-01/D-candidate-default-normal/benchmark/coordinator-all-normal-r1/normal2/normal2.binlog","7158321","FF824778CD5A3547051F99A35D40860E36762B89490F3A7FFF469EE2E892727B"
"priority","roslyn/block-002/attempt-01/D-candidate-default-normal/benchmark/coordinator-all-normal-r1/normal3/normal3.binlog","7179196","F908065719FD68108FBBF73748FE95AFDD59147B2701B792723C6FE03EBAD372"
"priority","roslyn/block-002/attempt-01/D-candidate-default-normal/benchmark/coordinator-all-normal-r1/normal4/normal4.binlog","7084778","57EFA26A9D8F22F7E3F8D7985E40B6969A93755402963EE94BB2F4097DFE45AF"
"priority","roslyn/block-002/attempt-01/E-candidate-default-high/benchmark/coordinator-priority-r1/high1/high1.binlog","7193535","62BCB399F35C69673EC9D10A289FE20D336B2A24F3BE9BCF3C158ACAE2DEB665"
"priority","roslyn/block-002/attempt-01/E-candidate-default-high/benchmark/coordinator-priority-r1/normal1/normal1.binlog","7322835","CFCF27694561EE4BD43418BAE2244ADE4F3586A75174627BEF9AFFCD3516AF75"
"priority","roslyn/block-002/attempt-01/E-candidate-default-high/benchmark/coordinator-priority-r1/normal2/normal2.binlog","7235154","CD7F730550088E3533FE7FA0FE0522DCD049E28515C7F5785166A0BF53129E9A"
"priority","roslyn/block-002/attempt-01/E-candidate-default-high/benchmark/coordinator-priority-r1/normal3/normal3.binlog","7264314","39FCEE115BC2B658C29E438EBDBA28CA24A65C2A23579A4FE69F9B21C0C81485"
"priority","roslyn/block-002/attempt-01/E-candidate-default-high/benchmark/coordinator-priority-r1/normal4/normal4.binlog","6965764","F86E65D2D20F7C03F2CB83B990E3A320D354D485F0F0DD31C3BC3DFC2D19381B"
"priority","roslyn/block-003/attempt-01/A-no-coordinator/benchmark/no-coordinator-r1/high1/high1.binlog","7298936","33781FDE2EFCAF3E37CDF83032A0D371BB04FD6C61EF7C0276FC708AFE29FCF4"
"priority","roslyn/block-003/attempt-01/A-no-coordinator/benchmark/no-coordinator-r1/normal1/normal1.binlog","7286755","23201E4F2ADA0D21CC9C0E8B88B5E69C6AE77AE4A21EC78E53B0AB6EC8ED500D"
"priority","roslyn/block-003/attempt-01/A-no-coordinator/benchmark/no-coordinator-r1/normal2/normal2.binlog","7280110","CDC03B3515FB2CCFE79D4EBD5598FD84A9F1E252DEA18593E5D17EA8357308A8"
"priority","roslyn/block-003/attempt-01/A-no-coordinator/benchmark/no-coordinator-r1/normal3/normal3.binlog","7321950","BBD2CBD18DD5E97A4DAD11E897AFD718075A16D09FBD9A7A3B0EBE55F8048990"
"priority","roslyn/block-003/attempt-01/A-no-coordinator/benchmark/no-coordinator-r1/normal4/normal4.binlog","7338364","F9BD7188829BB0C01AA6DEABC1022BD562A907F857BE059FCD618132FF0862A1"
"priority","roslyn/block-003/attempt-01/B-base-coordinator/benchmark/coordinator-all-normal-r1/high1/high1.binlog","7192464","74AF560FAD35A8FAF38D35CF80EECEB49FB24C684A36122EA15F80DAAC7D9FDE"
"priority","roslyn/block-003/attempt-01/B-base-coordinator/benchmark/coordinator-all-normal-r1/normal1/normal1.binlog","7482239","9471AACBADBC49CFC186ACC763C96BF3E1B4E65A0FED2B8EC3E33D8252C78753"
"priority","roslyn/block-003/attempt-01/B-base-coordinator/benchmark/coordinator-all-normal-r1/normal2/normal2.binlog","7231267","923288918BB33F749AB0381EB4D21218B61176FF004420DD6FA2142BF72AF736"
"priority","roslyn/block-003/attempt-01/B-base-coordinator/benchmark/coordinator-all-normal-r1/normal3/normal3.binlog","7199485","D8B80D6F8C8373AC715A7C5013650D9A957FA0815D70E5D9A088A68CA730DE5A"
"priority","roslyn/block-003/attempt-01/B-base-coordinator/benchmark/coordinator-all-normal-r1/normal4/normal4.binlog","7268110","CB599897AAC7947EDA5CC13FDED3D532C84D53AF26ED74B51E88E00C20E69E76"
"priority","roslyn/block-003/attempt-01/C-candidate-compat/benchmark/coordinator-all-normal-r1/high1/high1.binlog","7236186","8FEAC548EB71C728B880B71F149566CDB121DC004CA12A0A08ED649D07005A65"
"priority","roslyn/block-003/attempt-01/C-candidate-compat/benchmark/coordinator-all-normal-r1/normal1/normal1.binlog","7221864","37B07D7AFF3CE2BA66C796B19EAE75E078662713068C542C3A21309695F01D99"
"priority","roslyn/block-003/attempt-01/C-candidate-compat/benchmark/coordinator-all-normal-r1/normal2/normal2.binlog","7427770","C8AA4D5023DC741D8923FBDF5FBD332B2F13C9F259F908902697D7E3B3EC1CD0"
"priority","roslyn/block-003/attempt-01/C-candidate-compat/benchmark/coordinator-all-normal-r1/normal3/normal3.binlog","7217798","D1960364FE3B881C1FCF35F0F79EECE18001951C52623D4B11D073B3F72780BB"
"priority","roslyn/block-003/attempt-01/C-candidate-compat/benchmark/coordinator-all-normal-r1/normal4/normal4.binlog","7210280","A3995D2AF26FCD9A6D4535709A999E8A2FBAE9CE313638737620E6EA99BECD7B"
"priority","roslyn/block-003/attempt-01/D-candidate-default-normal/benchmark/coordinator-all-normal-r1/high1/high1.binlog","7115596","ADEBD6D66F79E3535C79D7390034DC9831AEA2C0C531F1E363C9AA8D368B7127"
"priority","roslyn/block-003/attempt-01/D-candidate-default-normal/benchmark/coordinator-all-normal-r1/normal1/normal1.binlog","7217953","384546677E47A1721E4B7B3EA12D2AD130DAB14314F764DC07E82285F340444C"
"priority","roslyn/block-003/attempt-01/D-candidate-default-normal/benchmark/coordinator-all-normal-r1/normal2/normal2.binlog","7162593","48E02D41B8AB50F2F75D1BB7C8FC345E57AA81C61963E1109D481814CDF6A11A"
"priority","roslyn/block-003/attempt-01/D-candidate-default-normal/benchmark/coordinator-all-normal-r1/normal3/normal3.binlog","7013800","7374B3CC0576CCF0509B1990A3A4FB89AC08BD4C8C9C12244BAACBD087217E06"
"priority","roslyn/block-003/attempt-01/D-candidate-default-normal/benchmark/coordinator-all-normal-r1/normal4/normal4.binlog","7273009","C4AD5B276B86B6E5338C68FF710E9B67BBF4BFC4DB3E79D23BB9F7D666AD8F12"
"priority","roslyn/block-003/attempt-01/E-candidate-default-high/benchmark/coordinator-priority-r1/high1/high1.binlog","7139972","0F4BFF0E231EF626DDB4CC9F1E338B945682476A418784A763654F6D78EEEBBD"
"priority","roslyn/block-003/attempt-01/E-candidate-default-high/benchmark/coordinator-priority-r1/normal1/normal1.binlog","7214346","B9E96C5DD66928052E5010C481F0A5035DCC9E749A4969EE5C1331EE7E26ECDE"
"priority","roslyn/block-003/attempt-01/E-candidate-default-high/benchmark/coordinator-priority-r1/normal2/normal2.binlog","7046839","44435108150AE567DD6FE4C08F5083E7D0F45E789F87E8CE4843D874F314782C"
"priority","roslyn/block-003/attempt-01/E-candidate-default-high/benchmark/coordinator-priority-r1/normal3/normal3.binlog","6975830","CF622C2C637190BC5EF53DDEA7CC79C95442C3577317620D269D4D17160F61D3"
"priority","roslyn/block-003/attempt-01/E-candidate-default-high/benchmark/coordinator-priority-r1/normal4/normal4.binlog","7098409","8C972B81168A9745A99BF7B562D6A9B3AFD5F04D3F1BB88680069B16A2E528A8"
"priority","roslyn/block-004/attempt-01/A-no-coordinator/benchmark/no-coordinator-r1/high1/high1.binlog","7371659","82997A0FB4C8A71D683EDD0EE2787B32FD842F14823ED3C652A6232046315817"
"priority","roslyn/block-004/attempt-01/A-no-coordinator/benchmark/no-coordinator-r1/normal1/normal1.binlog","7276456","285D3B2FAB4ECE5AED22062EFDA49D53C77D4FAC75AD8E2A3D9554FF41C375E9"
"priority","roslyn/block-004/attempt-01/A-no-coordinator/benchmark/no-coordinator-r1/normal2/normal2.binlog","7256270","A5FD887AE276CF830B1A4A73B5E5DC6FE9F2763B65852D05D7284CEF23ECEAB6"
"priority","roslyn/block-004/attempt-01/A-no-coordinator/benchmark/no-coordinator-r1/normal3/normal3.binlog","7291435","00094706A0626EC05E9432E2E8B506E5E8667FE355379F84B2F476BC79F80921"
"priority","roslyn/block-004/attempt-01/A-no-coordinator/benchmark/no-coordinator-r1/normal4/normal4.binlog","7269421","101E0A8795AA0AAEBEE7D4B3CABCC5017FFB3D4C83F072826629E49FFDDA2620"
"priority","roslyn/block-004/attempt-01/B-base-coordinator/benchmark/coordinator-all-normal-r1/high1/high1.binlog","7282747","DC7719D52679B6A7028F08544F7791623D5C687A424A8F5797EB13A9F3E96A38"
"priority","roslyn/block-004/attempt-01/B-base-coordinator/benchmark/coordinator-all-normal-r1/normal1/normal1.binlog","7225654","E14247EB09FB99D0D34B95C33B2AF1BCF9105D4C350CDA130DD1DE1C48193EE3"
"priority","roslyn/block-004/attempt-01/B-base-coordinator/benchmark/coordinator-all-normal-r1/normal2/normal2.binlog","7278803","2FD1139F1BD4182A3103D96CF32E02197F152A2423729CDA9E9AA419960ED0BE"
"priority","roslyn/block-004/attempt-01/B-base-coordinator/benchmark/coordinator-all-normal-r1/normal3/normal3.binlog","7413227","6B6485BB8AFE3C6FE726A5A4BA6FA284C76595BF1F3FAEDA645C3239CB902AAB"
"priority","roslyn/block-004/attempt-01/B-base-coordinator/benchmark/coordinator-all-normal-r1/normal4/normal4.binlog","7191140","B4687E8A302F86F19230910229A2AFA4AB7B6F030C0051CD3A1B3A29834B8872"
"priority","roslyn/block-004/attempt-01/C-candidate-compat/benchmark/coordinator-all-normal-r1/high1/high1.binlog","7207727","BC647BE4EC3FBB43494AEE251985AB9EDEFF54C9AF533746314DCDF36100DB71"
"priority","roslyn/block-004/attempt-01/C-candidate-compat/benchmark/coordinator-all-normal-r1/normal1/normal1.binlog","7214170","4020ED1F0A061622EB201885E49D883C8D4F76FEBAFBD1D98EDEA69F71E6F9B3"
"priority","roslyn/block-004/attempt-01/C-candidate-compat/benchmark/coordinator-all-normal-r1/normal2/normal2.binlog","7098651","839A10A017D5323AEE6FA3AAA2AC8EA186791ABAF77908F3AB7B21E539486A47"
"priority","roslyn/block-004/attempt-01/C-candidate-compat/benchmark/coordinator-all-normal-r1/normal3/normal3.binlog","7258506","15CEF687D69749701BFF0A479A2BDBB49CA03293240C91203F7BAFDB633F3DA9"
"priority","roslyn/block-004/attempt-01/C-candidate-compat/benchmark/coordinator-all-normal-r1/normal4/normal4.binlog","7373826","FDF28FC7923E6BC5DA2D1D3CDBED377E99F9E2F3F37F4AE6636A42BF1C59CC35"
"priority","roslyn/block-004/attempt-01/D-candidate-default-normal/benchmark/coordinator-all-normal-r1/high1/high1.binlog","7061052","1289401B68EBF6861FCAB169A4BA15B874C3BD4EFE7249CBE39A7EE4AFCC3E27"
"priority","roslyn/block-004/attempt-01/D-candidate-default-normal/benchmark/coordinator-all-normal-r1/normal1/normal1.binlog","7108383","4C18393B5F14DE77F7D0E199C22473B796A93229E9873A2DB044737E18E08E8E"
"priority","roslyn/block-004/attempt-01/D-candidate-default-normal/benchmark/coordinator-all-normal-r1/normal2/normal2.binlog","7198968","E7C583183D530B4794A7A1A3416172CFDF24BAC96CCE91EA391A5417CB93FF59"
"priority","roslyn/block-004/attempt-01/D-candidate-default-normal/benchmark/coordinator-all-normal-r1/normal3/normal3.binlog","7164842","B34BFC4D69C9AFA483888946CEFC9B8D8DDEC3EF0CBF615AB0AC96BF5300955B"
"priority","roslyn/block-004/attempt-01/D-candidate-default-normal/benchmark/coordinator-all-normal-r1/normal4/normal4.binlog","7075589","4CE31A2EBFE369E0004AD0CF4C0E29350DD18EC978265ED989666FCE16475B98"
"priority","roslyn/block-004/attempt-01/E-candidate-default-high/benchmark/coordinator-priority-r1/high1/high1.binlog","7206448","4820AB6C0DE05DBE62D5E0F8B342D688AA21D6ECD0BBEBFD12402226A10F9450"
"priority","roslyn/block-004/attempt-01/E-candidate-default-high/benchmark/coordinator-priority-r1/normal1/normal1.binlog","7208039","03A82A5DC758A5A648CB61846A4F49AAFAD460E7D631B128D544F18BFD7D88B6"
"priority","roslyn/block-004/attempt-01/E-candidate-default-high/benchmark/coordinator-priority-r1/normal2/normal2.binlog","7022215","2147CD77F0B2012336187F095E1094B389297AF6FCDDEBBD81144380FDBBE3EF"
"priority","roslyn/block-004/attempt-01/E-candidate-default-high/benchmark/coordinator-priority-r1/normal3/normal3.binlog","7199111","1E2D3C0040FE859070ED90CD32BEB27A6C04B96CFAF2AEFBF3E19E1AA1848C9A"
"priority","roslyn/block-004/attempt-01/E-candidate-default-high/benchmark/coordinator-priority-r1/normal4/normal4.binlog","7073800","1D883F22186105CE7AD04D0600C7F478C53F8C64618DDCD29120F71E7B8184DC"
"priority","roslyn/block-005/attempt-01/A-no-coordinator/benchmark/no-coordinator-r1/high1/high1.binlog","7242500","C7B68AA1D3166A2F963EF976D8BDA71064A3E638B8AE592011921B2E31A7C7D3"
"priority","roslyn/block-005/attempt-01/A-no-coordinator/benchmark/no-coordinator-r1/normal1/normal1.binlog","7327897","7C77DD5F359F0B94FE03F693CA47E8BAD199174340DC9837F23988F7E89D2D8C"
"priority","roslyn/block-005/attempt-01/A-no-coordinator/benchmark/no-coordinator-r1/normal2/normal2.binlog","7250077","0C2E8BEF299B2D33170845D027DE8F1C94C8FF058BFD3A0DD42E6606C1899A1A"
"priority","roslyn/block-005/attempt-01/A-no-coordinator/benchmark/no-coordinator-r1/normal3/normal3.binlog","7206155","EFAB2E2EFDB821449E429AEB37CFD6A682841AB69C92CB78BB58DC688574BF3B"
"priority","roslyn/block-005/attempt-01/A-no-coordinator/benchmark/no-coordinator-r1/normal4/normal4.binlog","7314565","4BE311FFF732C75DA1185E983D3B3505289CBA53D5863E6F28812AB2B683E9BF"
"priority","roslyn/block-005/attempt-01/B-base-coordinator/benchmark/coordinator-all-normal-r1/high1/high1.binlog","7274077","1D7BAA4A36860F948DCFE8DC59F4B4EDD07189DFDCC7EC7C983677107E1B68B4"
"priority","roslyn/block-005/attempt-01/B-base-coordinator/benchmark/coordinator-all-normal-r1/normal1/normal1.binlog","7109520","3C1DCC2D2361FFC6DEA79812E490454663250560F3327B0726CB790B5AB02785"
"priority","roslyn/block-005/attempt-01/B-base-coordinator/benchmark/coordinator-all-normal-r1/normal2/normal2.binlog","7084319","E0F5C316D64A5D34A36C70592E5A076829F39302473DB00D5CFF1E299871DA90"
"priority","roslyn/block-005/attempt-01/B-base-coordinator/benchmark/coordinator-all-normal-r1/normal3/normal3.binlog","7488654","151866C7B15F3508FA7599AB92727D0256BC15397429D5E095AFC1F2613237BF"
"priority","roslyn/block-005/attempt-01/B-base-coordinator/benchmark/coordinator-all-normal-r1/normal4/normal4.binlog","7200344","756097B4E65EB7B3C91BEBB6662EEE292C889C573937481153A7758FB69E7786"
"priority","roslyn/block-005/attempt-01/C-candidate-compat/benchmark/coordinator-all-normal-r1/high1/high1.binlog","7231453","38721BAABDB53FF31A7F8C699EB41693C79747983249BD334DE18DB688B4D361"
"priority","roslyn/block-005/attempt-01/C-candidate-compat/benchmark/coordinator-all-normal-r1/normal1/normal1.binlog","7414188","1026FCA126BB5099E9171104131358B7AFB7B1957C2B8089967FB9C82F71F12A"
"priority","roslyn/block-005/attempt-01/C-candidate-compat/benchmark/coordinator-all-normal-r1/normal2/normal2.binlog","7212587","EE452FFB8E6317A62F6FBC710EDC75CE678EA70DE09557709494E91D9ABF7FC1"
"priority","roslyn/block-005/attempt-01/C-candidate-compat/benchmark/coordinator-all-normal-r1/normal3/normal3.binlog","7271009","D239D36C8E4D8104016E5146E78C9A0DE7A7F88AA64C0CEF90D6C0648A424BF0"
"priority","roslyn/block-005/attempt-01/C-candidate-compat/benchmark/coordinator-all-normal-r1/normal4/normal4.binlog","7226294","EAFF034D8A24F24F011DADA66A3D2EB4E64436FE84DA779123EE96C4AEFE1CBE"
"priority","roslyn/block-005/attempt-01/D-candidate-default-normal/benchmark/coordinator-all-normal-r1/high1/high1.binlog","7026572","C03DC299960050477F2D5B99506285D624F5FF1495C6D51542FAF5D1F22570B4"
"priority","roslyn/block-005/attempt-01/D-candidate-default-normal/benchmark/coordinator-all-normal-r1/normal1/normal1.binlog","7181969","A8FE1E46BAA3862C48DFAD21D79174C3436E87A9616550E549C5711147B058F9"
"priority","roslyn/block-005/attempt-01/D-candidate-default-normal/benchmark/coordinator-all-normal-r1/normal2/normal2.binlog","7150960","5CA0CB9DCF38F5A0F8C7ECE508EA886C3E0B97D2B85AAF8120B4D4F2CC630893"
"priority","roslyn/block-005/attempt-01/D-candidate-default-normal/benchmark/coordinator-all-normal-r1/normal3/normal3.binlog","7064151","D2681F905BDA0AAEAD4C3CCA44A7A59E4E58413F69DD02BFEB4A2726BE798E80"
"priority","roslyn/block-005/attempt-01/D-candidate-default-normal/benchmark/coordinator-all-normal-r1/normal4/normal4.binlog","7091826","7E0994CB234125A17FAE93055894528B0FC967205290A3F54C9AF6BE7534297F"
"priority","roslyn/block-005/attempt-01/E-candidate-default-high/benchmark/coordinator-priority-r1/high1/high1.binlog","7192230","E4728141B0FE5C375967035618508A00785A5F0C963CC3FA7323B316C9EA4D63"
"priority","roslyn/block-005/attempt-01/E-candidate-default-high/benchmark/coordinator-priority-r1/normal1/normal1.binlog","7095866","C3CB715A164853BCD1C202AC5B2F2C3B6DBD6CBACD3D3A1DA6D8052973B33BA4"
"priority","roslyn/block-005/attempt-01/E-candidate-default-high/benchmark/coordinator-priority-r1/normal2/normal2.binlog","7309315","77FD228BE80F1381AE9051DF6C939EC01BDBF3169B5B59FE96A6B5CF08DB2A0C"
"priority","roslyn/block-005/attempt-01/E-candidate-default-high/benchmark/coordinator-priority-r1/normal3/normal3.binlog","7352598","CCFBC03B89FB1E0245940DF88EA57A226D84F742347276671CA1E380EEE388EF"
"priority","roslyn/block-005/attempt-01/E-candidate-default-high/benchmark/coordinator-priority-r1/normal4/normal4.binlog","7184721","C936DA692A7ECA338ED17385073EC4B224754F7473FDD43A30EC26FECB2CB13D"
"priority","roslyn/block-006/attempt-01/A-no-coordinator/benchmark/no-coordinator-r1/high1/high1.binlog","7377958","7095A2624B29DE788F68FF87A180C40F84784A3C4BA90FD3CA7FC0783FB246A0"
"priority","roslyn/block-006/attempt-01/A-no-coordinator/benchmark/no-coordinator-r1/normal1/normal1.binlog","7266816","C829169B75F53AF385FBF12B9F7C219F3D7CB852F728B79D48A8090C35FD755C"
"priority","roslyn/block-006/attempt-01/A-no-coordinator/benchmark/no-coordinator-r1/normal2/normal2.binlog","7386466","F524E466E6E419F9F324519BC33F17DA083F4301BD6B1B4125F51E54FD696312"
"priority","roslyn/block-006/attempt-01/A-no-coordinator/benchmark/no-coordinator-r1/normal3/normal3.binlog","7542840","6198C646E495564B990E85B3A1DAF55C7D9111348EEDBAD099C886BD890C2EDD"
"priority","roslyn/block-006/attempt-01/A-no-coordinator/benchmark/no-coordinator-r1/normal4/normal4.binlog","7302169","902285AED7B06927C3F32A81094C14F4C7396B218D2EF0287885C2D5AEFC1D25"
"priority","roslyn/block-006/attempt-01/B-base-coordinator/benchmark/coordinator-all-normal-r1/high1/high1.binlog","7132178","A026F9AF9F9DDEDC50E8BE072583195E7AEAFD9A5B1A2C0A4753D4216B64404D"
"priority","roslyn/block-006/attempt-01/B-base-coordinator/benchmark/coordinator-all-normal-r1/normal1/normal1.binlog","7290050","5691AC8BDB6F5286E57F820F6A72BC470AC22457DD041F7B4141463371521C03"
"priority","roslyn/block-006/attempt-01/B-base-coordinator/benchmark/coordinator-all-normal-r1/normal2/normal2.binlog","7231485","84FAC0234265CF2F78655AFFE52BA307E3A84CCED03076B23FCDD705C6A5EB64"
"priority","roslyn/block-006/attempt-01/B-base-coordinator/benchmark/coordinator-all-normal-r1/normal3/normal3.binlog","7413146","BDFA27AE55F70AC518F3A65522D5157B3AEEA1DE1FD73E73700325D52C36C6CE"
"priority","roslyn/block-006/attempt-01/B-base-coordinator/benchmark/coordinator-all-normal-r1/normal4/normal4.binlog","7236918","EAA18CA10BC85428C52312DB3474E0AA55B8F569E8E2CB97D1FF117472F30545"
"priority","roslyn/block-006/attempt-01/C-candidate-compat/benchmark/coordinator-all-normal-r1/high1/high1.binlog","7246780","460EFF2836DB496DCD040417A9986D0A7ED3A0B74646C572359BC05D49665311"
"priority","roslyn/block-006/attempt-01/C-candidate-compat/benchmark/coordinator-all-normal-r1/normal1/normal1.binlog","7247329","39002FB73AD24397A0C2A766CFE5CA20AFBA930C71D7A9D8A076E538E0CEDDC5"
"priority","roslyn/block-006/attempt-01/C-candidate-compat/benchmark/coordinator-all-normal-r1/normal2/normal2.binlog","7223470","CC5D345BB75C12CCDA2CD8199EDDD8E844E826CB7F2EF0F524C447234D0A7D4E"
"priority","roslyn/block-006/attempt-01/C-candidate-compat/benchmark/coordinator-all-normal-r1/normal3/normal3.binlog","7238254","8D12CE1CA99D291FBE76952AAC76DD3C54DEB8BC1D6583CB142541325CAE1D3D"
"priority","roslyn/block-006/attempt-01/C-candidate-compat/benchmark/coordinator-all-normal-r1/normal4/normal4.binlog","7423366","C7AB5364EC9B9709EE4CED29DCFB522D0E062E71A7A84535EE80931ABBE09B35"
"priority","roslyn/block-006/attempt-01/D-candidate-default-normal/benchmark/coordinator-all-normal-r1/high1/high1.binlog","7121104","0E8AAC61954562160D7F3366FFFF8A8A536AF8DDB282C811A0679F5DA81DD5D9"
"priority","roslyn/block-006/attempt-01/D-candidate-default-normal/benchmark/coordinator-all-normal-r1/normal1/normal1.binlog","7209941","114DF564C16DAD71F2E8BA6B537C0394EC25129238BE5E0D32ED17A49FE812B3"
"priority","roslyn/block-006/attempt-01/D-candidate-default-normal/benchmark/coordinator-all-normal-r1/normal2/normal2.binlog","7268900","600CF1A9B0EE216DE49BC003B7BF47872DE8FC3AE41FFB8DC589DB8963F9968F"
"priority","roslyn/block-006/attempt-01/D-candidate-default-normal/benchmark/coordinator-all-normal-r1/normal3/normal3.binlog","7191532","6A2DB939869E7D8B060F7FA01ED3F2D5411D9768C7477384C21B9AD42E95733E"
"priority","roslyn/block-006/attempt-01/D-candidate-default-normal/benchmark/coordinator-all-normal-r1/normal4/normal4.binlog","7097197","C9D90946C7DE290B57AF7C83897B720F55DD88350653EC5780EDAFEFB9DCBE49"
"priority","roslyn/block-006/attempt-01/E-candidate-default-high/benchmark/coordinator-priority-r1/high1/high1.binlog","7230208","48CB0BB75306023B550EF5A3B88358177EC1D700D90B39E9F50D1A4B9EAE9DC6"
"priority","roslyn/block-006/attempt-01/E-candidate-default-high/benchmark/coordinator-priority-r1/normal1/normal1.binlog","7183966","012B4A881A809F990237645C0FEB4643182FB902F2145AFC68B3FF00F75B0ED8"
"priority","roslyn/block-006/attempt-01/E-candidate-default-high/benchmark/coordinator-priority-r1/normal2/normal2.binlog","7292096","858FC0E8F466463DFBB47821E38297987246C6CFEC64B57340E7EF6B2DA20359"
"priority","roslyn/block-006/attempt-01/E-candidate-default-high/benchmark/coordinator-priority-r1/normal3/normal3.binlog","7251841","1BC98207C33D21780AEFA61E822B3C5EA6E5346E1566AC0E6A8FDFB06DB48948"
"priority","roslyn/block-006/attempt-01/E-candidate-default-high/benchmark/coordinator-priority-r1/normal4/normal4.binlog","7148577","C0343FDC6DC718E6091CE45E83976AE375A832F78CD5476E0DFDF5403C7F713A"
"priority","roslyn/block-007/attempt-01/A-no-coordinator/benchmark/no-coordinator-r1/high1/high1.binlog","7423393","7E34F4916ABE50CD84DAFECC9A9B4E195772C08EA18C27BC9BDF260964233120"
"priority","roslyn/block-007/attempt-01/A-no-coordinator/benchmark/no-coordinator-r1/normal1/normal1.binlog","7156615","A6A4B8455CDBC70AF58C05E8030DFEC79ADAE5700811B6485D14E10C898F4433"
"priority","roslyn/block-007/attempt-01/A-no-coordinator/benchmark/no-coordinator-r1/normal2/normal2.binlog","7287359","683F36B881541F6A22291F3BD04C6FBBA7FC6908B96F11CBA4D68EE260B97D4B"
"priority","roslyn/block-007/attempt-01/A-no-coordinator/benchmark/no-coordinator-r1/normal3/normal3.binlog","7248983","F65CEAC4183E0226EE38D9B0F9E2994E4ACE5E2DD2EB57CA8F677D3EA9BBA91D"
"priority","roslyn/block-007/attempt-01/A-no-coordinator/benchmark/no-coordinator-r1/normal4/normal4.binlog","7498836","7A018C01E8BA80E277AA3981E2A4C07DFB068AB32CB5588EBFCCD72F18D02BFA"
"priority","roslyn/block-007/attempt-01/B-base-coordinator/benchmark/coordinator-all-normal-r1/high1/high1.binlog","7340310","E311105905F7AE9B6F9FDC6D1DF02C5B6E98BE90287ABA02C35C226622584A05"
"priority","roslyn/block-007/attempt-01/B-base-coordinator/benchmark/coordinator-all-normal-r1/normal1/normal1.binlog","7242571","396585F1262B81D4A6538F1A61B9871137B4C3DC3D09F0F09F9F6C81A0B677ED"
"priority","roslyn/block-007/attempt-01/B-base-coordinator/benchmark/coordinator-all-normal-r1/normal2/normal2.binlog","7422142","8520C95DCA52F70774F831848017A65BBD9B6FD0F0EF27BE4881640097D1CB01"
"priority","roslyn/block-007/attempt-01/B-base-coordinator/benchmark/coordinator-all-normal-r1/normal3/normal3.binlog","7324808","B738B8E5580CA1086F49EC32182E59F44D4CD911F6A32DDCA661E972A26B7806"
"priority","roslyn/block-007/attempt-01/B-base-coordinator/benchmark/coordinator-all-normal-r1/normal4/normal4.binlog","7206696","22BE1C1252BD9CD4A6F0EE7B3B72B74FC912A0011219AEE1FF8DA82CC9F5C66D"
"priority","roslyn/block-007/attempt-01/C-candidate-compat/benchmark/coordinator-all-normal-r1/high1/high1.binlog","7177321","E99B4F0A22784D0FEC60BF365132E7220B5E579E265B9445C2DBB1C8D21E1876"
"priority","roslyn/block-007/attempt-01/C-candidate-compat/benchmark/coordinator-all-normal-r1/normal1/normal1.binlog","7267223","2A1486508C957C77C62CF60A0F42ECC84B4E5107FFA4FDC58F3F7C3987A9DF98"
"priority","roslyn/block-007/attempt-01/C-candidate-compat/benchmark/coordinator-all-normal-r1/normal2/normal2.binlog","7229298","DA35CDBD2A6F6DFD9EA8E4106EF0923F378B320DDE19AF00B3B26522A58849E8"
"priority","roslyn/block-007/attempt-01/C-candidate-compat/benchmark/coordinator-all-normal-r1/normal3/normal3.binlog","7441301","CCB501E278B60BC2797D7C2251ED60E22ADFC45A7C9DB472DD8B30BEFC689120"
"priority","roslyn/block-007/attempt-01/C-candidate-compat/benchmark/coordinator-all-normal-r1/normal4/normal4.binlog","7244927","75C29C0161823FF58E145D799687C42A354609D23772B12FFB493DEE99BC85DC"
"priority","roslyn/block-007/attempt-01/D-candidate-default-normal/benchmark/coordinator-all-normal-r1/high1/high1.binlog","7135824","4B383ACA30292CDBC9292F831E4E1C828748354D3FB757FD1B1C571F5D0286AE"
"priority","roslyn/block-007/attempt-01/D-candidate-default-normal/benchmark/coordinator-all-normal-r1/normal1/normal1.binlog","7088464","01807B4409D4F590EC2A8F09100DDC3B531C00B0F5CAECC9A2506754D5109290"
"priority","roslyn/block-007/attempt-01/D-candidate-default-normal/benchmark/coordinator-all-normal-r1/normal2/normal2.binlog","7208660","DB43B4B8790CE678DF798230FDB94C67CF758BFAA098281DF9245B94A846EFA0"
"priority","roslyn/block-007/attempt-01/D-candidate-default-normal/benchmark/coordinator-all-normal-r1/normal3/normal3.binlog","7148549","17F057C86E2EAA0D214E5D82E7289F2AB60BA0ECCE8993B129F1464BD7F8C174"
"priority","roslyn/block-007/attempt-01/D-candidate-default-normal/benchmark/coordinator-all-normal-r1/normal4/normal4.binlog","7072655","236D8A3635EDF5191EF71344D87C9D3AC250A9792967674994AEC1D2F86F23EB"
"priority","roslyn/block-007/attempt-01/E-candidate-default-high/benchmark/coordinator-priority-r1/high1/high1.binlog","7179315","88E0FE3D03D69F989876E68320CD5B6D5B4F5C62F45F81868E86903788522F39"
"priority","roslyn/block-007/attempt-01/E-candidate-default-high/benchmark/coordinator-priority-r1/normal1/normal1.binlog","7240617","9300063CF82BA502B25418712F19126A8B910B54ED0B1EB4021B7993D655074B"
"priority","roslyn/block-007/attempt-01/E-candidate-default-high/benchmark/coordinator-priority-r1/normal2/normal2.binlog","7343718","1C9DA17C37E2DB0CD935330D05626D111064E929C7D2858A503F17EE8D0BDB7C"
"priority","roslyn/block-007/attempt-01/E-candidate-default-high/benchmark/coordinator-priority-r1/normal3/normal3.binlog","7199183","92DF1183136F36175975744E956E1931F68BDE1BC85064CD3132FC05BF53F9E2"
"priority","roslyn/block-007/attempt-01/E-candidate-default-high/benchmark/coordinator-priority-r1/normal4/normal4.binlog","7037802","A8493082F5733E0911487FB3CA13D180158E00858AF02F8248FF8DACAFAB838A"
"priority","roslyn/block-008/attempt-01/A-no-coordinator/benchmark/no-coordinator-r1/high1/high1.binlog","7393827","4B99B88AD55D73479B9C7D7A2B14271F58531824A68C0DAB301EE8460C910188"
"priority","roslyn/block-008/attempt-01/A-no-coordinator/benchmark/no-coordinator-r1/normal1/normal1.binlog","7493224","F0264D3853F3245E3C87A11572215EDAFC61E3EC03F348289F11C6C23A4C34AB"
"priority","roslyn/block-008/attempt-01/A-no-coordinator/benchmark/no-coordinator-r1/normal2/normal2.binlog","7280820","0ABE96B565E839482E3D35500AC792922947CEDEDBDFECC8BCFB91525A68A01C"
"priority","roslyn/block-008/attempt-01/A-no-coordinator/benchmark/no-coordinator-r1/normal3/normal3.binlog","7266111","C7C3CDA9288527980ECCF2721707F645FDF6614543EE916F07A50D6939E7290C"
"priority","roslyn/block-008/attempt-01/A-no-coordinator/benchmark/no-coordinator-r1/normal4/normal4.binlog","7455400","CBCA2873206BBED50091179A403A6FE8FD7400DDA5B790EF61B3158674DDBAF0"
"priority","roslyn/block-008/attempt-01/B-base-coordinator/benchmark/coordinator-all-normal-r1/high1/high1.binlog","7174883","287795A539A0D611A6B1071DB5956EBE778DDD615AF461BBB015AE9E51F135E5"
"priority","roslyn/block-008/attempt-01/B-base-coordinator/benchmark/coordinator-all-normal-r1/normal1/normal1.binlog","7420154","DBFBFD95725E45813B8DC2C470A34816FAE1ADA17EB6F7C630CA06B94C1BB9B6"
"priority","roslyn/block-008/attempt-01/B-base-coordinator/benchmark/coordinator-all-normal-r1/normal2/normal2.binlog","7281214","4A189FF7056E8D94138C7BBAAC0ABAD988FFCA98C66D68382933FC94CA06033C"
"priority","roslyn/block-008/attempt-01/B-base-coordinator/benchmark/coordinator-all-normal-r1/normal3/normal3.binlog","7198519","A6AFB787C7C54A1E913FE69A35E82DF67C3102EAB499EF679F8601AF01BA3532"
"priority","roslyn/block-008/attempt-01/B-base-coordinator/benchmark/coordinator-all-normal-r1/normal4/normal4.binlog","7170507","A54BB38D5874D5FDC74D6F70DAD2CC694C08E904FD15D62507129B55E8AFD67E"
"priority","roslyn/block-008/attempt-01/C-candidate-compat/benchmark/coordinator-all-normal-r1/high1/high1.binlog","7035989","FADA6F51FA2515FC6151E9D19A41E543F3E2E33CEB009D42ABCD0C82BE032621"
"priority","roslyn/block-008/attempt-01/C-candidate-compat/benchmark/coordinator-all-normal-r1/normal1/normal1.binlog","7035568","CFF681E4B4C4EE4CE090AF281BB06C7A7570984EEA138A2221E4719A6E9F3700"
"priority","roslyn/block-008/attempt-01/C-candidate-compat/benchmark/coordinator-all-normal-r1/normal2/normal2.binlog","7211085","DACE275F659EA1DE13B4A1F5C7C74D5331107F6C0F773A781D4BB4B9566DB9D9"
"priority","roslyn/block-008/attempt-01/C-candidate-compat/benchmark/coordinator-all-normal-r1/normal3/normal3.binlog","7326236","D677CCEA5BA363D984EBC305DE2DC4FF9FC374D4FD4F53FAFE379EF709D9ED55"
"priority","roslyn/block-008/attempt-01/C-candidate-compat/benchmark/coordinator-all-normal-r1/normal4/normal4.binlog","7199312","18A7ED4BC5CDCB6F32559FAA2AB23BF30D1B27B65FC844CCE622C1EB3CF3B48B"
"priority","roslyn/block-008/attempt-01/D-candidate-default-normal/benchmark/coordinator-all-normal-r1/high1/high1.binlog","7077744","727070858CBE75731AAC34F7A27156D559FE1637339483E02161B941BCDCCDCD"
"priority","roslyn/block-008/attempt-01/D-candidate-default-normal/benchmark/coordinator-all-normal-r1/normal1/normal1.binlog","7182432","7E92DCF3972B7CF1C7B6FD70C0491908B49685DE70139E41FEAF3E555C75A78C"
"priority","roslyn/block-008/attempt-01/D-candidate-default-normal/benchmark/coordinator-all-normal-r1/normal2/normal2.binlog","7075521","883C742B594921A8E837374CDF1124AC73FC32133BFB969FD458B40FA9C59519"
"priority","roslyn/block-008/attempt-01/D-candidate-default-normal/benchmark/coordinator-all-normal-r1/normal3/normal3.binlog","7152055","F5EC0CA0D7CC535B8223169A29E73EEA15FE026BC075C0BA077703156630239A"
"priority","roslyn/block-008/attempt-01/D-candidate-default-normal/benchmark/coordinator-all-normal-r1/normal4/normal4.binlog","6952882","768D24E8D13614F10CFC7481D7143C8BF3DA17A32024D46FD56E24EC1B7F51EF"
"priority","roslyn/block-008/attempt-01/E-candidate-default-high/benchmark/coordinator-priority-r1/high1/high1.binlog","7157937","1D7A17D637870A0BDB007D8708E7F2C9A27218DE80A8D0163C1E86C6FBF557F9"
"priority","roslyn/block-008/attempt-01/E-candidate-default-high/benchmark/coordinator-priority-r1/normal1/normal1.binlog","7123169","FF414C15254139B40E3FF3AF4A575E5C447E47CBAEE1ADC48421DDDADE2D6AF8"
"priority","roslyn/block-008/attempt-01/E-candidate-default-high/benchmark/coordinator-priority-r1/normal2/normal2.binlog","6975751","AE1E088616B166635B3AF6192DB3C6F17A4926923CDED390499E46CFDA242C65"
"priority","roslyn/block-008/attempt-01/E-candidate-default-high/benchmark/coordinator-priority-r1/normal3/normal3.binlog","7078399","372CD81FF28EDB9C6A55888C645EE6B4FC8CBAC3E001D6F425C64A83CB11EEAE"
"priority","roslyn/block-008/attempt-01/E-candidate-default-high/benchmark/coordinator-priority-r1/normal4/normal4.binlog","7044511","FDCE093A946DC911C7F41116E0140BD091114586C407CC750D90D49E2B9804A6"
"priority","roslyn/block-009/attempt-01/A-no-coordinator/benchmark/no-coordinator-r1/high1/high1.binlog","7371001","7385DE47921DACBC4300814ADC5C223E9FA3B97C3D292AAD13B4427C33226493"
"priority","roslyn/block-009/attempt-01/A-no-coordinator/benchmark/no-coordinator-r1/normal1/normal1.binlog","7310355","E11D0653288326368B94193DB6751AF600C88C196AD66CCB77AF1A835011863C"
"priority","roslyn/block-009/attempt-01/A-no-coordinator/benchmark/no-coordinator-r1/normal2/normal2.binlog","7332522","E5A6694E5219091E91733C67EB0D8BBF8EED39AAC7FD9661041E15DE6FE001C9"
"priority","roslyn/block-009/attempt-01/A-no-coordinator/benchmark/no-coordinator-r1/normal3/normal3.binlog","7466994","2E5E558144F257AECD72D07E088B2F2601A1EC75F1BECB15A8241BE47C2DDF79"
"priority","roslyn/block-009/attempt-01/A-no-coordinator/benchmark/no-coordinator-r1/normal4/normal4.binlog","7517550","F94B6DBE6475229B3F8249F9DE6AEF355A1484E89048F97A1650E8939FE808BC"
"priority","roslyn/block-009/attempt-01/B-base-coordinator/benchmark/coordinator-all-normal-r1/high1/high1.binlog","7241216","E41D01F7B7D04C372D43217C31547E94D4834BE640F8692360CDE408F265141F"
"priority","roslyn/block-009/attempt-01/B-base-coordinator/benchmark/coordinator-all-normal-r1/normal1/normal1.binlog","7247752","373A83273A03BA3D1FFD8A43F4C4368C127E3AB91CF9BBB6243AF73CCA3345BC"
"priority","roslyn/block-009/attempt-01/B-base-coordinator/benchmark/coordinator-all-normal-r1/normal2/normal2.binlog","7297700","7C2CE03D4AF1EDF02908C6C3545D812D7AD82FACEEA92BC3A7DD419F94487F67"
"priority","roslyn/block-009/attempt-01/B-base-coordinator/benchmark/coordinator-all-normal-r1/normal3/normal3.binlog","7264990","B36F7DDE495AC102D1FD95F45CA45CD6F90F6B2F0AA387BCF38A5AD37B76A31D"
"priority","roslyn/block-009/attempt-01/B-base-coordinator/benchmark/coordinator-all-normal-r1/normal4/normal4.binlog","7571415","A013D3E71DBF8DFBBC1EB135539176FFBE67EF0F122ECF96BBF332C15704B26D"
"priority","roslyn/block-009/attempt-01/C-candidate-compat/benchmark/coordinator-all-normal-r1/high1/high1.binlog","7147388","CEB1C5C40F565CDBCD6660416EBE2097378A3646CE567D87CC15ADE96A9C6743"
"priority","roslyn/block-009/attempt-01/C-candidate-compat/benchmark/coordinator-all-normal-r1/normal1/normal1.binlog","7264115","6A4784896C04EC14196AA1E9041E784A93D1B56A14FE95B7CFD056A027BED203"
"priority","roslyn/block-009/attempt-01/C-candidate-compat/benchmark/coordinator-all-normal-r1/normal2/normal2.binlog","7247881","7A4164CE8314E235D0262139CDFA36A1DE329964575BB22E6E5DEF5A81AD0FB5"
"priority","roslyn/block-009/attempt-01/C-candidate-compat/benchmark/coordinator-all-normal-r1/normal3/normal3.binlog","7267596","385CD2E63C38FDD6F36DB9B0A4BD38A16AB23DCC95DA955EEE0122F9805CBFC9"
"priority","roslyn/block-009/attempt-01/C-candidate-compat/benchmark/coordinator-all-normal-r1/normal4/normal4.binlog","7448126","28653E2BC318BEF132455514CEEF2CB877104CC79879153A2B5DF07F77576951"
"priority","roslyn/block-009/attempt-01/D-candidate-default-normal/benchmark/coordinator-all-normal-r1/high1/high1.binlog","7036879","E442AD0941488B5607141E1516761AC979975ACF48E8E1AC5257E05DD0B39AA3"
"priority","roslyn/block-009/attempt-01/D-candidate-default-normal/benchmark/coordinator-all-normal-r1/normal1/normal1.binlog","7072964","2D390E64858496DB935E373D56E0A9F56174C51CDA46E13659A1DFD1D28F1108"
"priority","roslyn/block-009/attempt-01/D-candidate-default-normal/benchmark/coordinator-all-normal-r1/normal2/normal2.binlog","7139693","EC3A77DC9A3E06D2396A3B877EDDBA7C4414849BBE959B19CCD36F28469D5A01"
"priority","roslyn/block-009/attempt-01/D-candidate-default-normal/benchmark/coordinator-all-normal-r1/normal3/normal3.binlog","7190146","B5A4F9DB7C48BC24DAB0496FD3987766A4EBB7B2C8CE6847F78B7F87A6382894"
"priority","roslyn/block-009/attempt-01/D-candidate-default-normal/benchmark/coordinator-all-normal-r1/normal4/normal4.binlog","7065487","40102898C106C4A01226A3BEAF13F09AB0B49ED3B3AE63015F759FB3B8EE02D3"
"priority","roslyn/block-009/attempt-01/E-candidate-default-high/benchmark/coordinator-priority-r1/high1/high1.binlog","7249595","15C00D0DBE4E91951BE79859AF8CC880D9C5BE2F7FC5E27C3779AA6596C0AD59"
"priority","roslyn/block-009/attempt-01/E-candidate-default-high/benchmark/coordinator-priority-r1/normal1/normal1.binlog","7133212","FFED05FFAFE813259C127C0E6B5C3E2970914F1322DE3A272E5ADD92C2398EB3"
"priority","roslyn/block-009/attempt-01/E-candidate-default-high/benchmark/coordinator-priority-r1/normal2/normal2.binlog","7101367","55D873A0667030B6D9CF5341CB6ED6CB261CBFBD9CE76E7CADBBCFCE0B13C896"
"priority","roslyn/block-009/attempt-01/E-candidate-default-high/benchmark/coordinator-priority-r1/normal3/normal3.binlog","7159869","59A0C430C43436E6A8A9A022D60037DC4F7501AA4CC7564BFF2A2CFBB2108896"
"priority","roslyn/block-009/attempt-01/E-candidate-default-high/benchmark/coordinator-priority-r1/normal4/normal4.binlog","7035168","9F5F124311A01A00EB712D86B0736A4805B8D6D449FDF954FADDB912320E7EDD"
"priority","roslyn/block-010/attempt-01/A-no-coordinator/benchmark/no-coordinator-r1/high1/high1.binlog","7226031","95E3E1BCC11DDE14A0E55F127A070850B213417C38B43F6E5EFEE55B57A5C50D"
"priority","roslyn/block-010/attempt-01/A-no-coordinator/benchmark/no-coordinator-r1/normal1/normal1.binlog","7461250","9DF9423CEA5293C2253F133621CDB49283C9F6840DAE000EF47C443823C774B7"
"priority","roslyn/block-010/attempt-01/A-no-coordinator/benchmark/no-coordinator-r1/normal2/normal2.binlog","7316487","2B381140B23454CF58B15DFF92551DF9B16FF976298E0DB8F1E6B685981AEBA6"
"priority","roslyn/block-010/attempt-01/A-no-coordinator/benchmark/no-coordinator-r1/normal3/normal3.binlog","7367568","18C352C603357597B25A3CA78822F4A3A27D80CDD7DAD902B6395A5117F594C6"
"priority","roslyn/block-010/attempt-01/A-no-coordinator/benchmark/no-coordinator-r1/normal4/normal4.binlog","7356830","3C78FB1288251293742E1186F8BD1010E4D5738F90F0D8209BFE678D1B47BBF0"
"priority","roslyn/block-010/attempt-01/B-base-coordinator/benchmark/coordinator-all-normal-r1/high1/high1.binlog","7246260","2763648A7F97AF3260F36FF44F2A46AEF93B81EA5941FB25ADB67272A4C01571"
"priority","roslyn/block-010/attempt-01/B-base-coordinator/benchmark/coordinator-all-normal-r1/normal1/normal1.binlog","7184904","919FED93591B7B513FA32F7160B6BDE2F049C606BF33116407D5ED8FD5898469"
"priority","roslyn/block-010/attempt-01/B-base-coordinator/benchmark/coordinator-all-normal-r1/normal2/normal2.binlog","7492993","6CEB18D8042CD24C53EE153715C38FEF2A6897BC59F546721D731D821260A679"
"priority","roslyn/block-010/attempt-01/B-base-coordinator/benchmark/coordinator-all-normal-r1/normal3/normal3.binlog","7171786","FE4F900E02C0488F652D68DEA74F3406B0D3FA9DA55873320B3B7690703A2121"
"priority","roslyn/block-010/attempt-01/B-base-coordinator/benchmark/coordinator-all-normal-r1/normal4/normal4.binlog","7308496","0483D7E1BF6ADC145E2F07FCCE34FB6E711E955E2DB0EE606BDE6382960C6F3B"
"priority","roslyn/block-010/attempt-01/C-candidate-compat/benchmark/coordinator-all-normal-r1/high1/high1.binlog","7302893","2665D050F1E41379D835363114CA68855C0A798A614EAB7BC4D74D9556E4C4C6"
"priority","roslyn/block-010/attempt-01/C-candidate-compat/benchmark/coordinator-all-normal-r1/normal1/normal1.binlog","7193862","E667660FFF0AD055D61D42DACBC96BEA71F9B99E1DD7B1398DEE47574EE6E9E8"
"priority","roslyn/block-010/attempt-01/C-candidate-compat/benchmark/coordinator-all-normal-r1/normal2/normal2.binlog","7181748","3500B35A91CB331808C3BF893AFA026CFAF8E794233F40A7226DBE706DABBFAD"
"priority","roslyn/block-010/attempt-01/C-candidate-compat/benchmark/coordinator-all-normal-r1/normal3/normal3.binlog","7423803","073D56FF01E2F2E59E6613AE4E081CC8E9D203D91864A7C65B4887EB7B62E08B"
"priority","roslyn/block-010/attempt-01/C-candidate-compat/benchmark/coordinator-all-normal-r1/normal4/normal4.binlog","7134491","994D8ADA66718194EBEEF8D5B3E8C99078620AF74B3FC5801954BA96AFB73D0C"
"priority","roslyn/block-010/attempt-01/D-candidate-default-normal/benchmark/coordinator-all-normal-r1/high1/high1.binlog","7130958","4C3A3B16D2BF228D1B5AEB35C5B3EE8818C4DF44DE1269EAC43FF25465109F4C"
"priority","roslyn/block-010/attempt-01/D-candidate-default-normal/benchmark/coordinator-all-normal-r1/normal1/normal1.binlog","7144800","FAEC3C5B46017FA9E94E532E237906C9C7B8B2F2CB1B7631D7B1303686CD38C0"
"priority","roslyn/block-010/attempt-01/D-candidate-default-normal/benchmark/coordinator-all-normal-r1/normal2/normal2.binlog","7182796","E40C08E75B80CB91799656C4BF927940DA7E27D7FA4317A8AA1C76C49FF6F759"
"priority","roslyn/block-010/attempt-01/D-candidate-default-normal/benchmark/coordinator-all-normal-r1/normal3/normal3.binlog","7059855","4553831E545ECAB30F688D6D58E343B210D12022AD5D02047F4BE803130AF515"
"priority","roslyn/block-010/attempt-01/D-candidate-default-normal/benchmark/coordinator-all-normal-r1/normal4/normal4.binlog","7224677","B843B232A8E7A0E65070A808B7D2E322EA70EF17D4273A77B64B74D19AFF4E23"
"priority","roslyn/block-010/attempt-01/E-candidate-default-high/benchmark/coordinator-priority-r1/high1/high1.binlog","7205138","C9656C766C2BA7F49E9F4C8D308AA8B14462F61475C5EBA12DA356193A3A98D7"
"priority","roslyn/block-010/attempt-01/E-candidate-default-high/benchmark/coordinator-priority-r1/normal1/normal1.binlog","7330213","DEFDE04934AB29173BEA3944FBB95AC5C9E38899F3879718B05056A6D4A50821"
"priority","roslyn/block-010/attempt-01/E-candidate-default-high/benchmark/coordinator-priority-r1/normal2/normal2.binlog","7014973","5EBA7FAB0C5A4F7C09A967E662CACBA0208D9DD2DEC35BB1885ABE4A5955E8FA"
"priority","roslyn/block-010/attempt-01/E-candidate-default-high/benchmark/coordinator-priority-r1/normal3/normal3.binlog","7263375","0B632D85DD1F2519E44F3D0BFFAD82F7FAD2EF10541F31A7D3AB12E47E23D8A4"
"priority","roslyn/block-010/attempt-01/E-candidate-default-high/benchmark/coordinator-priority-r1/normal4/normal4.binlog","7201544","7FE5F59F2965413441F3E14FBDC4D051C7D55169D3E32B5885F2198C4DC21A3F"
"priority","roslyn/block-011/attempt-01/A-no-coordinator/benchmark/no-coordinator-r1/high1/high1.binlog","7256941","329B87154B2FAE501687B44F69143184212D2B68EBD5480C26502F8F87FB579B"
"priority","roslyn/block-011/attempt-01/A-no-coordinator/benchmark/no-coordinator-r1/normal1/normal1.binlog","7328330","A4F4624AD832F3D992C390BBF6A78B5B50355A0BAA08BD8BCBB2B59768159316"
"priority","roslyn/block-011/attempt-01/A-no-coordinator/benchmark/no-coordinator-r1/normal2/normal2.binlog","7266237","1BD49A90AA31E26DF632D79E94AAC49CF265CDF32C67544A7CAA9A98003112DF"
"priority","roslyn/block-011/attempt-01/A-no-coordinator/benchmark/no-coordinator-r1/normal3/normal3.binlog","7307043","C0EF48C1DBB83FFC523A6210F14A1EFF2BBCEA880E9A1563C92E5F1C6CE36E5F"
"priority","roslyn/block-011/attempt-01/A-no-coordinator/benchmark/no-coordinator-r1/normal4/normal4.binlog","7370900","9E141F9539AD403705ED03E9B060C4B582EC6DF13C09E89BEED15F3005598B66"
"priority","roslyn/block-011/attempt-01/B-base-coordinator/benchmark/coordinator-all-normal-r1/high1/high1.binlog","7186932","3DB3AF6ECD1EB24AC622D6BF50DF4196E6A29B093B64A183F0E4BA80DC4EB059"
"priority","roslyn/block-011/attempt-01/B-base-coordinator/benchmark/coordinator-all-normal-r1/normal1/normal1.binlog","7161252","CD97A9635D11CF2923D1327C2A5E9DF278704ABF461AD44D5BEB0097DEF88A01"
"priority","roslyn/block-011/attempt-01/B-base-coordinator/benchmark/coordinator-all-normal-r1/normal2/normal2.binlog","7258632","0AF66DE873D77CA6A55A6B46FAD85E094AE3D9D1E9B208D70EACE46165FC623C"
"priority","roslyn/block-011/attempt-01/B-base-coordinator/benchmark/coordinator-all-normal-r1/normal3/normal3.binlog","7232869","FDF10F7388C7CE951FB132F235C07D75DD23F36D03A3787591050A5009603612"
"priority","roslyn/block-011/attempt-01/B-base-coordinator/benchmark/coordinator-all-normal-r1/normal4/normal4.binlog","7425983","61B4973B78A58E425831959285C5E7C4926E34A02C103717CF94752CDE783510"
"priority","roslyn/block-011/attempt-01/C-candidate-compat/benchmark/coordinator-all-normal-r1/high1/high1.binlog","7054742","502FA2167F510C287277424DF1335FD78A12BEECA5EB28A7D4BEDA8DD1C334FC"
"priority","roslyn/block-011/attempt-01/C-candidate-compat/benchmark/coordinator-all-normal-r1/normal1/normal1.binlog","7406459","1E59EE525888BB206B96D16AFC3D98A6D66E7FC7A87C4ED58E3F10820AFD6022"
"priority","roslyn/block-011/attempt-01/C-candidate-compat/benchmark/coordinator-all-normal-r1/normal2/normal2.binlog","7193542","50BA17DD64C7BA015DDDE6044F62F518DFE4F47E21B382698AE8F276D939709D"
"priority","roslyn/block-011/attempt-01/C-candidate-compat/benchmark/coordinator-all-normal-r1/normal3/normal3.binlog","7149643","E22B626F06F5A73AA43D4F37DFC175F4109CFE3C125213FFCBF86E0A7C8C9046"
"priority","roslyn/block-011/attempt-01/C-candidate-compat/benchmark/coordinator-all-normal-r1/normal4/normal4.binlog","7225814","1F8D775485764060BA007B0D722F3D22FD06C0A7C12DF94F1CAC80390751FEA0"
"priority","roslyn/block-011/attempt-01/D-candidate-default-normal/benchmark/coordinator-all-normal-r1/high1/high1.binlog","7094137","A5E54538C2A851CB6B9E82A2A36BE271324A146763A623A5D4345BCCD9E57455"
"priority","roslyn/block-011/attempt-01/D-candidate-default-normal/benchmark/coordinator-all-normal-r1/normal1/normal1.binlog","7139889","F9E859E2C82C5732276E6AC324D849258CF8ACBB44335D5656BDD71BE9C76C56"
"priority","roslyn/block-011/attempt-01/D-candidate-default-normal/benchmark/coordinator-all-normal-r1/normal2/normal2.binlog","7223381","96EC07A495A56E1D341D5A89D24302826AA6C229DA769FDEB7E6ABD09209DDB7"
"priority","roslyn/block-011/attempt-01/D-candidate-default-normal/benchmark/coordinator-all-normal-r1/normal3/normal3.binlog","7146837","725E14AB1D79851E9BE8C4E9647F3C1D83AEBF7FBDAB69411427EC53B1BA5C6D"
"priority","roslyn/block-011/attempt-01/D-candidate-default-normal/benchmark/coordinator-all-normal-r1/normal4/normal4.binlog","7150859","8618CECE3ED8047BF16EA88350B402664349C7DA2DCB9E2129AEE0EC1E717CFB"
"priority","roslyn/block-011/attempt-01/E-candidate-default-high/benchmark/coordinator-priority-r1/high1/high1.binlog","7173613","D6FAB565F3DC64E14A431CF2EE762F2DE41B60C9D4D6097EDED0854FF029850C"
"priority","roslyn/block-011/attempt-01/E-candidate-default-high/benchmark/coordinator-priority-r1/normal1/normal1.binlog","7141107","F7EE057204B580DE36E343E02393A246511CDE84016A1AACE7FA56F4BA25E8C8"
"priority","roslyn/block-011/attempt-01/E-candidate-default-high/benchmark/coordinator-priority-r1/normal2/normal2.binlog","7046734","3DB899097392A0D60BE11DD2162F6145FE647CF9B093D1FBEF1DB236A974B105"
"priority","roslyn/block-011/attempt-01/E-candidate-default-high/benchmark/coordinator-priority-r1/normal3/normal3.binlog","7205048","159B17731DED04C80CC0F8F1399846D4FC68B22D09033F307DF46C6522BD1753"
"priority","roslyn/block-011/attempt-01/E-candidate-default-high/benchmark/coordinator-priority-r1/normal4/normal4.binlog","7057951","F2D6BB241E2DBD47DE64C4DE5E861482248D89BAC8817F79A699FE0D220FC59A"
"node-count","aspire/block-001/attempt-01/N16/benchmark/no-coordinator-r1/normal1/normal1.binlog","7031450","F800327264F560850E9EE36FC30CEEFCE2B4FAE289F43CD66882CB6FD27DC072"
"node-count","aspire/block-001/attempt-01/N4/benchmark/no-coordinator-r1/normal1/normal1.binlog","6670168","5FE8D5C80925EFA6A9480C5245B3F4BE7A9D74408D26C25856D9FFC88911273F"
"node-count","aspire/block-001/attempt-01/N8/benchmark/no-coordinator-r1/normal1/normal1.binlog","6701358","8B089F71E15FF806EBB27CD5E6A9578E0909E9DF29E9E9527BE99E394FB88A3E"
"node-count","aspire/block-002/attempt-01/N16/benchmark/no-coordinator-r1/normal1/normal1.binlog","7126219","D18469C61FDB6B16BD895E6EE1424BCCB6BA7B93FFBB8411D3AE077C2E323F19"
"node-count","aspire/block-002/attempt-01/N4/benchmark/no-coordinator-r1/normal1/normal1.binlog","6679909","D209311C6328BEF8E3ED2AA28129BBDAE1D1325047F3F7106178D661A810C2F0"
"node-count","aspire/block-002/attempt-01/N8/benchmark/no-coordinator-r1/normal1/normal1.binlog","6792583","CB2420111B889293C0A425DFF3E29995EB47ED7D75E66B0EA9F23570D71EDC67"
"node-count","aspire/block-003/attempt-01/N8/benchmark/no-coordinator-r1/normal1/normal1.binlog","6748118","BB1E865EAE1316DF82AB5B7A05D456975EA9ADF6F1BD48EEE18CF21F8E46AA3C"
"node-count","aspire/block-003/attempt-02/N16/benchmark/no-coordinator-r1/normal1/normal1.binlog","7175208","0DB7E78755F6D36C1EF2A110619AF46E2CEA95FF32CFE586E1D6BBE6D5CC1AAE"
"node-count","aspire/block-003/attempt-02/N4/benchmark/no-coordinator-r1/normal1/normal1.binlog","6665839","633B44F9CE7D9B80BA488724FFD52EAD23A78ECAB6095FAC5DEFE32B88845809"
"node-count","aspire/block-003/attempt-02/N8/benchmark/no-coordinator-r1/normal1/normal1.binlog","6779585","B7AF66268D45DC3235ACC7A0DAF20C788F5527639935266CE0FA0E173D5DBAAE"
"node-count","aspire/block-004/attempt-01/N16/benchmark/no-coordinator-r1/normal1/normal1.binlog","7029397","2FFA7F992F7A0D558E1095D463C4D1A656856E2B1DB5D2336D9899CAE3C0E6D4"
"node-count","aspire/block-004/attempt-01/N4/benchmark/no-coordinator-r1/normal1/normal1.binlog","6694301","E56CB55FB16AAF92EC2CA584FC19C8A6E4C19A92B238F3872A0D987DCE9AAA76"
"node-count","aspire/block-004/attempt-01/N8/benchmark/no-coordinator-r1/normal1/normal1.binlog","6800965","248C508597D0DAD1729EFA39D8DAC9ED10FA181BDEAB5716BE2A7F08CD8394B9"
"node-count","aspire/block-005/attempt-01/N16/benchmark/no-coordinator-r1/normal1/normal1.binlog","7175876","98FADE0FCE710F8FE86A97A3474038C7B7B97ED3D7EB57BAC762B7683B3F8B1F"
"node-count","aspire/block-005/attempt-01/N4/benchmark/no-coordinator-r1/normal1/normal1.binlog","6695713","9E440B628C1419E36D44A549F0AA4CF533474C39FA7F1811FCBDC888CED6B38F"
"node-count","aspire/block-005/attempt-01/N8/benchmark/no-coordinator-r1/normal1/normal1.binlog","6786967","D009CB0373775F55AD1D15E22912CBB4854C1D4132FB1B7FA649A62C57710398"
"node-count","aspire/block-006/attempt-01/N16/benchmark/no-coordinator-r1/normal1/normal1.binlog","7140389","7EE49C4B4C2D279C5CED320D1A754656BE279D3F060BB16D4C5393152F42CA20"
"node-count","aspire/block-006/attempt-01/N4/benchmark/no-coordinator-r1/normal1/normal1.binlog","6668275","3683B366DF2B27BB67C9D13D74A6686749CFE7D71231B24F15F432FD3534198F"
"node-count","aspire/block-006/attempt-01/N8/benchmark/no-coordinator-r1/normal1/normal1.binlog","6716793","FE0918B61834564EC4CEDBF078987FEA3BB727AACD9D2AAAD0118EFA73CDD8E0"
"node-count","aspire/block-007/attempt-01/N16/benchmark/no-coordinator-r1/normal1/normal1.binlog","7168742","8FF3B2D25686C424B8240E5987B0F9A729D9832D1BE8298AEA34AED5A4C52C71"
"node-count","aspire/block-007/attempt-01/N4/benchmark/no-coordinator-r1/normal1/normal1.binlog","6680842","5C39B361BF76A2D214AEE80ED178E6D4B315F5292DBEB65D1C31C780CDCD239B"
"node-count","aspire/block-007/attempt-01/N8/benchmark/no-coordinator-r1/normal1/normal1.binlog","6778312","4524A548180F26546B1BD1F6231FA108F2F71430E06EF046224EAAD6C6624007"
"node-count","roslyn/block-001/attempt-01/N16/benchmark/no-coordinator-r1/normal1/normal1.binlog","8181623","FEA74D064B6EC061C3930A4C68F885FC81C09B286FE6B15345B6BBFD2028B04D"
"node-count","roslyn/block-001/attempt-01/N4/benchmark/no-coordinator-r1/normal1/normal1.binlog","8081979","BBE4B365E3ADA7D843020C3876267B9DB96DA6E0852415F1391842B85D8524FB"
"node-count","roslyn/block-001/attempt-01/N8/benchmark/no-coordinator-r1/normal1/normal1.binlog","8058906","5F126E87A304878DBD98F116C8699F44A00AD85A3DAFEC9EEC0320224C6124BC"
"node-count","roslyn/block-002/attempt-01/N16/benchmark/no-coordinator-r1/normal1/normal1.binlog","8254579","E716850154F6E2F659B88F60A7C392CFD733B467B70FE38A72922ABF784C2BD5"
"node-count","roslyn/block-002/attempt-01/N4/benchmark/no-coordinator-r1/normal1/normal1.binlog","8057081","8709A4BBE61CB925FCD3DBF74C8C17D9417F584485A717951C9FEA1FA3A6D8AD"
"node-count","roslyn/block-002/attempt-01/N8/benchmark/no-coordinator-r1/normal1/normal1.binlog","7995781","CF05954745E0163618386C2F7642AC95603C5C6BBD901B3D3E74E68F9F6AD00F"
"node-count","roslyn/block-003/attempt-01/N16/benchmark/no-coordinator-r1/normal1/normal1.binlog","8244487","E4F67802FFCF64C660610323E78312250F3CAE722065489DBB5D905D73ACA8A5"
"node-count","roslyn/block-003/attempt-01/N4/benchmark/no-coordinator-r1/normal1/normal1.binlog","8105112","2355550457719C0A4242459ABB993141CC6BF1554AF935301FF667E60D2C0709"
"node-count","roslyn/block-003/attempt-01/N8/benchmark/no-coordinator-r1/normal1/normal1.binlog","7997695","4248D968D0E9A9E3C680207A8B8CE7B336DBCC94FFB61921F2C76C0F85129993"
"node-count","roslyn/block-004/attempt-01/N16/benchmark/no-coordinator-r1/normal1/normal1.binlog","8209983","410D4D6EF230E3033FA787D157464C925C73CABAD3237E7F48EA1BD9B3B06A5C"
"node-count","roslyn/block-004/attempt-01/N4/benchmark/no-coordinator-r1/normal1/normal1.binlog","8108064","FF7456C55C744123F8A8B576214CDA4939BAC95E986271CBCD63E8E75F5F5E9C"
"node-count","roslyn/block-004/attempt-01/N8/benchmark/no-coordinator-r1/normal1/normal1.binlog","7973440","1A40D6A64F3E333CEDB0F6E8C1076259909A7D38C78B62AF24B84D2BCBBA332E"
"node-count","roslyn/block-005/attempt-01/N16/benchmark/no-coordinator-r1/normal1/normal1.binlog","8168296","74802CE0B4F75AC082CF41A0183628B05136B015F58A7C76FA1A0276C1CDD3E0"
"node-count","roslyn/block-005/attempt-01/N4/benchmark/no-coordinator-r1/normal1/normal1.binlog","8072431","71110BEEEFC3475AACA8FCBCE054ECC43C0229169332C727AC77DE598002CEB1"
"node-count","roslyn/block-005/attempt-01/N8/benchmark/no-coordinator-r1/normal1/normal1.binlog","7928865","25C89542374E944D6038404118D2932299BE55FB443AB4F19BF73F522FDD3463"
"node-count","roslyn/block-006/attempt-01/N16/benchmark/no-coordinator-r1/normal1/normal1.binlog","8256441","B30E2C4C524992D3C5DD89CA831EE764A345347B33FA6B1195D0D8B45B5B047C"
"node-count","roslyn/block-006/attempt-01/N4/benchmark/no-coordinator-r1/normal1/normal1.binlog","8106800","41532211A8A5DFD0FEA625DC2368737033778D32E5C2FCD5DDB9C61D4BDE1FB2"
"node-count","roslyn/block-006/attempt-01/N8/benchmark/no-coordinator-r1/normal1/normal1.binlog","7940155","89324FCE904EACDB78B541C55E0DB07F9C0A18260E272DBAC7E57FAC890712B2"
"node-count","roslyn/block-007/attempt-01/N16/benchmark/no-coordinator-r1/normal1/normal1.binlog","8246726","FA1CECF9BD2B70E94E350C2F17905ED8D3585A951952E1EE759CFB0019F0581F"
"node-count","roslyn/block-007/attempt-01/N4/benchmark/no-coordinator-r1/normal1/normal1.binlog","8074536","A85C484031FDA02C3F1E1A01A52377F0BEE4AFF48AA6A5AE2B69E4F938267153"
"node-count","roslyn/block-007/attempt-01/N8/benchmark/no-coordinator-r1/normal1/normal1.binlog","7969719","C3182E1B99F8B52278F1B238FF5A187802E7B8CB7B39202FCE89219D68F7463D"
"idle-burst","aspire/block-001/attempt-01/AUTO-H/benchmark/coordinator-priority-r1/high1/high1.binlog","5919328","0B58E70D3CE1D864D6F3F1242CBFD4F9A25FA56C59F2F6AFA20718E1C628DEEF"
"idle-burst","aspire/block-001/attempt-01/AUTO-H/benchmark/coordinator-priority-r1/normal1/normal1.binlog","5916286","7E80D62009AD1FCF177993D0344C8E548D43BF6C3C155A2AA8EE21053D278A0D"
"idle-burst","aspire/block-001/attempt-01/AUTO-H/benchmark/coordinator-priority-r1/normal2/normal2.binlog","6102058","4C92C4E685E54A1406F15E70522CF37E5E21CA8059A223800B300D42B5563D5A"
"idle-burst","aspire/block-001/attempt-01/AUTO-H/benchmark/coordinator-priority-r1/normal3/normal3.binlog","5949758","3F7C85E4C50E83D81213C1A32D62ABE3238DD2DE62E45AEDF599B826B673D8E6"
"idle-burst","aspire/block-001/attempt-01/AUTO-H/benchmark/coordinator-priority-r1/normal4/normal4.binlog","5918124","314BC27BB19E303999ED6975B9BD9ABDC48808F82D43E483E89FB6335AD5A93C"
"idle-burst","aspire/block-001/attempt-01/AUTO-N/benchmark/coordinator-all-normal-r1/high1/high1.binlog","5993332","354AEAC648BF4E43720DDD8A53A0464B47F284CA0CCA0CCF23C12465DCDF21D5"
"idle-burst","aspire/block-001/attempt-01/AUTO-N/benchmark/coordinator-all-normal-r1/normal1/normal1.binlog","6001904","FB8BCA7F5EE087C55EEFF14B341766286CF380FBF7329BA96A01F7BA9F2FEDC2"
"idle-burst","aspire/block-001/attempt-01/AUTO-N/benchmark/coordinator-all-normal-r1/normal2/normal2.binlog","5951995","172F389DCE0E0201B35028E5CAC1A10CA4E991BD7A3297ED9BABD33552933DF5"
"idle-burst","aspire/block-001/attempt-01/AUTO-N/benchmark/coordinator-all-normal-r1/normal3/normal3.binlog","6117336","4913492ADB0796B9CD6D93A812853A2D0179EED3159A2430013041687F852CE2"
"idle-burst","aspire/block-001/attempt-01/AUTO-N/benchmark/coordinator-all-normal-r1/normal4/normal4.binlog","6001774","4132C06D2780AB7DFBF78E030BAA07DC43CF6748ACEB0EC5AED27983F90F5ACF"
"idle-burst","aspire/block-001/attempt-01/F4-H/benchmark/coordinator-priority-r1/high1/high1.binlog","5943615","C3E4F88D175AAE9DDEDB27629369D6951DD86A3425B068BBB4178C1E211A729C"
"idle-burst","aspire/block-001/attempt-01/F4-H/benchmark/coordinator-priority-r1/normal1/normal1.binlog","6005496","6521758F8F0CB7D9EED1693F5E1A1F3E4E24CF02BF09304A00DC7DF78FB487AD"
"idle-burst","aspire/block-001/attempt-01/F4-H/benchmark/coordinator-priority-r1/normal2/normal2.binlog","6017764","801B8E060BFE47826C06CC474C03FDEB0C0ACADCFAE78997B6F240BFF45EEFDA"
"idle-burst","aspire/block-001/attempt-01/F4-H/benchmark/coordinator-priority-r1/normal3/normal3.binlog","5954132","4581C34789F8608E1F551E4E13B7006A5F68CA84827108701FDF0AF0C179A954"
"idle-burst","aspire/block-001/attempt-01/F4-H/benchmark/coordinator-priority-r1/normal4/normal4.binlog","5955031","3A03BA3B3FB8C17A5A8B1A533A0D3A14087CEBEA748A50B18137097C6B68789C"
"idle-burst","aspire/block-001/attempt-01/F4-N/benchmark/coordinator-all-normal-r1/high1/high1.binlog","5971329","B772ECBE28D08712EEF02BA6674148ADC4734216CB77796824FB262C6E8CE046"
"idle-burst","aspire/block-001/attempt-01/F4-N/benchmark/coordinator-all-normal-r1/normal1/normal1.binlog","5923538","6B44B8A9DFD4E0B8446EF49071F1576FA7AE944E1A62B0540C94672BBB911A95"
"idle-burst","aspire/block-001/attempt-01/F4-N/benchmark/coordinator-all-normal-r1/normal2/normal2.binlog","5974702","BAF456312EE3893E431D38B7E28838CAFBED831500D14E5215337483EEF67954"
"idle-burst","aspire/block-001/attempt-01/F4-N/benchmark/coordinator-all-normal-r1/normal3/normal3.binlog","6016386","F64B8FA5770AAD97BBA2A463DE92B6FBD76B7A482443DE69A28398282CABAD37"
"idle-burst","aspire/block-001/attempt-01/F4-N/benchmark/coordinator-all-normal-r1/normal4/normal4.binlog","5923815","18B9B0D4A3FABE5BFE7CF68A93481BAD77C7ED3E95873851787836F8CA8E9A1D"
"idle-burst","aspire/block-002/attempt-01/AUTO-H/benchmark/coordinator-priority-r1/high1/high1.binlog","5864743","BAE88CA05F7849A1226870987C3C952C1455F2C05944CA69D716E951C84891CD"
"idle-burst","aspire/block-002/attempt-01/AUTO-H/benchmark/coordinator-priority-r1/normal1/normal1.binlog","6013603","D052D96FB0171CAB46BE5434504D3D7DF4816AA4EF09EDCCB58F0F03A108856E"
"idle-burst","aspire/block-002/attempt-01/AUTO-H/benchmark/coordinator-priority-r1/normal2/normal2.binlog","6125818","6B0A97CEE92210B498FE37BB3A226FFF4352184ED4112FD289E713025B9A6427"
"idle-burst","aspire/block-002/attempt-01/AUTO-H/benchmark/coordinator-priority-r1/normal3/normal3.binlog","6009283","AC17BB10B8A2CA025BD460BB6A481E5CDFBE7851CC20D7EBB0D3600902FC02CF"
"idle-burst","aspire/block-002/attempt-01/AUTO-H/benchmark/coordinator-priority-r1/normal4/normal4.binlog","6002691","F6BBB053BD3B3A325C8EA519DF75BB69D908EB748EF3A06EE580267317C91959"
"idle-burst","aspire/block-002/attempt-01/AUTO-N/benchmark/coordinator-all-normal-r1/high1/high1.binlog","5898582","2A0BDF99132044A56AF65F3389A5A093D2F8434A6C7042905D1410C5DE185B6C"
"idle-burst","aspire/block-002/attempt-01/AUTO-N/benchmark/coordinator-all-normal-r1/normal1/normal1.binlog","6144547","162BA0410A61D13CC40A9446778D32C473B42DF730D233FAB770C6141FC8E14C"
"idle-burst","aspire/block-002/attempt-01/AUTO-N/benchmark/coordinator-all-normal-r1/normal2/normal2.binlog","6015430","9CF001031CE6FECBEA90F0B9DAD54EB689E19BEBE9826549DF7BBCF097C3D311"
"idle-burst","aspire/block-002/attempt-01/AUTO-N/benchmark/coordinator-all-normal-r1/normal3/normal3.binlog","5942265","A39F7E4D482B30D407CDFDD2B6C9764D87E91FB2AA4891AAF6A96AF4726E05B6"
"idle-burst","aspire/block-002/attempt-01/AUTO-N/benchmark/coordinator-all-normal-r1/normal4/normal4.binlog","5938253","ADF6BB493126CD272A8E69A320B6BFD4BCCD8199518CE2722EA07D7929245DB1"
"idle-burst","aspire/block-002/attempt-01/F4-H/benchmark/coordinator-priority-r1/high1/high1.binlog","5900041","404F41C811993E5E6C88FCEE725A3C67FD4FB20A5F83990AD6E4DF7C8EF4E7E2"
"idle-burst","aspire/block-002/attempt-01/F4-H/benchmark/coordinator-priority-r1/normal1/normal1.binlog","5982977","9A1698B325BD30330EC64588E2209D8DD352E284C74CA5ADF87380C7E68A1522"
"idle-burst","aspire/block-002/attempt-01/F4-H/benchmark/coordinator-priority-r1/normal2/normal2.binlog","6014263","852BFBE706F918759620C2E2FAB1230C24C924E5AA9208C1DBDA66B688ECF784"
"idle-burst","aspire/block-002/attempt-01/F4-H/benchmark/coordinator-priority-r1/normal3/normal3.binlog","5986347","A174ECCF313504419CA480EB32FC2731366604AD2A910A3B91963A359064E3A2"
"idle-burst","aspire/block-002/attempt-01/F4-H/benchmark/coordinator-priority-r1/normal4/normal4.binlog","5954381","5F927AB3464CA9451AA389C1B7F24C048DC8F912B5530A560F8723568CDA7AF5"
"idle-burst","aspire/block-002/attempt-01/F4-N/benchmark/coordinator-all-normal-r1/high1/high1.binlog","5932121","DDFBDC5C8D99ABC67D04353E516CBF559FF53E93F7AB65A3B1D5D229BA311986"
"idle-burst","aspire/block-002/attempt-01/F4-N/benchmark/coordinator-all-normal-r1/normal1/normal1.binlog","5961319","0E5BE09F77E7488CBEBFAE8EB833433D96168EFA7EEF2D353AF72D3412C76745"
"idle-burst","aspire/block-002/attempt-01/F4-N/benchmark/coordinator-all-normal-r1/normal2/normal2.binlog","5892333","7964FB5E14312BA28A70349C2A0C8A5B2218765C7AE21726D751DFF7E2445040"
"idle-burst","aspire/block-002/attempt-01/F4-N/benchmark/coordinator-all-normal-r1/normal3/normal3.binlog","5976021","6CDDBCC1FE35504D243B4EC956839550F48226B8C2352AC88C2B611510844AE2"
"idle-burst","aspire/block-002/attempt-01/F4-N/benchmark/coordinator-all-normal-r1/normal4/normal4.binlog","5961373","803A4BD005C2A3EDE624ED4C6A01B3FD240BE6E25C7C4FBFC8FF4C9FBDE4A5E2"
"idle-burst","aspire/block-003/attempt-01/AUTO-H/benchmark/coordinator-priority-r1/high1/high1.binlog","5865831","2D1403C8461496F9B23C08DCEE1F198C719A3B7A6E70E2B8E146CA2043E059E5"
"idle-burst","aspire/block-003/attempt-01/AUTO-H/benchmark/coordinator-priority-r1/normal1/normal1.binlog","5980373","848532E4C1861B10B1D6EF2493CBABA594F3AA0E4E5B065759BB74ECD3812709"
"idle-burst","aspire/block-003/attempt-01/AUTO-H/benchmark/coordinator-priority-r1/normal2/normal2.binlog","6013528","3DF338BDB2134B30656BE39B0025C9CC0A2B7613490168413154743C2E4AE890"
"idle-burst","aspire/block-003/attempt-01/AUTO-H/benchmark/coordinator-priority-r1/normal3/normal3.binlog","6106409","435B530811FCC6EA863019A65EE14DE099EDF88E08502FE01263C77A31DFC2C2"
"idle-burst","aspire/block-003/attempt-01/AUTO-H/benchmark/coordinator-priority-r1/normal4/normal4.binlog","5966695","6CB45AB4354555A6CC8841A8C3F92E719E3297ED4971BFBD715E359A74E56E78"
"idle-burst","aspire/block-003/attempt-01/AUTO-N/benchmark/coordinator-all-normal-r1/high1/high1.binlog","5935173","A2ECABF30FEDA34705AA6B2CD44DF081933EE377D03018420E9CDECBC169AA70"
"idle-burst","aspire/block-003/attempt-01/AUTO-N/benchmark/coordinator-all-normal-r1/normal1/normal1.binlog","5908187","B1634268035290628A2463A208DA27D0C829AF60B8F92A3C4DF6A4BA1C0E0196"
"idle-burst","aspire/block-003/attempt-01/AUTO-N/benchmark/coordinator-all-normal-r1/normal2/normal2.binlog","6081893","CA15AF1165D81DBE5FC7D534E24FE0BA5785EB1308895CA0057B88C0DA7C8E7E"
"idle-burst","aspire/block-003/attempt-01/AUTO-N/benchmark/coordinator-all-normal-r1/normal3/normal3.binlog","5959974","66A86ED2BDBFAF6DE49E3210CAE6CEF0AEC001D93E2486629F156F5FE789959C"
"idle-burst","aspire/block-003/attempt-01/AUTO-N/benchmark/coordinator-all-normal-r1/normal4/normal4.binlog","5987040","F346E70B7528D601658770BC5AB1E18DAC13F5B6DA5EE420F82FC2DF9BB2BA7D"
"idle-burst","aspire/block-003/attempt-01/F4-H/benchmark/coordinator-priority-r1/high1/high1.binlog","5938016","F0C282724B458D4E7D93C7F43957F0DF18AF8BA2C144AC8BC6F70E17BEE3F31A"
"idle-burst","aspire/block-003/attempt-01/F4-H/benchmark/coordinator-priority-r1/normal1/normal1.binlog","5923789","61AECA49040D17873F22B92263D7C2ED026235BC0C26C127B21D12E0C866DCA7"
"idle-burst","aspire/block-003/attempt-01/F4-H/benchmark/coordinator-priority-r1/normal2/normal2.binlog","6019420","6DCFCE063EF03D25878C895DC7235AE01B026713CD93AEEEE24375AFBF03BD82"
"idle-burst","aspire/block-003/attempt-01/F4-H/benchmark/coordinator-priority-r1/normal3/normal3.binlog","5940443","076578E4EB8AED3AC3735588E860C655C95721284366E8B77BCB729DB1F5BE7B"
"idle-burst","aspire/block-003/attempt-01/F4-H/benchmark/coordinator-priority-r1/normal4/normal4.binlog","5919862","BEA08AB0407C08EDF982AC7F61849C6212A735EA8FC356145449FF8F77D6FAEF"
"idle-burst","aspire/block-003/attempt-01/F4-N/benchmark/coordinator-all-normal-r1/high1/high1.binlog","5966762","49B0C77D2B48A6D938C3868CC62EBC33C8B4FDBF00108137A9260ABDE811B7EC"
"idle-burst","aspire/block-003/attempt-01/F4-N/benchmark/coordinator-all-normal-r1/normal1/normal1.binlog","6028320","7F177D4B5EAFCC8E3AD28046993143F43277BF89CEF8F227E93244E3D03CACE1"
"idle-burst","aspire/block-003/attempt-01/F4-N/benchmark/coordinator-all-normal-r1/normal2/normal2.binlog","5956774","84B4A8644DE01C65EAD0D706F9A921041EFA1588D5EB21B9E659C3BC2212E96D"
"idle-burst","aspire/block-003/attempt-01/F4-N/benchmark/coordinator-all-normal-r1/normal3/normal3.binlog","5974271","B440763D288CA962C73F749AED3527CA6EAB545027EF3F70696CDAAC11E01210"
"idle-burst","aspire/block-003/attempt-01/F4-N/benchmark/coordinator-all-normal-r1/normal4/normal4.binlog","5970760","A6DB6C7AB6F3E4C6C32EE6FBE7AF999A560FAABF34D74C957B88BD27DAE2B596"
"idle-burst","aspire/block-004/attempt-01/AUTO-H/benchmark/coordinator-priority-r1/high1/high1.binlog","5834843","D14112DD678DE89A46104C2F2DC77E359029FBAA6E33784E62A265A7CEBF2694"
"idle-burst","aspire/block-004/attempt-01/AUTO-H/benchmark/coordinator-priority-r1/normal1/normal1.binlog","5934457","A0364DA139162319D2376FF15257489D7950753FE9424333C2A135B6ADDB9541"
"idle-burst","aspire/block-004/attempt-01/AUTO-H/benchmark/coordinator-priority-r1/normal2/normal2.binlog","5950427","FFBFEEFAC530826756850738278449ACC6A572281058E378ED72642611970C06"
"idle-burst","aspire/block-004/attempt-01/AUTO-H/benchmark/coordinator-priority-r1/normal3/normal3.binlog","6091659","FF8C648A93FD5ACC8325A0AF3EEBC545B7FB05E3EC6D71E67246252FC3B15B46"
"idle-burst","aspire/block-004/attempt-01/AUTO-H/benchmark/coordinator-priority-r1/normal4/normal4.binlog","5938545","0E324C519CC37140233E34FCA8D3028FE9C393C85F9F678D5502D6A452299FB9"
"idle-burst","aspire/block-004/attempt-01/AUTO-N/benchmark/coordinator-all-normal-r1/high1/high1.binlog","5938198","DBCFD76E3028146F2511912D552128DE43984719FCDFF126C508FDE118EE95CF"
"idle-burst","aspire/block-004/attempt-01/AUTO-N/benchmark/coordinator-all-normal-r1/normal1/normal1.binlog","5923805","DA4E05F7D0EC5089E794F05EDE43412C2E271A9275F980B9885DA37D3DD9ADA7"
"idle-burst","aspire/block-004/attempt-01/AUTO-N/benchmark/coordinator-all-normal-r1/normal2/normal2.binlog","5943329","2F8F2DD6296FEAE888BFCBEC6FE73147247E864522BF4F448F821038AC1E545D"
"idle-burst","aspire/block-004/attempt-01/AUTO-N/benchmark/coordinator-all-normal-r1/normal3/normal3.binlog","6191596","37806E0CFE89EEFD0D827F93B777B9225C223790E3C7B2C97A5902A319F111A2"
"idle-burst","aspire/block-004/attempt-01/AUTO-N/benchmark/coordinator-all-normal-r1/normal4/normal4.binlog","5871687","DFB5C4D81B8EBD847723889E2F1E21F7A6DD6AB5D425FE3581C7D46433E9E353"
"idle-burst","aspire/block-004/attempt-01/F4-H/benchmark/coordinator-priority-r1/high1/high1.binlog","5801168","8E608F7B5B491BD1FE3629682AC3A8CD6A45932547B94D10EE2430304309758E"
"idle-burst","aspire/block-004/attempt-01/F4-H/benchmark/coordinator-priority-r1/normal1/normal1.binlog","5937195","53435FE99CF42CBFD94CF50AA549F5B671442923C4CB7C99864A9C932258E6A0"
"idle-burst","aspire/block-004/attempt-01/F4-H/benchmark/coordinator-priority-r1/normal2/normal2.binlog","5990066","73DDDD540186CA1E9CFB25A3F7F414F7B74FC62AEB9F21AF6A3B400D05BEF7D4"
"idle-burst","aspire/block-004/attempt-01/F4-H/benchmark/coordinator-priority-r1/normal3/normal3.binlog","5886852","99C52A8F203AFAFB749D3C4928B96FFC27BE19484690C329429A3A77EDC2C306"
"idle-burst","aspire/block-004/attempt-01/F4-H/benchmark/coordinator-priority-r1/normal4/normal4.binlog","6008022","425D4E482B2A12205ED36ADA651F13F32B087E505BEBFA63E873B61B27DF2B82"
"idle-burst","aspire/block-004/attempt-01/F4-N/benchmark/coordinator-all-normal-r1/high1/high1.binlog","5955954","D14A8288EAA41EB24552DB85E4E8E3C5CEBD11728B22BE14685CD941E1BDAA31"
"idle-burst","aspire/block-004/attempt-01/F4-N/benchmark/coordinator-all-normal-r1/normal1/normal1.binlog","6079316","88E995363038941D93D4E30A8342BDDA5B3E33042C2BBB84C66F12E6D7E8C434"
"idle-burst","aspire/block-004/attempt-01/F4-N/benchmark/coordinator-all-normal-r1/normal2/normal2.binlog","5939028","5D9EBB0CE31990AFF7C84CAD99BA18EDFDDD5A5695137C992AD6626C007E5CB7"
"idle-burst","aspire/block-004/attempt-01/F4-N/benchmark/coordinator-all-normal-r1/normal3/normal3.binlog","5975032","4446B46ACA76C32327EF15068C062C464A2FAF66C782419D36113B8B87884F5C"
"idle-burst","aspire/block-004/attempt-01/F4-N/benchmark/coordinator-all-normal-r1/normal4/normal4.binlog","5980304","DDEF305A86C39EC1F9212FCDB0070DCED9D0C8BAEFA3B59A8904474C666CFD93"
"idle-burst","aspire/block-005/attempt-01/AUTO-H/benchmark/coordinator-priority-r1/high1/high1.binlog","5894507","E1B93355D356F09A46148300E2E50B3C2255E4A551CF34469751A35A347D9161"
"idle-burst","aspire/block-005/attempt-01/AUTO-H/benchmark/coordinator-priority-r1/normal1/normal1.binlog","5993310","5279DCA5646DD87E27E9D8480052FB18764177EBDA0622B3ABCA09782F4C781B"
"idle-burst","aspire/block-005/attempt-01/AUTO-H/benchmark/coordinator-priority-r1/normal2/normal2.binlog","6207596","64648487583DC1D48F66DCF3D2EFF146F31C931CDADAABB0BF2F58D2E0487001"
"idle-burst","aspire/block-005/attempt-01/AUTO-H/benchmark/coordinator-priority-r1/normal3/normal3.binlog","5931574","E8F6187CC22BBD620AE22D16EF250375153CA4D49FBC8B6BFD8DB5FAB64FFA6D"
"idle-burst","aspire/block-005/attempt-01/AUTO-H/benchmark/coordinator-priority-r1/normal4/normal4.binlog","5905814","BB4E04DFB6F859EEFFAB15C98BA0E698BFCA396C14CD3F315E6DDFBFE68CB210"
"idle-burst","aspire/block-005/attempt-01/AUTO-N/benchmark/coordinator-all-normal-r1/high1/high1.binlog","5908775","2810D36D55E80A57A12C9900CCC18F85D18D63868DCA1BEBB10B6A8F35D8D91D"
"idle-burst","aspire/block-005/attempt-01/AUTO-N/benchmark/coordinator-all-normal-r1/normal1/normal1.binlog","6060643","1ACDD36B9AF0FA895ACB47E0F0CE918A3E4F59938F1F008988FDC18A459A4966"
"idle-burst","aspire/block-005/attempt-01/AUTO-N/benchmark/coordinator-all-normal-r1/normal2/normal2.binlog","5921383","3B3935E3666B50DBA3F3A5C241DCFB4453B5BC41BEA80FFB6B341772E00D1981"
"idle-burst","aspire/block-005/attempt-01/AUTO-N/benchmark/coordinator-all-normal-r1/normal3/normal3.binlog","5982322","E72518C9083C9AC203E1428EB278F7FCEBE76D72B4FCB6CF683E1E16F689185A"
"idle-burst","aspire/block-005/attempt-01/AUTO-N/benchmark/coordinator-all-normal-r1/normal4/normal4.binlog","5971286","F06925024B76153582797CDC632FCB69158C5EBFA26D57C1DD508E14EFE8A64A"
"idle-burst","aspire/block-005/attempt-01/F4-H/benchmark/coordinator-priority-r1/high1/high1.binlog","5928858","67234A837DD896EE100F65C6F012BAB5D25830E7F7EBED88ADC75BCF3C54644B"
"idle-burst","aspire/block-005/attempt-01/F4-H/benchmark/coordinator-priority-r1/normal1/normal1.binlog","5981247","6D93696649D14C00F3C78B4D39D00BAC8CD90ABFD2450C6CDC13772476946E6B"
"idle-burst","aspire/block-005/attempt-01/F4-H/benchmark/coordinator-priority-r1/normal2/normal2.binlog","6078703","6622414547393F21736888A51E689317FC933BA6F6268E40D75F59FEAF248B13"
"idle-burst","aspire/block-005/attempt-01/F4-H/benchmark/coordinator-priority-r1/normal3/normal3.binlog","5989671","04599604F90D89F6F3BBBFAF22DA2E793AE0CCCFA8420EC5060D397D82752087"
"idle-burst","aspire/block-005/attempt-01/F4-H/benchmark/coordinator-priority-r1/normal4/normal4.binlog","5989228","A2F06D6D8BB91FB4C750510C4DECDBD00FCE4EE7BCCA75BFADE9FF4C8D6AAA1B"
"idle-burst","aspire/block-005/attempt-01/F4-N/benchmark/coordinator-all-normal-r1/high1/high1.binlog","5980738","D79F82020F1B5B7E1375E5CCB5F06C4952590535EDCFDDFE30DA5EA6AF36F270"
"idle-burst","aspire/block-005/attempt-01/F4-N/benchmark/coordinator-all-normal-r1/normal1/normal1.binlog","5992178","247ADD7ABE22B273D3E1044175B9634BD15D9B71D339DF7649CA210ACBEC5DC8"
"idle-burst","aspire/block-005/attempt-01/F4-N/benchmark/coordinator-all-normal-r1/normal2/normal2.binlog","5880968","2A3050413D143AC95EB6E22DC842DA4C6E8184DEAC30362AE37EA93182462972"
"idle-burst","aspire/block-005/attempt-01/F4-N/benchmark/coordinator-all-normal-r1/normal3/normal3.binlog","6006754","12B79A88CED5D762C0CBCEC75A8E04E885516D494DDD1FAAA2193CC9B61F5EDE"
"idle-burst","aspire/block-005/attempt-01/F4-N/benchmark/coordinator-all-normal-r1/normal4/normal4.binlog","5997788","7A9B5323810AAED1B0586323550C7B28D426695C8C74ADD2806324E72778FB93"
"idle-burst","roslyn/block-001/attempt-01/AUTO-H/benchmark/coordinator-priority-r1/high1/high1.binlog","6909177","A47D66C43DE6D744EE2AE944BB028247A62E096DD25EFB23B346F0BF3D324315"
"idle-burst","roslyn/block-001/attempt-01/AUTO-H/benchmark/coordinator-priority-r1/normal1/normal1.binlog","6920811","78E9874CA93F9C334547C8996F724A53845B33EE3F4B73493F096151D4709A54"
"idle-burst","roslyn/block-001/attempt-01/AUTO-H/benchmark/coordinator-priority-r1/normal2/normal2.binlog","7088606","D5FAEC6792381DEABB357853D6AF7DE1EBF4796C4E82F2CF799D57FB24A49FB1"
"idle-burst","roslyn/block-001/attempt-01/AUTO-H/benchmark/coordinator-priority-r1/normal3/normal3.binlog","7002643","BA47B01EEBC9977B11F6CA9C8C9311C90821E1010035D21C80522A0D38D9DF7A"
"idle-burst","roslyn/block-001/attempt-01/AUTO-H/benchmark/coordinator-priority-r1/normal4/normal4.binlog","6959962","D6F6718DEE78F3C52760E9EEBAD8FC48BB25A698A4290FD66B2CFE911A8DDA9A"
"idle-burst","roslyn/block-001/attempt-01/AUTO-N/benchmark/coordinator-all-normal-r1/high1/high1.binlog","7014034","1E389E6749F00A96333105276EB1D932F54CCAA8F38571D2E0D95AFAA2515C22"
"idle-burst","roslyn/block-001/attempt-01/AUTO-N/benchmark/coordinator-all-normal-r1/normal1/normal1.binlog","7055265","BD43E7457D8E02E8BF47F087E515D4C7AAE0D4AB891136578325DA0E3EB3285C"
"idle-burst","roslyn/block-001/attempt-01/AUTO-N/benchmark/coordinator-all-normal-r1/normal2/normal2.binlog","7070775","10549128036B8A50946E9335B2207732F06E6B0D25234D07B9FB53CCAE9E542E"
"idle-burst","roslyn/block-001/attempt-01/AUTO-N/benchmark/coordinator-all-normal-r1/normal3/normal3.binlog","6906322","6092AAF1198FDBFFCE7AECC0C4C21DE10381C32233D735504BC748D9D638B7DD"
"idle-burst","roslyn/block-001/attempt-01/AUTO-N/benchmark/coordinator-all-normal-r1/normal4/normal4.binlog","7138931","441386CFFB68B95ECB18E8690F5381D587F7E4FE29811FA77E257F270DFF3299"
"idle-burst","roslyn/block-001/attempt-01/F4-H/benchmark/coordinator-priority-r1/high1/high1.binlog","7162741","5995CAAF0786309133C18F7CAAA3B245BA3E20C71865949DD045368015B64F8E"
"idle-burst","roslyn/block-001/attempt-01/F4-H/benchmark/coordinator-priority-r1/normal1/normal1.binlog","7001471","670B172A8FDFB0722A56E56E6DFF48DB1FE159301E62C722B735DB40AA73A7B6"
"idle-burst","roslyn/block-001/attempt-01/F4-H/benchmark/coordinator-priority-r1/normal2/normal2.binlog","7109679","A5DA2A968238A0CAF587002EE77682939C9A5C7EC915974B8533B13E2DCE2F85"
"idle-burst","roslyn/block-001/attempt-01/F4-H/benchmark/coordinator-priority-r1/normal3/normal3.binlog","7109215","7752AF2D2E98B2C83F0B6E0256ADA529100521215EAFE2A74362B3C0829942BE"
"idle-burst","roslyn/block-001/attempt-01/F4-H/benchmark/coordinator-priority-r1/normal4/normal4.binlog","7118498","5D4A906C963CF4FCBFF514789CD44706B82DBFC2E6F0D954FA07A40C96B76B76"
"idle-burst","roslyn/block-001/attempt-01/F4-N/benchmark/coordinator-all-normal-r1/high1/high1.binlog","7026612","361FACC868C655616B95FF7B8DEB7C4CAB9C1D64959B076F757C88241890018D"
"idle-burst","roslyn/block-001/attempt-01/F4-N/benchmark/coordinator-all-normal-r1/normal1/normal1.binlog","7029724","AAA79C04EC8BEAB9FFEE31C7DEBA01B586941620341A745FD8F3775A9408F5C4"
"idle-burst","roslyn/block-001/attempt-01/F4-N/benchmark/coordinator-all-normal-r1/normal2/normal2.binlog","7020324","227DD7D88EB290E610E39715CD9EC1498938C8DD8BC4B9C2B144814EC5CF3D4D"
"idle-burst","roslyn/block-001/attempt-01/F4-N/benchmark/coordinator-all-normal-r1/normal3/normal3.binlog","7097891","113DF39CEEC8776D5A1F1F6DD8F38189816656C1809805373468BFE7D8669A2A"
"idle-burst","roslyn/block-001/attempt-01/F4-N/benchmark/coordinator-all-normal-r1/normal4/normal4.binlog","7041329","131B9333289B7D05F1FB8E5DDB36D23439268BB80D005CDC74CC9EFB90D331F0"
"idle-burst","roslyn/block-002/attempt-01/AUTO-H/benchmark/coordinator-priority-r1/high1/high1.binlog","7080426","9983BA21837B7C6A71559E60469298AD73E5000051B57A1193C14C5A72EBA767"
"idle-burst","roslyn/block-002/attempt-01/AUTO-H/benchmark/coordinator-priority-r1/normal1/normal1.binlog","7114262","EC1F893E07A25FD3E483E820CB6C5EA80E39BC9087DF731951AFF7A661CDA0DC"
"idle-burst","roslyn/block-002/attempt-01/AUTO-H/benchmark/coordinator-priority-r1/normal2/normal2.binlog","7047632","FD7C8BBBBF54C3B700ADBBCAA0261BC18358E594FE3BEDDBDAF19ED201FAACD4"
"idle-burst","roslyn/block-002/attempt-01/AUTO-H/benchmark/coordinator-priority-r1/normal3/normal3.binlog","6991458","4D1DA83854D13F15F04FA4209E118C3DE44703B8AC10F7743D1FC05463797D52"
"idle-burst","roslyn/block-002/attempt-01/AUTO-H/benchmark/coordinator-priority-r1/normal4/normal4.binlog","6862471","AC96A6DACBF30D1A6402C27A9B2F23000F3BF55D850B0C5576DC7B2EECB1DCA1"
"idle-burst","roslyn/block-002/attempt-01/AUTO-N/benchmark/coordinator-all-normal-r1/high1/high1.binlog","7109049","FF1B85696F8FC2F89DC3A00C86F02D70002A4909D30C620951A810194828F2C4"
"idle-burst","roslyn/block-002/attempt-01/AUTO-N/benchmark/coordinator-all-normal-r1/normal1/normal1.binlog","7117444","C4A30A244F05E6B8E1E1E3D9B05D9E7DFA3CA6263DAB500C5BEFC8E3D8BB3CB8"
"idle-burst","roslyn/block-002/attempt-01/AUTO-N/benchmark/coordinator-all-normal-r1/normal2/normal2.binlog","6904330","0A36202A4864438EC66E605C924F68E3330F3E0C2F2AE3395D0630F6CBD36A23"
"idle-burst","roslyn/block-002/attempt-01/AUTO-N/benchmark/coordinator-all-normal-r1/normal3/normal3.binlog","6985461","909C52BD4627D899FE23472D8589872C5BB430917CAE269BF18E109CE77B0B61"
"idle-burst","roslyn/block-002/attempt-01/AUTO-N/benchmark/coordinator-all-normal-r1/normal4/normal4.binlog","7012925","FC08ED17F5F39110345E2C725989C754B9FDC2007E38CACAE4048E870CA2E7FE"
"idle-burst","roslyn/block-002/attempt-01/F4-H/benchmark/coordinator-priority-r1/high1/high1.binlog","7072098","6B247D61A000C13AE438F5DC68C74252383A1FF099C7B82CA27C1FB3A1F96A0C"
"idle-burst","roslyn/block-002/attempt-01/F4-H/benchmark/coordinator-priority-r1/normal1/normal1.binlog","7131360","D82B32473D0291025F3EFE34C0CBEBEC7638056923F43319F2101DB3906A20DA"
"idle-burst","roslyn/block-002/attempt-01/F4-H/benchmark/coordinator-priority-r1/normal2/normal2.binlog","6992505","89B906CC59769FF2892A8B970EEC7A322B154736E75DD88E385CBE2D338C88C9"
"idle-burst","roslyn/block-002/attempt-01/F4-H/benchmark/coordinator-priority-r1/normal3/normal3.binlog","7081170","06FEEC97B7C174E14C41404F5542C58FE0D781A677F18E29EA1AADB7334CA8F8"
"idle-burst","roslyn/block-002/attempt-01/F4-H/benchmark/coordinator-priority-r1/normal4/normal4.binlog","7155319","FFACBE0F210BD3D8B9DFD72469D53B4815A7FB31AD24111DABCF736A82F95342"
"idle-burst","roslyn/block-002/attempt-01/F4-N/benchmark/coordinator-all-normal-r1/high1/high1.binlog","6952312","C138DEB5EBE746BB09716AEC276DE052B7D7F154B7B8E88656746E82B6F1986B"
"idle-burst","roslyn/block-002/attempt-01/F4-N/benchmark/coordinator-all-normal-r1/normal1/normal1.binlog","7083476","D8994BB8B0C4C0C15E185E758E425FAF4DE2085683FDA754B6968609A0E21517"
"idle-burst","roslyn/block-002/attempt-01/F4-N/benchmark/coordinator-all-normal-r1/normal2/normal2.binlog","6981763","5AD53194CF0ADF9F589AB9865298918809EC27B9609943E1539D83EA700B3FCC"
"idle-burst","roslyn/block-002/attempt-01/F4-N/benchmark/coordinator-all-normal-r1/normal3/normal3.binlog","7139946","7DE1D508A1322712532C42029B5263AE8D53A2DC5C46570386AE0ACC0D82E2E0"
"idle-burst","roslyn/block-002/attempt-01/F4-N/benchmark/coordinator-all-normal-r1/normal4/normal4.binlog","7097687","F49AB424442CA0C6F6240160C769595CB4E0A87032BDFE58FA2C8FAB383B4778"
"idle-burst","roslyn/block-003/attempt-01/AUTO-H/benchmark/coordinator-priority-r1/high1/high1.binlog","7059755","D70B09B42A53CAC9FEDEDFA5BA85DCA1D14957E4559C70EF1B161C9156FC8838"
"idle-burst","roslyn/block-003/attempt-01/AUTO-H/benchmark/coordinator-priority-r1/normal1/normal1.binlog","6993818","606C4825654AAADDF7F69A2960B264F7FCAB01699266229116E88B22C646343E"
"idle-burst","roslyn/block-003/attempt-01/AUTO-H/benchmark/coordinator-priority-r1/normal2/normal2.binlog","7160653","2D047CDD045E95993FC10D3134F08553CB3A1B925053BCAA2F66F0C9542DFEBD"
"idle-burst","roslyn/block-003/attempt-01/AUTO-H/benchmark/coordinator-priority-r1/normal3/normal3.binlog","6923449","EA571A3305E1C176C0AFC425B9C67C659F07DC6A12AEF1AF5363D6E9E56C3ADD"
"idle-burst","roslyn/block-003/attempt-01/AUTO-H/benchmark/coordinator-priority-r1/normal4/normal4.binlog","7077685","9DF7A3B08FD31A072E2AF0F694F3547B268DB2439A3DDA14803BDBF76F9A0807"
"idle-burst","roslyn/block-003/attempt-01/AUTO-N/benchmark/coordinator-all-normal-r1/high1/high1.binlog","7031021","512B2AA4D81C22A705A2D54116B221D66AB31E4D95021F4616A997D172D713BC"
"idle-burst","roslyn/block-003/attempt-01/AUTO-N/benchmark/coordinator-all-normal-r1/normal1/normal1.binlog","6918500","FC23248063E86CD2008675A5BCF968CB3FEE4D020D05FCFD01F8CB44260D68C2"
"idle-burst","roslyn/block-003/attempt-01/AUTO-N/benchmark/coordinator-all-normal-r1/normal2/normal2.binlog","7249158","154E3E78A169609C7EAEDE977AF35721D3C7970F754632E7E94F3CEE60D1B8EF"
"idle-burst","roslyn/block-003/attempt-01/AUTO-N/benchmark/coordinator-all-normal-r1/normal3/normal3.binlog","7087169","5D68879C1DC586E34E8C9C5E9C995BA45F6D4327CE80BDF46B0B7B4F6D255982"
"idle-burst","roslyn/block-003/attempt-01/AUTO-N/benchmark/coordinator-all-normal-r1/normal4/normal4.binlog","7045432","E3A5CA6D949401E4020E3F063DA8760AEB7219A7B7BA10F989F6A3BD2011D710"
"idle-burst","roslyn/block-003/attempt-01/F4-H/benchmark/coordinator-priority-r1/high1/high1.binlog","7119757","41B9DBEA7F344B4F819549BD89353117C158CC064E8270A9F13C843306D1759C"
"idle-burst","roslyn/block-003/attempt-01/F4-H/benchmark/coordinator-priority-r1/normal1/normal1.binlog","7100038","AB33497BB4DF1EDD52E2778AD8A2581AD4D9C381CCBAF93AA304C239CE847872"
"idle-burst","roslyn/block-003/attempt-01/F4-H/benchmark/coordinator-priority-r1/normal2/normal2.binlog","7023422","AF812A643022B9E9FEF38BB7030EFE656E8ED21D66C3100E9D08CB6DA4E45543"
"idle-burst","roslyn/block-003/attempt-01/F4-H/benchmark/coordinator-priority-r1/normal3/normal3.binlog","7041271","D753C706BC05D88B208709263CBB547FA34740F14CA69B3FF42DD5D692A9BE05"
"idle-burst","roslyn/block-003/attempt-01/F4-H/benchmark/coordinator-priority-r1/normal4/normal4.binlog","7051961","90D1AEE1AD39E9B8005776945FB5D8848884A77C7E1C0D73AE05017E75319D44"
"idle-burst","roslyn/block-003/attempt-01/F4-N/benchmark/coordinator-all-normal-r1/high1/high1.binlog","7051038","CBAFA24043533965151BC30D248B617A8C2C8C557AD19D4436FDFC1FEF39BEB9"
"idle-burst","roslyn/block-003/attempt-01/F4-N/benchmark/coordinator-all-normal-r1/normal1/normal1.binlog","7043384","687914E2EDEAF3FD1E3B0B59CF79EE736A62A07902EC5720A73C40BAE8583193"
"idle-burst","roslyn/block-003/attempt-01/F4-N/benchmark/coordinator-all-normal-r1/normal2/normal2.binlog","7146608","A73B3AC9A06A3008EFD70A26C4D5A9112FC759B7FAA84B60043D06F3D43235A7"
"idle-burst","roslyn/block-003/attempt-01/F4-N/benchmark/coordinator-all-normal-r1/normal3/normal3.binlog","7096473","E5789EEE74A010BB27266BCF57BED8424F43252068A78F98570677B952EB96FF"
"idle-burst","roslyn/block-003/attempt-01/F4-N/benchmark/coordinator-all-normal-r1/normal4/normal4.binlog","7136612","7DACBFD2396B75DEF6143418AAEED85AE111295F1A66F98286B00E147D266583"
"idle-burst","roslyn/block-004/attempt-01/AUTO-H/benchmark/coordinator-priority-r1/high1/high1.binlog","6999917","BB5AECBDF647DB267AA2617A80BBA0CD3C77572BA65DD4DD7CBAF34638FDBE43"
"idle-burst","roslyn/block-004/attempt-01/AUTO-H/benchmark/coordinator-priority-r1/normal1/normal1.binlog","7024958","A26BAE6E29963C9253FCF594CB18CE26E3707BD68B70B10DA6AA8B0C618EB80A"
"idle-burst","roslyn/block-004/attempt-01/AUTO-H/benchmark/coordinator-priority-r1/normal2/normal2.binlog","6951538","0DB11C9240699B70D3375292E1C6F17AB314774721DB406790D1D27BBD559C48"
"idle-burst","roslyn/block-004/attempt-01/AUTO-H/benchmark/coordinator-priority-r1/normal3/normal3.binlog","7185278","01443A3F458E7078A8C9454F1A39A2064C005250C09BCAB62B1DD880F953A7D6"
"idle-burst","roslyn/block-004/attempt-01/AUTO-H/benchmark/coordinator-priority-r1/normal4/normal4.binlog","6999804","62ADA4E68E8EA348A7841FE3CA3D54B4287BC51B31AABC0AD659ACC63605B9CC"
"idle-burst","roslyn/block-004/attempt-01/AUTO-N/benchmark/coordinator-all-normal-r1/high1/high1.binlog","6972091","0882881FF2E139A68EDEE8B8584B75E61267A14232F892DC8FEC8261F5B72CBD"
"idle-burst","roslyn/block-004/attempt-01/AUTO-N/benchmark/coordinator-all-normal-r1/normal1/normal1.binlog","7145479","BC6BCF79F713DE269F818AB797475ECC1BE7A4D254C09B571B78683735BB854C"
"idle-burst","roslyn/block-004/attempt-01/AUTO-N/benchmark/coordinator-all-normal-r1/normal2/normal2.binlog","6996088","BBF6792FD5255BFE9CF3E75F5EEA1CD96FF69BD9A56430F57902033735424DD4"
"idle-burst","roslyn/block-004/attempt-01/AUTO-N/benchmark/coordinator-all-normal-r1/normal3/normal3.binlog","6983880","78A7391C4D76FC893F6930C37FA0D7E4ABB414B0D66C75B845695092E1B013E9"
"idle-burst","roslyn/block-004/attempt-01/AUTO-N/benchmark/coordinator-all-normal-r1/normal4/normal4.binlog","7132294","4418DBB635F3EC422E20541115784198E7580878E44462E044CDDCE2F4ED31DD"
"idle-burst","roslyn/block-004/attempt-01/F4-H/benchmark/coordinator-priority-r1/high1/high1.binlog","7237832","2C8781FE134BAB9FE116942D437E5D1898D8CE0B49966CBBA7B8AB3FD8F609D2"
"idle-burst","roslyn/block-004/attempt-01/F4-H/benchmark/coordinator-priority-r1/normal1/normal1.binlog","7041678","1DCF879AC75E91069320DBD0B1249B3D1660BAB469C70BC1AE8EC7D990662429"
"idle-burst","roslyn/block-004/attempt-01/F4-H/benchmark/coordinator-priority-r1/normal2/normal2.binlog","7183142","82BD9DE50D65DDDC4D0C1350E8CABC6A6193E31265057ED6B8CBBB529495D55A"
"idle-burst","roslyn/block-004/attempt-01/F4-H/benchmark/coordinator-priority-r1/normal3/normal3.binlog","7134439","E93D430AA8D8BF2DA0CCC96ECF8CD436BF8BD0C822F3C84DD47CC82FCCFB161C"
"idle-burst","roslyn/block-004/attempt-01/F4-H/benchmark/coordinator-priority-r1/normal4/normal4.binlog","7126669","020A1F475AFBECE0472FA5B54CE13259194D7F5C235583F0BC2B8E2BA3D1A5F3"
"idle-burst","roslyn/block-004/attempt-01/F4-N/benchmark/coordinator-all-normal-r1/high1/high1.binlog","6918087","68B1BFA7005E7AED59E56494D8A7B35B0CA0B35A314E0C28F58B56751CE97ED0"
"idle-burst","roslyn/block-004/attempt-01/F4-N/benchmark/coordinator-all-normal-r1/normal1/normal1.binlog","7030571","2EE4B47A5B4581A3534A0C30C3BAF7C026A45A5754FDAB9CCD21217FD5689E06"
"idle-burst","roslyn/block-004/attempt-01/F4-N/benchmark/coordinator-all-normal-r1/normal2/normal2.binlog","6998468","1542A4EDEAED83D7858CBA98ED8841A87AD200FCF5AE11905811B2F7590B4A40"
"idle-burst","roslyn/block-004/attempt-01/F4-N/benchmark/coordinator-all-normal-r1/normal3/normal3.binlog","6969307","8D994CE183F41FC236130AF836B5CD46ED302878289E7F3A66F7A346E19BC0A4"
"idle-burst","roslyn/block-004/attempt-01/F4-N/benchmark/coordinator-all-normal-r1/normal4/normal4.binlog","6987627","E6A6D00A7A3A0F710416A8A27C561B35DCC7917DCEB8A7C984A987E10D2D02DE"
"idle-burst","roslyn/block-005/attempt-01/AUTO-H/benchmark/coordinator-priority-r1/high1/high1.binlog","7036671","FD58541A6E87F75BACDFF806A9F7DAB2DEA568EC2A5A595B2DAF042677A1CBC1"
"idle-burst","roslyn/block-005/attempt-01/AUTO-H/benchmark/coordinator-priority-r1/normal1/normal1.binlog","6969504","58755D470127FAE08A9A9262C7AAEE2400447CAB31388099826B3901DF0FD889"
"idle-burst","roslyn/block-005/attempt-01/AUTO-H/benchmark/coordinator-priority-r1/normal2/normal2.binlog","7187849","06C58A122190B12051F7C3CABD5E43CD4BBA7071071409F91E48890872C65CB9"
"idle-burst","roslyn/block-005/attempt-01/AUTO-H/benchmark/coordinator-priority-r1/normal3/normal3.binlog","7084747","F930CC0A2F506A126106C91EA2975807E157B5F4105C2F5A7318AA95E2974592"
"idle-burst","roslyn/block-005/attempt-01/AUTO-H/benchmark/coordinator-priority-r1/normal4/normal4.binlog","6942724","E2423BF8ED1B57C6F0876A40CBBB510BAF975059D9E140B1CDE8EAB457EAE145"
"idle-burst","roslyn/block-005/attempt-01/AUTO-N/benchmark/coordinator-all-normal-r1/high1/high1.binlog","7105674","34BF6843A7E9E6E966B793A3AE33512B04B00DBA202DC6AFD256AFB18E914635"
"idle-burst","roslyn/block-005/attempt-01/AUTO-N/benchmark/coordinator-all-normal-r1/normal1/normal1.binlog","7086680","B246F7E409932590063A9ABF1BE91071B8CB0F262130E89BB98405C897A7C10F"
"idle-burst","roslyn/block-005/attempt-01/AUTO-N/benchmark/coordinator-all-normal-r1/normal2/normal2.binlog","7053840","0580CC8E8C319B63E8600DB2F3F83BB11EB616D93E04D0F225AFA90924837DE4"
"idle-burst","roslyn/block-005/attempt-01/AUTO-N/benchmark/coordinator-all-normal-r1/normal3/normal3.binlog","7187126","2B9F65A387A1CA7374BFECD0E265094DB2958AF8F3089E1093980572B3781333"
"idle-burst","roslyn/block-005/attempt-01/AUTO-N/benchmark/coordinator-all-normal-r1/normal4/normal4.binlog","7019475","4F5C1E63447D3A3E332E889D5D63FD16362E38B6AAF714E6FA151B4C918D472B"
"idle-burst","roslyn/block-005/attempt-01/F4-H/benchmark/coordinator-priority-r1/high1/high1.binlog","7170858","87AAA1F1DBB7794FEB3D2662622197C01ECAF2ADD052C9FAFE97E557C27E78AF"
"idle-burst","roslyn/block-005/attempt-01/F4-H/benchmark/coordinator-priority-r1/normal1/normal1.binlog","7174512","902A444A92DCBB238AB62A40B42D76D0E26CD01E7278DC3302F8AD56E464E931"
"idle-burst","roslyn/block-005/attempt-01/F4-H/benchmark/coordinator-priority-r1/normal2/normal2.binlog","7166169","662A13918914BBB757A802E1BD47B572CA54B738E199DD35A20FF4E2FA19E353"
"idle-burst","roslyn/block-005/attempt-01/F4-H/benchmark/coordinator-priority-r1/normal3/normal3.binlog","7038364","2893B51022E363072708705501728A4679AA844BD71B33E9828FC94B6D2C790B"
"idle-burst","roslyn/block-005/attempt-01/F4-H/benchmark/coordinator-priority-r1/normal4/normal4.binlog","6912197","8C7B6FCD012970DBD4B26D8683C1775BB6EFD1358D2E6B9B5CD7D82A2D532FDF"
"idle-burst","roslyn/block-005/attempt-01/F4-N/benchmark/coordinator-all-normal-r1/high1/high1.binlog","7076582","528EBEBADA6EE9FD146F1761A66843D8712B8DC3A48985B0E44B81334DE13894"
"idle-burst","roslyn/block-005/attempt-01/F4-N/benchmark/coordinator-all-normal-r1/normal1/normal1.binlog","7027734","A25DB8D79B293D971744818F3822C42B034290A22EC3A75AC974D0B701E63AD4"
"idle-burst","roslyn/block-005/attempt-01/F4-N/benchmark/coordinator-all-normal-r1/normal2/normal2.binlog","7090817","3A4435C4492A026760075A704B13607B9EB184EAAE9250B158E0DA6D699238B9"
"idle-burst","roslyn/block-005/attempt-01/F4-N/benchmark/coordinator-all-normal-r1/normal3/normal3.binlog","6942652","B49E83434E4E94A8B7B1419CF9D1D2DEB6B8D9BD2ABA252C3ED6DA21EE0E7642"
"idle-burst","roslyn/block-005/attempt-01/F4-N/benchmark/coordinator-all-normal-r1/normal4/normal4.binlog","7086210","51D1306AA58080F90719CF8BAECD77326C2878CDC7CE55222C892BDFED166DEF"
