BenchmarkRoot: C:\perf\repos\roslyn
RepositoryName: roslyn
BuildPath: Compilers.slnf
TouchFileRelativePath: src\Compilers\Core\Portable\Diagnostic\Diagnostic.cs
DotNetPath: C:\perf\coordinator-bootstrap-staging\8fe6721c8d58-1F456A53A870\core\dotnet.exe
MSBuildDllPath: C:\perf\coordinator-bootstrap-staging\8fe6721c8d58-1F456A53A870\core\sdk\11.0.100-preview.7.26360.111\MSBuild.dll
WorkRoot: C:\w\rf
OutputRoot: C:\perf\results\node-count-clean-solution-20260804-175600\_setup\roslyn
Logical processors: 16
NodeBudget: 16
Slice: 4
Reservation: 4
PriorityAgingThreshold: 3
NormalBuildCount: 1
HighBuildCount: 0
Scenarios: no-coordinator
[restore-normal1] C:\perf\coordinator-bootstrap-staging\8fe6721c8d58-1F456A53A870\core\dotnet.exe C:\perf\coordinator-bootstrap-staging\8fe6721c8d58-1F456A53A870\core\sdk\11.0.100-preview.7.26360.111\MSBuild.dll Compilers.slnf /t:Restore /v:q /nodeReuse:false /p:UseSharedCompilation=false
MSBuild version 18.10.0-dev.26373.1+8fe6721c8 for .NET
Summary CSV: C:\perf\results\node-count-clean-solution-20260804-175600\_setup\roslyn\scenario-summary.csv
BenchmarkRoot: C:\perf\repos\aspire
RepositoryName: aspire
BuildPath: Aspire-Core.slnf
TouchFileRelativePath: src\Aspire.Hosting\DistributedApplication.cs
DotNetPath: C:\perf\coordinator-bootstrap-staging\8fe6721c8d58-1F456A53A870\core\dotnet.exe
MSBuildDllPath: C:\perf\coordinator-bootstrap-staging\8fe6721c8d58-1F456A53A870\core\sdk\11.0.100-preview.7.26360.111\MSBuild.dll
WorkRoot: C:\w\af
OutputRoot: C:\perf\results\node-count-clean-solution-20260804-175600\_setup\aspire
Logical processors: 16
NodeBudget: 16
Slice: 4
Reservation: 4
PriorityAgingThreshold: 3
NormalBuildCount: 1
HighBuildCount: 0
Scenarios: no-coordinator
[restore-normal1] C:\perf\coordinator-bootstrap-staging\8fe6721c8d58-1F456A53A870\core\dotnet.exe C:\perf\coordinator-bootstrap-staging\8fe6721c8d58-1F456A53A870\core\sdk\11.0.100-preview.7.26360.111\MSBuild.dll Aspire-Core.slnf /t:Restore /v:q /nodeReuse:false /p:UseSharedCompilation=false /p:InstallBrowsersForPlaywright=false
MSBuild version 18.10.0-dev.26373.1+8fe6721c8 for .NET
Summary CSV: C:\perf\results\node-count-clean-solution-20260804-175600\_setup\aspire\scenario-summary.csv
HEAD is now at bc396b5e Revert "Update VSSDK to 18.9.496-Preview" (#84363)
BenchmarkRoot: C:\perf\repos\roslyn
RepositoryName: roslyn
BuildPath: Compilers.slnf
TouchFileRelativePath: src\Compilers\Core\Portable\Diagnostic\Diagnostic.cs
DotNetPath: C:\perf\coordinator-bootstrap-staging\8fe6721c8d58-1F456A53A870\core\dotnet.exe
MSBuildDllPath: C:\perf\coordinator-bootstrap-staging\8fe6721c8d58-1F456A53A870\core\sdk\11.0.100-preview.7.26360.111\MSBuild.dll
WorkRoot: C:\w\rf
OutputRoot: C:\perf\results\node-count-clean-solution-20260804-175600\roslyn\block-001\attempt-01\N8\setup
Logical processors: 16
NodeBudget: 8
Slice: 4
Reservation: 4
PriorityAgingThreshold: 3
NormalBuildCount: 1
HighBuildCount: 0
Scenarios: no-coordinator
[restore-normal1] C:\perf\coordinator-bootstrap-staging\8fe6721c8d58-1F456A53A870\core\dotnet.exe C:\perf\coordinator-bootstrap-staging\8fe6721c8d58-1F456A53A870\core\sdk\11.0.100-preview.7.26360.111\MSBuild.dll Compilers.slnf /t:Restore /v:q /nodeReuse:false /p:UseSharedCompilation=false
MSBuild version 18.10.0-dev.26373.1+8fe6721c8 for .NET
Summary CSV: C:\perf\results\node-count-clean-solution-20260804-175600\roslyn\block-001\attempt-01\N8\setup\scenario-summary.csv
Shutting down MSBuild server...
Shutting down VB/C# compiler server...
VB/C# compiler server shut down successfully.
MSBuild server shut down successfully.
BenchmarkRoot: C:\perf\repos\roslyn
RepositoryName: roslyn-b1-a1-N8
BuildPath: Compilers.slnf
TouchFileRelativePath: src\Compilers\Core\Portable\Diagnostic\Diagnostic.cs
DotNetPath: C:\perf\coordinator-bootstrap-staging\8fe6721c8d58-1F456A53A870\core\dotnet.exe
MSBuildDllPath: C:\perf\coordinator-bootstrap-staging\8fe6721c8d58-1F456A53A870\core\sdk\11.0.100-preview.7.26360.111\MSBuild.dll
WorkRoot: C:\w\rf
OutputRoot: C:\perf\results\node-count-clean-solution-20260804-175600\roslyn\block-001\attempt-01\N8\benchmark
Logical processors: 16
NodeBudget: 8
Slice: 0
Reservation: 0
PriorityAgingThreshold: 3
NormalBuildCount: 1
HighBuildCount: 0
Scenarios: no-coordinator
Starting no-coordinator-r1 (coordinator=False, high priority=Normal, /m:8)
[shutdown-no-coordinator-r1] C:\perf\coordinator-bootstrap-staging\8fe6721c8d58-1F456A53A870\core\dotnet.exe build-server shutdown
Shutting down MSBuild server...
Shutting down VB/C# compiler server...
MSBuild server shut down successfully.
VB/C# compiler server shut down successfully.
[shutdown-after-no-coordinator-r1] C:\perf\coordinator-bootstrap-staging\8fe6721c8d58-1F456A53A870\core\dotnet.exe build-server shutdown
Shutting down MSBuild server...
Shutting down VB/C# compiler server...
VB/C# compiler server shut down successfully.
MSBuild server shut down successfully.

[32;1mscenario      [0m[32;1m round[0m[32;1m useCoordinator[0m[32;1m highPriority[0m[32;1m nodeBudget[0m[32;1m slice[0m[32;1m reservation[0m[32;1m priorityAgingThreshold[0m[32;1m normalBuildCount[0m[32;1m h[0m
[32;1m              [0m[32;1m      [0m[32;1m               [0m[32;1m             [0m[32;1m           [0m[32;1m      [0m[32;1m            [0m[32;1m                       [0m[32;1m                 [0m[32;1m i[0m
[32;1m              [0m[32;1m      [0m[32;1m               [0m[32;1m             [0m[32;1m           [0m[32;1m      [0m[32;1m            [0m[32;1m                       [0m[32;1m                 [0m[32;1m g[0m
[32;1m              [0m[32;1m      [0m[32;1m               [0m[32;1m             [0m[32;1m           [0m[32;1m      [0m[32;1m            [0m[32;1m                       [0m[32;1m                 [0m[32;1m h[0m
[32;1m              [0m[32;1m      [0m[32;1m               [0m[32;1m             [0m[32;1m           [0m[32;1m      [0m[32;1m            [0m[32;1m                       [0m[32;1m                 [0m[32;1m B[0m
[32;1m              [0m[32;1m      [0m[32;1m               [0m[32;1m             [0m[32;1m           [0m[32;1m      [0m[32;1m            [0m[32;1m                       [0m[32;1m                 [0m[32;1m u[0m
[32;1m              [0m[32;1m      [0m[32;1m               [0m[32;1m             [0m[32;1m           [0m[32;1m      [0m[32;1m            [0m[32;1m                       [0m[32;1m                 [0m[32;1m i[0m
[32;1m              [0m[32;1m      [0m[32;1m               [0m[32;1m             [0m[32;1m           [0m[32;1m      [0m[32;1m            [0m[32;1m                       [0m[32;1m                 [0m[32;1m l[0m
[32;1m              [0m[32;1m      [0m[32;1m               [0m[32;1m             [0m[32;1m           [0m[32;1m      [0m[32;1m            [0m[32;1m                       [0m[32;1m                 [0m[32;1m d[0m
[32;1m              [0m[32;1m      [0m[32;1m               [0m[32;1m             [0m[32;1m           [0m[32;1m      [0m[32;1m            [0m[32;1m                       [0m[32;1m                 [0m[32;1m C[0m
[32;1m              [0m[32;1m      [0m[32;1m               [0m[32;1m             [0m[32;1m           [0m[32;1m      [0m[32;1m            [0m[32;1m                       [0m[32;1m                 [0m[32;1m o[0m
[32;1m              [0m[32;1m      [0m[32;1m               [0m[32;1m             [0m[32;1m           [0m[32;1m      [0m[32;1m            [0m[32;1m                       [0m[32;1m                 [0m[32;1m u[0m
[32;1m              [0m[32;1m      [0m[32;1m               [0m[32;1m             [0m[32;1m           [0m[32;1m      [0m[32;1m            [0m[32;1m                       [0m[32;1m                 [0m[32;1m n[0m
[32;1m              [0m[32;1m      [0m[32;1m               [0m[32;1m             [0m[32;1m           [0m[32;1m      [0m[32;1m            [0m[32;1m                       [0m[32;1m                 [0m[32;1m t[0m
[32;1m--------      [0m [32;1m-----[0m [32;1m--------------[0m [32;1m------------[0m [32;1m----------[0m [32;1m-----[0m [32;1m-----------[0m [32;1m----------------------[0m [32;1m----------------[0m [32;1m-[0m
no-coordinator     1          False Normal                8     0           0                      3                1 0

Summary CSV: C:\perf\results\node-count-clean-solution-20260804-175600\roslyn\block-001\attempt-01\N8\benchmark\scenario-summary.csv
HEAD is now at bc396b5e Revert "Update VSSDK to 18.9.496-Preview" (#84363)
BenchmarkRoot: C:\perf\repos\roslyn
RepositoryName: roslyn
BuildPath: Compilers.slnf
TouchFileRelativePath: src\Compilers\Core\Portable\Diagnostic\Diagnostic.cs
DotNetPath: C:\perf\coordinator-bootstrap-staging\8fe6721c8d58-1F456A53A870\core\dotnet.exe
MSBuildDllPath: C:\perf\coordinator-bootstrap-staging\8fe6721c8d58-1F456A53A870\core\sdk\11.0.100-preview.7.26360.111\MSBuild.dll
WorkRoot: C:\w\rf
OutputRoot: C:\perf\results\node-count-clean-solution-20260804-175600\roslyn\block-001\attempt-01\N4\setup
Logical processors: 16
NodeBudget: 4
Slice: 4
Reservation: 4
PriorityAgingThreshold: 3
NormalBuildCount: 1
HighBuildCount: 0
Scenarios: no-coordinator
[restore-normal1] C:\perf\coordinator-bootstrap-staging\8fe6721c8d58-1F456A53A870\core\dotnet.exe C:\perf\coordinator-bootstrap-staging\8fe6721c8d58-1F456A53A870\core\sdk\11.0.100-preview.7.26360.111\MSBuild.dll Compilers.slnf /t:Restore /v:q /nodeReuse:false /p:UseSharedCompilation=false
MSBuild version 18.10.0-dev.26373.1+8fe6721c8 for .NET
Summary CSV: C:\perf\results\node-count-clean-solution-20260804-175600\roslyn\block-001\attempt-01\N4\setup\scenario-summary.csv
Shutting down MSBuild server...
Shutting down VB/C# compiler server...
VB/C# compiler server shut down successfully.
MSBuild server shut down successfully.
BenchmarkRoot: C:\perf\repos\roslyn
RepositoryName: roslyn-b1-a1-N4
BuildPath: Compilers.slnf
TouchFileRelativePath: src\Compilers\Core\Portable\Diagnostic\Diagnostic.cs
DotNetPath: C:\perf\coordinator-bootstrap-staging\8fe6721c8d58-1F456A53A870\core\dotnet.exe
MSBuildDllPath: C:\perf\coordinator-bootstrap-staging\8fe6721c8d58-1F456A53A870\core\sdk\11.0.100-preview.7.26360.111\MSBuild.dll
WorkRoot: C:\w\rf
OutputRoot: C:\perf\results\node-count-clean-solution-20260804-175600\roslyn\block-001\attempt-01\N4\benchmark
Logical processors: 16
NodeBudget: 4
Slice: 0
Reservation: 0
PriorityAgingThreshold: 3
NormalBuildCount: 1
HighBuildCount: 0
Scenarios: no-coordinator
Starting no-coordinator-r1 (coordinator=False, high priority=Normal, /m:4)
[shutdown-no-coordinator-r1] C:\perf\coordinator-bootstrap-staging\8fe6721c8d58-1F456A53A870\core\dotnet.exe build-server shutdown
Shutting down MSBuild server...
Shutting down VB/C# compiler server...
VB/C# compiler server shut down successfully.
MSBuild server shut down successfully.
[shutdown-after-no-coordinator-r1] C:\perf\coordinator-bootstrap-staging\8fe6721c8d58-1F456A53A870\core\dotnet.exe build-server shutdown
Shutting down MSBuild server...
Shutting down VB/C# compiler server...
VB/C# compiler server shut down successfully.
MSBuild server shut down successfully.

[32;1mscenario      [0m[32;1m round[0m[32;1m useCoordinator[0m[32;1m highPriority[0m[32;1m nodeBudget[0m[32;1m slice[0m[32;1m reservation[0m[32;1m priorityAgingThreshold[0m[32;1m normalBuildCount[0m[32;1m h[0m
[32;1m              [0m[32;1m      [0m[32;1m               [0m[32;1m             [0m[32;1m           [0m[32;1m      [0m[32;1m            [0m[32;1m                       [0m[32;1m                 [0m[32;1m i[0m
[32;1m              [0m[32;1m      [0m[32;1m               [0m[32;1m             [0m[32;1m           [0m[32;1m      [0m[32;1m            [0m[32;1m                       [0m[32;1m                 [0m[32;1m g[0m
[32;1m              [0m[32;1m      [0m[32;1m               [0m[32;1m             [0m[32;1m           [0m[32;1m      [0m[32;1m            [0m[32;1m                       [0m[32;1m                 [0m[32;1m h[0m
[32;1m              [0m[32;1m      [0m[32;1m               [0m[32;1m             [0m[32;1m           [0m[32;1m      [0m[32;1m            [0m[32;1m                       [0m[32;1m                 [0m[32;1m B[0m
[32;1m              [0m[32;1m      [0m[32;1m               [0m[32;1m             [0m[32;1m           [0m[32;1m      [0m[32;1m            [0m[32;1m                       [0m[32;1m                 [0m[32;1m u[0m
[32;1m              [0m[32;1m      [0m[32;1m               [0m[32;1m             [0m[32;1m           [0m[32;1m      [0m[32;1m            [0m[32;1m                       [0m[32;1m                 [0m[32;1m i[0m
[32;1m              [0m[32;1m      [0m[32;1m               [0m[32;1m             [0m[32;1m           [0m[32;1m      [0m[32;1m            [0m[32;1m                       [0m[32;1m                 [0m[32;1m l[0m
[32;1m              [0m[32;1m      [0m[32;1m               [0m[32;1m             [0m[32;1m           [0m[32;1m      [0m[32;1m            [0m[32;1m                       [0m[32;1m                 [0m[32;1m d[0m
[32;1m              [0m[32;1m      [0m[32;1m               [0m[32;1m             [0m[32;1m           [0m[32;1m      [0m[32;1m            [0m[32;1m                       [0m[32;1m                 [0m[32;1m C[0m
[32;1m              [0m[32;1m      [0m[32;1m               [0m[32;1m             [0m[32;1m           [0m[32;1m      [0m[32;1m            [0m[32;1m                       [0m[32;1m                 [0m[32;1m o[0m
[32;1m              [0m[32;1m      [0m[32;1m               [0m[32;1m             [0m[32;1m           [0m[32;1m      [0m[32;1m            [0m[32;1m                       [0m[32;1m                 [0m[32;1m u[0m
[32;1m              [0m[32;1m      [0m[32;1m               [0m[32;1m             [0m[32;1m           [0m[32;1m      [0m[32;1m            [0m[32;1m                       [0m[32;1m                 [0m[32;1m n[0m
[32;1m              [0m[32;1m      [0m[32;1m               [0m[32;1m             [0m[32;1m           [0m[32;1m      [0m[32;1m            [0m[32;1m                       [0m[32;1m                 [0m[32;1m t[0m
[32;1m--------      [0m [32;1m-----[0m [32;1m--------------[0m [32;1m------------[0m [32;1m----------[0m [32;1m-----[0m [32;1m-----------[0m [32;1m----------------------[0m [32;1m----------------[0m [32;1m-[0m
no-coordinator     1          False Normal                4     0           0                      3                1 0

Summary CSV: C:\perf\results\node-count-clean-solution-20260804-175600\roslyn\block-001\attempt-01\N4\benchmark\scenario-summary.csv
HEAD is now at bc396b5e Revert "Update VSSDK to 18.9.496-Preview" (#84363)
BenchmarkRoot: C:\perf\repos\roslyn
RepositoryName: roslyn
BuildPath: Compilers.slnf
TouchFileRelativePath: src\Compilers\Core\Portable\Diagnostic\Diagnostic.cs
DotNetPath: C:\perf\coordinator-bootstrap-staging\8fe6721c8d58-1F456A53A870\core\dotnet.exe
MSBuildDllPath: C:\perf\coordinator-bootstrap-staging\8fe6721c8d58-1F456A53A870\core\sdk\11.0.100-preview.7.26360.111\MSBuild.dll
WorkRoot: C:\w\rf
OutputRoot: C:\perf\results\node-count-clean-solution-20260804-175600\roslyn\block-001\attempt-01\N16\setup
Logical processors: 16
NodeBudget: 16
Slice: 4
Reservation: 4
PriorityAgingThreshold: 3
NormalBuildCount: 1
HighBuildCount: 0
Scenarios: no-coordinator
[restore-normal1] C:\perf\coordinator-bootstrap-staging\8fe6721c8d58-1F456A53A870\core\dotnet.exe C:\perf\coordinator-bootstrap-staging\8fe6721c8d58-1F456A53A870\core\sdk\11.0.100-preview.7.26360.111\MSBuild.dll Compilers.slnf /t:Restore /v:q /nodeReuse:false /p:UseSharedCompilation=false
MSBuild version 18.10.0-dev.26373.1+8fe6721c8 for .NET
Summary CSV: C:\perf\results\node-count-clean-solution-20260804-175600\roslyn\block-001\attempt-01\N16\setup\scenario-summary.csv
Shutting down MSBuild server...
Shutting down VB/C# compiler server...
VB/C# compiler server shut down successfully.
MSBuild server shut down successfully.
BenchmarkRoot: C:\perf\repos\roslyn
RepositoryName: roslyn-b1-a1-N16
BuildPath: Compilers.slnf
TouchFileRelativePath: src\Compilers\Core\Portable\Diagnostic\Diagnostic.cs
DotNetPath: C:\perf\coordinator-bootstrap-staging\8fe6721c8d58-1F456A53A870\core\dotnet.exe
MSBuildDllPath: C:\perf\coordinator-bootstrap-staging\8fe6721c8d58-1F456A53A870\core\sdk\11.0.100-preview.7.26360.111\MSBuild.dll
WorkRoot: C:\w\rf
OutputRoot: C:\perf\results\node-count-clean-solution-20260804-175600\roslyn\block-001\attempt-01\N16\benchmark
Logical processors: 16
NodeBudget: 16
Slice: 0
Reservation: 0
PriorityAgingThreshold: 3
NormalBuildCount: 1
HighBuildCount: 0
Scenarios: no-coordinator
Starting no-coordinator-r1 (coordinator=False, high priority=Normal, /m:16)
[shutdown-no-coordinator-r1] C:\perf\coordinator-bootstrap-staging\8fe6721c8d58-1F456A53A870\core\dotnet.exe build-server shutdown
Shutting down MSBuild server...
Shutting down VB/C# compiler server...
VB/C# compiler server shut down successfully.
MSBuild server shut down successfully.
[shutdown-after-no-coordinator-r1] C:\perf\coordinator-bootstrap-staging\8fe6721c8d58-1F456A53A870\core\dotnet.exe build-server shutdown
Shutting down MSBuild server...
Shutting down VB/C# compiler server...
VB/C# compiler server shut down successfully.
MSBuild server shut down successfully.

[32;1mscenario      [0m[32;1m round[0m[32;1m useCoordinator[0m[32;1m highPriority[0m[32;1m nodeBudget[0m[32;1m slice[0m[32;1m reservation[0m[32;1m priorityAgingThreshold[0m[32;1m normalBuildCount[0m[32;1m h[0m
[32;1m              [0m[32;1m      [0m[32;1m               [0m[32;1m             [0m[32;1m           [0m[32;1m      [0m[32;1m            [0m[32;1m                       [0m[32;1m                 [0m[32;1m i[0m
[32;1m              [0m[32;1m      [0m[32;1m               [0m[32;1m             [0m[32;1m           [0m[32;1m      [0m[32;1m            [0m[32;1m                       [0m[32;1m                 [0m[32;1m g[0m
[32;1m              [0m[32;1m      [0m[32;1m               [0m[32;1m             [0m[32;1m           [0m[32;1m      [0m[32;1m            [0m[32;1m                       [0m[32;1m                 [0m[32;1m h[0m
[32;1m              [0m[32;1m      [0m[32;1m               [0m[32;1m             [0m[32;1m           [0m[32;1m      [0m[32;1m            [0m[32;1m                       [0m[32;1m                 [0m[32;1m B[0m
[32;1m              [0m[32;1m      [0m[32;1m               [0m[32;1m             [0m[32;1m           [0m[32;1m      [0m[32;1m            [0m[32;1m                       [0m[32;1m                 [0m[32;1m u[0m
[32;1m              [0m[32;1m      [0m[32;1m               [0m[32;1m             [0m[32;1m           [0m[32;1m      [0m[32;1m            [0m[32;1m                       [0m[32;1m                 [0m[32;1m i[0m
[32;1m              [0m[32;1m      [0m[32;1m               [0m[32;1m             [0m[32;1m           [0m[32;1m      [0m[32;1m            [0m[32;1m                       [0m[32;1m                 [0m[32;1m l[0m
[32;1m              [0m[32;1m      [0m[32;1m               [0m[32;1m             [0m[32;1m           [0m[32;1m      [0m[32;1m            [0m[32;1m                       [0m[32;1m                 [0m[32;1m d[0m
[32;1m              [0m[32;1m      [0m[32;1m               [0m[32;1m             [0m[32;1m           [0m[32;1m      [0m[32;1m            [0m[32;1m                       [0m[32;1m                 [0m[32;1m C[0m
[32;1m              [0m[32;1m      [0m[32;1m               [0m[32;1m             [0m[32;1m           [0m[32;1m      [0m[32;1m            [0m[32;1m                       [0m[32;1m                 [0m[32;1m o[0m
[32;1m              [0m[32;1m      [0m[32;1m               [0m[32;1m             [0m[32;1m           [0m[32;1m      [0m[32;1m            [0m[32;1m                       [0m[32;1m                 [0m[32;1m u[0m
[32;1m              [0m[32;1m      [0m[32;1m               [0m[32;1m             [0m[32;1m           [0m[32;1m      [0m[32;1m            [0m[32;1m                       [0m[32;1m                 [0m[32;1m n[0m
[32;1m              [0m[32;1m      [0m[32;1m               [0m[32;1m             [0m[32;1m           [0m[32;1m      [0m[32;1m            [0m[32;1m                       [0m[32;1m                 [0m[32;1m t[0m
[32;1m--------      [0m [32;1m-----[0m [32;1m--------------[0m [32;1m------------[0m [32;1m----------[0m [32;1m-----[0m [32;1m-----------[0m [32;1m----------------------[0m [32;1m----------------[0m [32;1m-[0m
no-coordinator     1          False Normal               16     0           0                      3                1 0

Summary CSV: C:\perf\results\node-count-clean-solution-20260804-175600\roslyn\block-001\attempt-01\N16\benchmark\scenario-summary.csv
HEAD is now at bc396b5e Revert "Update VSSDK to 18.9.496-Preview" (#84363)
BenchmarkRoot: C:\perf\repos\roslyn
RepositoryName: roslyn
BuildPath: Compilers.slnf
TouchFileRelativePath: src\Compilers\Core\Portable\Diagnostic\Diagnostic.cs
DotNetPath: C:\perf\coordinator-bootstrap-staging\8fe6721c8d58-1F456A53A870\core\dotnet.exe
MSBuildDllPath: C:\perf\coordinator-bootstrap-staging\8fe6721c8d58-1F456A53A870\core\sdk\11.0.100-preview.7.26360.111\MSBuild.dll
WorkRoot: C:\w\rf
OutputRoot: C:\perf\results\node-count-clean-solution-20260804-175600\roslyn\block-002\attempt-01\N4\setup
Logical processors: 16
NodeBudget: 4
Slice: 4
Reservation: 4
PriorityAgingThreshold: 3
NormalBuildCount: 1
HighBuildCount: 0
Scenarios: no-coordinator
[restore-normal1] C:\perf\coordinator-bootstrap-staging\8fe6721c8d58-1F456A53A870\core\dotnet.exe C:\perf\coordinator-bootstrap-staging\8fe6721c8d58-1F456A53A870\core\sdk\11.0.100-preview.7.26360.111\MSBuild.dll Compilers.slnf /t:Restore /v:q /nodeReuse:false /p:UseSharedCompilation=false
MSBuild version 18.10.0-dev.26373.1+8fe6721c8 for .NET
Summary CSV: C:\perf\results\node-count-clean-solution-20260804-175600\roslyn\block-002\attempt-01\N4\setup\scenario-summary.csv
Shutting down MSBuild server...
Shutting down VB/C# compiler server...
VB/C# compiler server shut down successfully.
MSBuild server shut down successfully.
BenchmarkRoot: C:\perf\repos\roslyn
RepositoryName: roslyn-b2-a1-N4
BuildPath: Compilers.slnf
TouchFileRelativePath: src\Compilers\Core\Portable\Diagnostic\Diagnostic.cs
DotNetPath: C:\perf\coordinator-bootstrap-staging\8fe6721c8d58-1F456A53A870\core\dotnet.exe
MSBuildDllPath: C:\perf\coordinator-bootstrap-staging\8fe6721c8d58-1F456A53A870\core\sdk\11.0.100-preview.7.26360.111\MSBuild.dll
WorkRoot: C:\w\rf
OutputRoot: C:\perf\results\node-count-clean-solution-20260804-175600\roslyn\block-002\attempt-01\N4\benchmark
Logical processors: 16
NodeBudget: 4
Slice: 0
Reservation: 0
PriorityAgingThreshold: 3
NormalBuildCount: 1
HighBuildCount: 0
Scenarios: no-coordinator
Starting no-coordinator-r1 (coordinator=False, high priority=Normal, /m:4)
[shutdown-no-coordinator-r1] C:\perf\coordinator-bootstrap-staging\8fe6721c8d58-1F456A53A870\core\dotnet.exe build-server shutdown
Shutting down MSBuild server...
Shutting down VB/C# compiler server...
VB/C# compiler server shut down successfully.
MSBuild server shut down successfully.
[shutdown-after-no-coordinator-r1] C:\perf\coordinator-bootstrap-staging\8fe6721c8d58-1F456A53A870\core\dotnet.exe build-server shutdown
Shutting down MSBuild server...
Shutting down VB/C# compiler server...
VB/C# compiler server shut down successfully.
MSBuild server shut down successfully.

[32;1mscenario      [0m[32;1m round[0m[32;1m useCoordinator[0m[32;1m highPriority[0m[32;1m nodeBudget[0m[32;1m slice[0m[32;1m reservation[0m[32;1m priorityAgingThreshold[0m[32;1m normalBuildCount[0m[32;1m h[0m
[32;1m              [0m[32;1m      [0m[32;1m               [0m[32;1m             [0m[32;1m           [0m[32;1m      [0m[32;1m            [0m[32;1m                       [0m[32;1m                 [0m[32;1m i[0m
[32;1m              [0m[32;1m      [0m[32;1m               [0m[32;1m             [0m[32;1m           [0m[32;1m      [0m[32;1m            [0m[32;1m                       [0m[32;1m                 [0m[32;1m g[0m
[32;1m              [0m[32;1m      [0m[32;1m               [0m[32;1m             [0m[32;1m           [0m[32;1m      [0m[32;1m            [0m[32;1m                       [0m[32;1m                 [0m[32;1m h[0m
[32;1m              [0m[32;1m      [0m[32;1m               [0m[32;1m             [0m[32;1m           [0m[32;1m      [0m[32;1m            [0m[32;1m                       [0m[32;1m                 [0m[32;1m B[0m
[32;1m              [0m[32;1m      [0m[32;1m               [0m[32;1m             [0m[32;1m           [0m[32;1m      [0m[32;1m            [0m[32;1m                       [0m[32;1m                 [0m[32;1m u[0m
[32;1m              [0m[32;1m      [0m[32;1m               [0m[32;1m             [0m[32;1m           [0m[32;1m      [0m[32;1m            [0m[32;1m                       [0m[32;1m                 [0m[32;1m i[0m
[32;1m              [0m[32;1m      [0m[32;1m               [0m[32;1m             [0m[32;1m           [0m[32;1m      [0m[32;1m            [0m[32;1m                       [0m[32;1m                 [0m[32;1m l[0m
[32;1m              [0m[32;1m      [0m[32;1m               [0m[32;1m             [0m[32;1m           [0m[32;1m      [0m[32;1m            [0m[32;1m                       [0m[32;1m                 [0m[32;1m d[0m
[32;1m              [0m[32;1m      [0m[32;1m               [0m[32;1m             [0m[32;1m           [0m[32;1m      [0m[32;1m            [0m[32;1m                       [0m[32;1m                 [0m[32;1m C[0m
[32;1m              [0m[32;1m      [0m[32;1m               [0m[32;1m             [0m[32;1m           [0m[32;1m      [0m[32;1m            [0m[32;1m                       [0m[32;1m                 [0m[32;1m o[0m
[32;1m              [0m[32;1m      [0m[32;1m               [0m[32;1m             [0m[32;1m           [0m[32;1m      [0m[32;1m            [0m[32;1m                       [0m[32;1m                 [0m[32;1m u[0m
[32;1m              [0m[32;1m      [0m[32;1m               [0m[32;1m             [0m[32;1m           [0m[32;1m      [0m[32;1m            [0m[32;1m                       [0m[32;1m                 [0m[32;1m n[0m
[32;1m              [0m[32;1m      [0m[32;1m               [0m[32;1m             [0m[32;1m           [0m[32;1m      [0m[32;1m            [0m[32;1m                       [0m[32;1m                 [0m[32;1m t[0m
[32;1m--------      [0m [32;1m-----[0m [32;1m--------------[0m [32;1m------------[0m [32;1m----------[0m [32;1m-----[0m [32;1m-----------[0m [32;1m----------------------[0m [32;1m----------------[0m [32;1m-[0m
no-coordinator     1          False Normal                4     0           0                      3                1 0

Summary CSV: C:\perf\results\node-count-clean-solution-20260804-175600\roslyn\block-002\attempt-01\N4\benchmark\scenario-summary.csv
HEAD is now at bc396b5e Revert "Update VSSDK to 18.9.496-Preview" (#84363)
BenchmarkRoot: C:\perf\repos\roslyn
RepositoryName: roslyn
BuildPath: Compilers.slnf
TouchFileRelativePath: src\Compilers\Core\Portable\Diagnostic\Diagnostic.cs
DotNetPath: C:\perf\coordinator-bootstrap-staging\8fe6721c8d58-1F456A53A870\core\dotnet.exe
MSBuildDllPath: C:\perf\coordinator-bootstrap-staging\8fe6721c8d58-1F456A53A870\core\sdk\11.0.100-preview.7.26360.111\MSBuild.dll
WorkRoot: C:\w\rf
OutputRoot: C:\perf\results\node-count-clean-solution-20260804-175600\roslyn\block-002\attempt-01\N8\setup
Logical processors: 16
NodeBudget: 8
Slice: 4
Reservation: 4
PriorityAgingThreshold: 3
NormalBuildCount: 1
HighBuildCount: 0
Scenarios: no-coordinator
[restore-normal1] C:\perf\coordinator-bootstrap-staging\8fe6721c8d58-1F456A53A870\core\dotnet.exe C:\perf\coordinator-bootstrap-staging\8fe6721c8d58-1F456A53A870\core\sdk\11.0.100-preview.7.26360.111\MSBuild.dll Compilers.slnf /t:Restore /v:q /nodeReuse:false /p:UseSharedCompilation=false
MSBuild version 18.10.0-dev.26373.1+8fe6721c8 for .NET
Summary CSV: C:\perf\results\node-count-clean-solution-20260804-175600\roslyn\block-002\attempt-01\N8\setup\scenario-summary.csv
Shutting down MSBuild server...
Shutting down VB/C# compiler server...
VB/C# compiler server shut down successfully.
MSBuild server shut down successfully.
BenchmarkRoot: C:\perf\repos\roslyn
RepositoryName: roslyn-b2-a1-N8
BuildPath: Compilers.slnf
TouchFileRelativePath: src\Compilers\Core\Portable\Diagnostic\Diagnostic.cs
DotNetPath: C:\perf\coordinator-bootstrap-staging\8fe6721c8d58-1F456A53A870\core\dotnet.exe
MSBuildDllPath: C:\perf\coordinator-bootstrap-staging\8fe6721c8d58-1F456A53A870\core\sdk\11.0.100-preview.7.26360.111\MSBuild.dll
WorkRoot: C:\w\rf
OutputRoot: C:\perf\results\node-count-clean-solution-20260804-175600\roslyn\block-002\attempt-01\N8\benchmark
Logical processors: 16
NodeBudget: 8
Slice: 0
Reservation: 0
PriorityAgingThreshold: 3
NormalBuildCount: 1
HighBuildCount: 0
Scenarios: no-coordinator
Starting no-coordinator-r1 (coordinator=False, high priority=Normal, /m:8)
[shutdown-no-coordinator-r1] C:\perf\coordinator-bootstrap-staging\8fe6721c8d58-1F456A53A870\core\dotnet.exe build-server shutdown
Shutting down MSBuild server...
Shutting down VB/C# compiler server...
VB/C# compiler server shut down successfully.
MSBuild server shut down successfully.
[shutdown-after-no-coordinator-r1] C:\perf\coordinator-bootstrap-staging\8fe6721c8d58-1F456A53A870\core\dotnet.exe build-server shutdown
Shutting down MSBuild server...
Shutting down VB/C# compiler server...
VB/C# compiler server shut down successfully.
MSBuild server shut down successfully.

[32;1mscenario      [0m[32;1m round[0m[32;1m useCoordinator[0m[32;1m highPriority[0m[32;1m nodeBudget[0m[32;1m slice[0m[32;1m reservation[0m[32;1m priorityAgingThreshold[0m[32;1m normalBuildCount[0m[32;1m h[0m
[32;1m              [0m[32;1m      [0m[32;1m               [0m[32;1m             [0m[32;1m           [0m[32;1m      [0m[32;1m            [0m[32;1m                       [0m[32;1m                 [0m[32;1m i[0m
[32;1m              [0m[32;1m      [0m[32;1m               [0m[32;1m             [0m[32;1m           [0m[32;1m      [0m[32;1m            [0m[32;1m                       [0m[32;1m                 [0m[32;1m g[0m
[32;1m              [0m[32;1m      [0m[32;1m               [0m[32;1m             [0m[32;1m           [0m[32;1m      [0m[32;1m            [0m[32;1m                       [0m[32;1m                 [0m[32;1m h[0m
[32;1m              [0m[32;1m      [0m[32;1m               [0m[32;1m             [0m[32;1m           [0m[32;1m      [0m[32;1m            [0m[32;1m                       [0m[32;1m                 [0m[32;1m B[0m
[32;1m              [0m[32;1m      [0m[32;1m               [0m[32;1m             [0m[32;1m           [0m[32;1m      [0m[32;1m            [0m[32;1m                       [0m[32;1m                 [0m[32;1m u[0m
[32;1m              [0m[32;1m      [0m[32;1m               [0m[32;1m             [0m[32;1m           [0m[32;1m      [0m[32;1m            [0m[32;1m                       [0m[32;1m                 [0m[32;1m i[0m
[32;1m              [0m[32;1m      [0m[32;1m               [0m[32;1m             [0m[32;1m           [0m[32;1m      [0m[32;1m            [0m[32;1m                       [0m[32;1m                 [0m[32;1m l[0m
[32;1m              [0m[32;1m      [0m[32;1m               [0m[32;1m             [0m[32;1m           [0m[32;1m      [0m[32;1m            [0m[32;1m                       [0m[32;1m                 [0m[32;1m d[0m
[32;1m              [0m[32;1m      [0m[32;1m               [0m[32;1m             [0m[32;1m           [0m[32;1m      [0m[32;1m            [0m[32;1m                       [0m[32;1m                 [0m[32;1m C[0m
[32;1m              [0m[32;1m      [0m[32;1m               [0m[32;1m             [0m[32;1m           [0m[32;1m      [0m[32;1m            [0m[32;1m                       [0m[32;1m                 [0m[32;1m o[0m
[32;1m              [0m[32;1m      [0m[32;1m               [0m[32;1m             [0m[32;1m           [0m[32;1m      [0m[32;1m            [0m[32;1m                       [0m[32;1m                 [0m[32;1m u[0m
[32;1m              [0m[32;1m      [0m[32;1m               [0m[32;1m             [0m[32;1m           [0m[32;1m      [0m[32;1m            [0m[32;1m                       [0m[32;1m                 [0m[32;1m n[0m
[32;1m              [0m[32;1m      [0m[32;1m               [0m[32;1m             [0m[32;1m           [0m[32;1m      [0m[32;1m            [0m[32;1m                       [0m[32;1m                 [0m[32;1m t[0m
[32;1m--------      [0m [32;1m-----[0m [32;1m--------------[0m [32;1m------------[0m [32;1m----------[0m [32;1m-----[0m [32;1m-----------[0m [32;1m----------------------[0m [32;1m----------------[0m [32;1m-[0m
no-coordinator     1          False Normal                8     0           0                      3                1 0

Summary CSV: C:\perf\results\node-count-clean-solution-20260804-175600\roslyn\block-002\attempt-01\N8\benchmark\scenario-summary.csv
[33;1mWARNING: N8: 1 system-counter timestamp gap(s) exceeded the 5 second warning threshold; maximum 6.378 seconds.[0m
HEAD is now at bc396b5e Revert "Update VSSDK to 18.9.496-Preview" (#84363)
BenchmarkRoot: C:\perf\repos\roslyn
RepositoryName: roslyn
BuildPath: Compilers.slnf
TouchFileRelativePath: src\Compilers\Core\Portable\Diagnostic\Diagnostic.cs
DotNetPath: C:\perf\coordinator-bootstrap-staging\8fe6721c8d58-1F456A53A870\core\dotnet.exe
MSBuildDllPath: C:\perf\coordinator-bootstrap-staging\8fe6721c8d58-1F456A53A870\core\sdk\11.0.100-preview.7.26360.111\MSBuild.dll
WorkRoot: C:\w\rf
OutputRoot: C:\perf\results\node-count-clean-solution-20260804-175600\roslyn\block-002\attempt-01\N16\setup
Logical processors: 16
NodeBudget: 16
Slice: 4
Reservation: 4
PriorityAgingThreshold: 3
NormalBuildCount: 1
HighBuildCount: 0
Scenarios: no-coordinator
[restore-normal1] C:\perf\coordinator-bootstrap-staging\8fe6721c8d58-1F456A53A870\core\dotnet.exe C:\perf\coordinator-bootstrap-staging\8fe6721c8d58-1F456A53A870\core\sdk\11.0.100-preview.7.26360.111\MSBuild.dll Compilers.slnf /t:Restore /v:q /nodeReuse:false /p:UseSharedCompilation=false
MSBuild version 18.10.0-dev.26373.1+8fe6721c8 for .NET
Summary CSV: C:\perf\results\node-count-clean-solution-20260804-175600\roslyn\block-002\attempt-01\N16\setup\scenario-summary.csv
Shutting down MSBuild server...
Shutting down VB/C# compiler server...
VB/C# compiler server shut down successfully.
MSBuild server shut down successfully.
BenchmarkRoot: C:\perf\repos\roslyn
RepositoryName: roslyn-b2-a1-N16
BuildPath: Compilers.slnf
TouchFileRelativePath: src\Compilers\Core\Portable\Diagnostic\Diagnostic.cs
DotNetPath: C:\perf\coordinator-bootstrap-staging\8fe6721c8d58-1F456A53A870\core\dotnet.exe
MSBuildDllPath: C:\perf\coordinator-bootstrap-staging\8fe6721c8d58-1F456A53A870\core\sdk\11.0.100-preview.7.26360.111\MSBuild.dll
WorkRoot: C:\w\rf
OutputRoot: C:\perf\results\node-count-clean-solution-20260804-175600\roslyn\block-002\attempt-01\N16\benchmark
Logical processors: 16
NodeBudget: 16
Slice: 0
Reservation: 0
PriorityAgingThreshold: 3
NormalBuildCount: 1
HighBuildCount: 0
Scenarios: no-coordinator
Starting no-coordinator-r1 (coordinator=False, high priority=Normal, /m:16)
[shutdown-no-coordinator-r1] C:\perf\coordinator-bootstrap-staging\8fe6721c8d58-1F456A53A870\core\dotnet.exe build-server shutdown
Shutting down MSBuild server...
Shutting down VB/C# compiler server...
VB/C# compiler server shut down successfully.
MSBuild server shut down successfully.
[shutdown-after-no-coordinator-r1] C:\perf\coordinator-bootstrap-staging\8fe6721c8d58-1F456A53A870\core\dotnet.exe build-server shutdown
Shutting down MSBuild server...
Shutting down VB/C# compiler server...
VB/C# compiler server shut down successfully.
MSBuild server shut down successfully.

[32;1mscenario      [0m[32;1m round[0m[32;1m useCoordinator[0m[32;1m highPriority[0m[32;1m nodeBudget[0m[32;1m slice[0m[32;1m reservation[0m[32;1m priorityAgingThreshold[0m[32;1m normalBuildCount[0m[32;1m h[0m
[32;1m              [0m[32;1m      [0m[32;1m               [0m[32;1m             [0m[32;1m           [0m[32;1m      [0m[32;1m            [0m[32;1m                       [0m[32;1m                 [0m[32;1m i[0m
[32;1m              [0m[32;1m      [0m[32;1m               [0m[32;1m             [0m[32;1m           [0m[32;1m      [0m[32;1m            [0m[32;1m                       [0m[32;1m                 [0m[32;1m g[0m
[32;1m              [0m[32;1m      [0m[32;1m               [0m[32;1m             [0m[32;1m           [0m[32;1m      [0m[32;1m            [0m[32;1m                       [0m[32;1m                 [0m[32;1m h[0m
[32;1m              [0m[32;1m      [0m[32;1m               [0m[32;1m             [0m[32;1m           [0m[32;1m      [0m[32;1m            [0m[32;1m                       [0m[32;1m                 [0m[32;1m B[0m
[32;1m              [0m[32;1m      [0m[32;1m               [0m[32;1m             [0m[32;1m           [0m[32;1m      [0m[32;1m            [0m[32;1m                       [0m[32;1m                 [0m[32;1m u[0m
[32;1m              [0m[32;1m      [0m[32;1m               [0m[32;1m             [0m[32;1m           [0m[32;1m      [0m[32;1m            [0m[32;1m                       [0m[32;1m                 [0m[32;1m i[0m
[32;1m              [0m[32;1m      [0m[32;1m               [0m[32;1m             [0m[32;1m           [0m[32;1m      [0m[32;1m            [0m[32;1m                       [0m[32;1m                 [0m[32;1m l[0m
[32;1m              [0m[32;1m      [0m[32;1m               [0m[32;1m             [0m[32;1m           [0m[32;1m      [0m[32;1m            [0m[32;1m                       [0m[32;1m                 [0m[32;1m d[0m
[32;1m              [0m[32;1m      [0m[32;1m               [0m[32;1m             [0m[32;1m           [0m[32;1m      [0m[32;1m            [0m[32;1m                       [0m[32;1m                 [0m[32;1m C[0m
[32;1m              [0m[32;1m      [0m[32;1m               [0m[32;1m             [0m[32;1m           [0m[32;1m      [0m[32;1m            [0m[32;1m                       [0m[32;1m                 [0m[32;1m o[0m
[32;1m              [0m[32;1m      [0m[32;1m               [0m[32;1m             [0m[32;1m           [0m[32;1m      [0m[32;1m            [0m[32;1m                       [0m[32;1m                 [0m[32;1m u[0m
[32;1m              [0m[32;1m      [0m[32;1m               [0m[32;1m             [0m[32;1m           [0m[32;1m      [0m[32;1m            [0m[32;1m                       [0m[32;1m                 [0m[32;1m n[0m
[32;1m              [0m[32;1m      [0m[32;1m               [0m[32;1m             [0m[32;1m           [0m[32;1m      [0m[32;1m            [0m[32;1m                       [0m[32;1m                 [0m[32;1m t[0m
[32;1m--------      [0m [32;1m-----[0m [32;1m--------------[0m [32;1m------------[0m [32;1m----------[0m [32;1m-----[0m [32;1m-----------[0m [32;1m----------------------[0m [32;1m----------------[0m [32;1m-[0m
no-coordinator     1          False Normal               16     0           0                      3                1 0

Summary CSV: C:\perf\results\node-count-clean-solution-20260804-175600\roslyn\block-002\attempt-01\N16\benchmark\scenario-summary.csv
HEAD is now at bc396b5e Revert "Update VSSDK to 18.9.496-Preview" (#84363)
BenchmarkRoot: C:\perf\repos\roslyn
RepositoryName: roslyn
BuildPath: Compilers.slnf
TouchFileRelativePath: src\Compilers\Core\Portable\Diagnostic\Diagnostic.cs
DotNetPath: C:\perf\coordinator-bootstrap-staging\8fe6721c8d58-1F456A53A870\core\dotnet.exe
MSBuildDllPath: C:\perf\coordinator-bootstrap-staging\8fe6721c8d58-1F456A53A870\core\sdk\11.0.100-preview.7.26360.111\MSBuild.dll
WorkRoot: C:\w\rf
OutputRoot: C:\perf\results\node-count-clean-solution-20260804-175600\roslyn\block-003\attempt-01\N8\setup
Logical processors: 16
NodeBudget: 8
Slice: 4
Reservation: 4
PriorityAgingThreshold: 3
NormalBuildCount: 1
HighBuildCount: 0
Scenarios: no-coordinator
[restore-normal1] C:\perf\coordinator-bootstrap-staging\8fe6721c8d58-1F456A53A870\core\dotnet.exe C:\perf\coordinator-bootstrap-staging\8fe6721c8d58-1F456A53A870\core\sdk\11.0.100-preview.7.26360.111\MSBuild.dll Compilers.slnf /t:Restore /v:q /nodeReuse:false /p:UseSharedCompilation=false
MSBuild version 18.10.0-dev.26373.1+8fe6721c8 for .NET
Summary CSV: C:\perf\results\node-count-clean-solution-20260804-175600\roslyn\block-003\attempt-01\N8\setup\scenario-summary.csv
Shutting down MSBuild server...
Shutting down VB/C# compiler server...
MSBuild server shut down successfully.
VB/C# compiler server shut down successfully.
BenchmarkRoot: C:\perf\repos\roslyn
RepositoryName: roslyn-b3-a1-N8
BuildPath: Compilers.slnf
TouchFileRelativePath: src\Compilers\Core\Portable\Diagnostic\Diagnostic.cs
DotNetPath: C:\perf\coordinator-bootstrap-staging\8fe6721c8d58-1F456A53A870\core\dotnet.exe
MSBuildDllPath: C:\perf\coordinator-bootstrap-staging\8fe6721c8d58-1F456A53A870\core\sdk\11.0.100-preview.7.26360.111\MSBuild.dll
WorkRoot: C:\w\rf
OutputRoot: C:\perf\results\node-count-clean-solution-20260804-175600\roslyn\block-003\attempt-01\N8\benchmark
Logical processors: 16
NodeBudget: 8
Slice: 0
Reservation: 0
PriorityAgingThreshold: 3
NormalBuildCount: 1
HighBuildCount: 0
Scenarios: no-coordinator
Starting no-coordinator-r1 (coordinator=False, high priority=Normal, /m:8)
[shutdown-no-coordinator-r1] C:\perf\coordinator-bootstrap-staging\8fe6721c8d58-1F456A53A870\core\dotnet.exe build-server shutdown
Shutting down MSBuild server...
Shutting down VB/C# compiler server...
VB/C# compiler server shut down successfully.
MSBuild server shut down successfully.
[shutdown-after-no-coordinator-r1] C:\perf\coordinator-bootstrap-staging\8fe6721c8d58-1F456A53A870\core\dotnet.exe build-server shutdown
Shutting down MSBuild server...
Shutting down VB/C# compiler server...
VB/C# compiler server shut down successfully.
MSBuild server shut down successfully.

[32;1mscenario      [0m[32;1m round[0m[32;1m useCoordinator[0m[32;1m highPriority[0m[32;1m nodeBudget[0m[32;1m slice[0m[32;1m reservation[0m[32;1m priorityAgingThreshold[0m[32;1m normalBuildCount[0m[32;1m h[0m
[32;1m              [0m[32;1m      [0m[32;1m               [0m[32;1m             [0m[32;1m           [0m[32;1m      [0m[32;1m            [0m[32;1m                       [0m[32;1m                 [0m[32;1m i[0m
[32;1m              [0m[32;1m      [0m[32;1m               [0m[32;1m             [0m[32;1m           [0m[32;1m      [0m[32;1m            [0m[32;1m                       [0m[32;1m                 [0m[32;1m g[0m
[32;1m              [0m[32;1m      [0m[32;1m               [0m[32;1m             [0m[32;1m           [0m[32;1m      [0m[32;1m            [0m[32;1m                       [0m[32;1m                 [0m[32;1m h[0m
[32;1m              [0m[32;1m      [0m[32;1m               [0m[32;1m             [0m[32;1m           [0m[32;1m      [0m[32;1m            [0m[32;1m                       [0m[32;1m                 [0m[32;1m B[0m
[32;1m              [0m[32;1m      [0m[32;1m               [0m[32;1m             [0m[32;1m           [0m[32;1m      [0m[32;1m            [0m[32;1m                       [0m[32;1m                 [0m[32;1m u[0m
[32;1m              [0m[32;1m      [0m[32;1m               [0m[32;1m             [0m[32;1m           [0m[32;1m      [0m[32;1m            [0m[32;1m                       [0m[32;1m                 [0m[32;1m i[0m
[32;1m              [0m[32;1m      [0m[32;1m               [0m[32;1m             [0m[32;1m           [0m[32;1m      [0m[32;1m            [0m[32;1m                       [0m[32;1m                 [0m[32;1m l[0m
[32;1m              [0m[32;1m      [0m[32;1m               [0m[32;1m             [0m[32;1m           [0m[32;1m      [0m[32;1m            [0m[32;1m                       [0m[32;1m                 [0m[32;1m d[0m
[32;1m              [0m[32;1m      [0m[32;1m               [0m[32;1m             [0m[32;1m           [0m[32;1m      [0m[32;1m            [0m[32;1m                       [0m[32;1m                 [0m[32;1m C[0m
[32;1m              [0m[32;1m      [0m[32;1m               [0m[32;1m             [0m[32;1m           [0m[32;1m      [0m[32;1m            [0m[32;1m                       [0m[32;1m                 [0m[32;1m o[0m
[32;1m              [0m[32;1m      [0m[32;1m               [0m[32;1m             [0m[32;1m           [0m[32;1m      [0m[32;1m            [0m[32;1m                       [0m[32;1m                 [0m[32;1m u[0m
[32;1m              [0m[32;1m      [0m[32;1m               [0m[32;1m             [0m[32;1m           [0m[32;1m      [0m[32;1m            [0m[32;1m                       [0m[32;1m                 [0m[32;1m n[0m
[32;1m              [0m[32;1m      [0m[32;1m               [0m[32;1m             [0m[32;1m           [0m[32;1m      [0m[32;1m            [0m[32;1m                       [0m[32;1m                 [0m[32;1m t[0m
[32;1m--------      [0m [32;1m-----[0m [32;1m--------------[0m [32;1m------------[0m [32;1m----------[0m [32;1m-----[0m [32;1m-----------[0m [32;1m----------------------[0m [32;1m----------------[0m [32;1m-[0m
no-coordinator     1          False Normal                8     0           0                      3                1 0

Summary CSV: C:\perf\results\node-count-clean-solution-20260804-175600\roslyn\block-003\attempt-01\N8\benchmark\scenario-summary.csv
HEAD is now at bc396b5e Revert "Update VSSDK to 18.9.496-Preview" (#84363)
BenchmarkRoot: C:\perf\repos\roslyn
RepositoryName: roslyn
BuildPath: Compilers.slnf
TouchFileRelativePath: src\Compilers\Core\Portable\Diagnostic\Diagnostic.cs
DotNetPath: C:\perf\coordinator-bootstrap-staging\8fe6721c8d58-1F456A53A870\core\dotnet.exe
MSBuildDllPath: C:\perf\coordinator-bootstrap-staging\8fe6721c8d58-1F456A53A870\core\sdk\11.0.100-preview.7.26360.111\MSBuild.dll
WorkRoot: C:\w\rf
OutputRoot: C:\perf\results\node-count-clean-solution-20260804-175600\roslyn\block-003\attempt-01\N16\setup
Logical processors: 16
NodeBudget: 16
Slice: 4
Reservation: 4
PriorityAgingThreshold: 3
NormalBuildCount: 1
HighBuildCount: 0
Scenarios: no-coordinator
[restore-normal1] C:\perf\coordinator-bootstrap-staging\8fe6721c8d58-1F456A53A870\core\dotnet.exe C:\perf\coordinator-bootstrap-staging\8fe6721c8d58-1F456A53A870\core\sdk\11.0.100-preview.7.26360.111\MSBuild.dll Compilers.slnf /t:Restore /v:q /nodeReuse:false /p:UseSharedCompilation=false
MSBuild version 18.10.0-dev.26373.1+8fe6721c8 for .NET
Summary CSV: C:\perf\results\node-count-clean-solution-20260804-175600\roslyn\block-003\attempt-01\N16\setup\scenario-summary.csv
Shutting down MSBuild server...
Shutting down VB/C# compiler server...
VB/C# compiler server shut down successfully.
MSBuild server shut down successfully.
BenchmarkRoot: C:\perf\repos\roslyn
RepositoryName: roslyn-b3-a1-N16
BuildPath: Compilers.slnf
TouchFileRelativePath: src\Compilers\Core\Portable\Diagnostic\Diagnostic.cs
DotNetPath: C:\perf\coordinator-bootstrap-staging\8fe6721c8d58-1F456A53A870\core\dotnet.exe
MSBuildDllPath: C:\perf\coordinator-bootstrap-staging\8fe6721c8d58-1F456A53A870\core\sdk\11.0.100-preview.7.26360.111\MSBuild.dll
WorkRoot: C:\w\rf
OutputRoot: C:\perf\results\node-count-clean-solution-20260804-175600\roslyn\block-003\attempt-01\N16\benchmark
Logical processors: 16
NodeBudget: 16
Slice: 0
Reservation: 0
PriorityAgingThreshold: 3
NormalBuildCount: 1
HighBuildCount: 0
Scenarios: no-coordinator
Starting no-coordinator-r1 (coordinator=False, high priority=Normal, /m:16)
[shutdown-no-coordinator-r1] C:\perf\coordinator-bootstrap-staging\8fe6721c8d58-1F456A53A870\core\dotnet.exe build-server shutdown
Shutting down MSBuild server...
Shutting down VB/C# compiler server...
VB/C# compiler server shut down successfully.
MSBuild server shut down successfully.
[shutdown-after-no-coordinator-r1] C:\perf\coordinator-bootstrap-staging\8fe6721c8d58-1F456A53A870\core\dotnet.exe build-server shutdown
Shutting down MSBuild server...
Shutting down VB/C# compiler server...
MSBuild server shut down successfully.
VB/C# compiler server shut down successfully.

[32;1mscenario      [0m[32;1m round[0m[32;1m useCoordinator[0m[32;1m highPriority[0m[32;1m nodeBudget[0m[32;1m slice[0m[32;1m reservation[0m[32;1m priorityAgingThreshold[0m[32;1m normalBuildCount[0m[32;1m h[0m
[32;1m              [0m[32;1m      [0m[32;1m               [0m[32;1m             [0m[32;1m           [0m[32;1m      [0m[32;1m            [0m[32;1m                       [0m[32;1m                 [0m[32;1m i[0m
[32;1m              [0m[32;1m      [0m[32;1m               [0m[32;1m             [0m[32;1m           [0m[32;1m      [0m[32;1m            [0m[32;1m                       [0m[32;1m                 [0m[32;1m g[0m
[32;1m              [0m[32;1m      [0m[32;1m               [0m[32;1m             [0m[32;1m           [0m[32;1m      [0m[32;1m            [0m[32;1m                       [0m[32;1m                 [0m[32;1m h[0m
[32;1m              [0m[32;1m      [0m[32;1m               [0m[32;1m             [0m[32;1m           [0m[32;1m      [0m[32;1m            [0m[32;1m                       [0m[32;1m                 [0m[32;1m B[0m
[32;1m              [0m[32;1m      [0m[32;1m               [0m[32;1m             [0m[32;1m           [0m[32;1m      [0m[32;1m            [0m[32;1m                       [0m[32;1m                 [0m[32;1m u[0m
[32;1m              [0m[32;1m      [0m[32;1m               [0m[32;1m             [0m[32;1m           [0m[32;1m      [0m[32;1m            [0m[32;1m                       [0m[32;1m                 [0m[32;1m i[0m
[32;1m              [0m[32;1m      [0m[32;1m               [0m[32;1m             [0m[32;1m           [0m[32;1m      [0m[32;1m            [0m[32;1m                       [0m[32;1m                 [0m[32;1m l[0m
[32;1m              [0m[32;1m      [0m[32;1m               [0m[32;1m             [0m[32;1m           [0m[32;1m      [0m[32;1m            [0m[32;1m                       [0m[32;1m                 [0m[32;1m d[0m
[32;1m              [0m[32;1m      [0m[32;1m               [0m[32;1m             [0m[32;1m           [0m[32;1m      [0m[32;1m            [0m[32;1m                       [0m[32;1m                 [0m[32;1m C[0m
[32;1m              [0m[32;1m      [0m[32;1m               [0m[32;1m             [0m[32;1m           [0m[32;1m      [0m[32;1m            [0m[32;1m                       [0m[32;1m                 [0m[32;1m o[0m
[32;1m              [0m[32;1m      [0m[32;1m               [0m[32;1m             [0m[32;1m           [0m[32;1m      [0m[32;1m            [0m[32;1m                       [0m[32;1m                 [0m[32;1m u[0m
[32;1m              [0m[32;1m      [0m[32;1m               [0m[32;1m             [0m[32;1m           [0m[32;1m      [0m[32;1m            [0m[32;1m                       [0m[32;1m                 [0m[32;1m n[0m
[32;1m              [0m[32;1m      [0m[32;1m               [0m[32;1m             [0m[32;1m           [0m[32;1m      [0m[32;1m            [0m[32;1m                       [0m[32;1m                 [0m[32;1m t[0m
[32;1m--------      [0m [32;1m-----[0m [32;1m--------------[0m [32;1m------------[0m [32;1m----------[0m [32;1m-----[0m [32;1m-----------[0m [32;1m----------------------[0m [32;1m----------------[0m [32;1m-[0m
no-coordinator     1          False Normal               16     0           0                      3                1 0

Summary CSV: C:\perf\results\node-count-clean-solution-20260804-175600\roslyn\block-003\attempt-01\N16\benchmark\scenario-summary.csv
HEAD is now at bc396b5e Revert "Update VSSDK to 18.9.496-Preview" (#84363)
BenchmarkRoot: C:\perf\repos\roslyn
RepositoryName: roslyn
BuildPath: Compilers.slnf
TouchFileRelativePath: src\Compilers\Core\Portable\Diagnostic\Diagnostic.cs
DotNetPath: C:\perf\coordinator-bootstrap-staging\8fe6721c8d58-1F456A53A870\core\dotnet.exe
MSBuildDllPath: C:\perf\coordinator-bootstrap-staging\8fe6721c8d58-1F456A53A870\core\sdk\11.0.100-preview.7.26360.111\MSBuild.dll
WorkRoot: C:\w\rf
OutputRoot: C:\perf\results\node-count-clean-solution-20260804-175600\roslyn\block-003\attempt-01\N4\setup
Logical processors: 16
NodeBudget: 4
Slice: 4
Reservation: 4
PriorityAgingThreshold: 3
NormalBuildCount: 1
HighBuildCount: 0
Scenarios: no-coordinator
[restore-normal1] C:\perf\coordinator-bootstrap-staging\8fe6721c8d58-1F456A53A870\core\dotnet.exe C:\perf\coordinator-bootstrap-staging\8fe6721c8d58-1F456A53A870\core\sdk\11.0.100-preview.7.26360.111\MSBuild.dll Compilers.slnf /t:Restore /v:q /nodeReuse:false /p:UseSharedCompilation=false
MSBuild version 18.10.0-dev.26373.1+8fe6721c8 for .NET
Summary CSV: C:\perf\results\node-count-clean-solution-20260804-175600\roslyn\block-003\attempt-01\N4\setup\scenario-summary.csv
Shutting down MSBuild server...
Shutting down VB/C# compiler server...
VB/C# compiler server shut down successfully.
MSBuild server shut down successfully.
BenchmarkRoot: C:\perf\repos\roslyn
RepositoryName: roslyn-b3-a1-N4
BuildPath: Compilers.slnf
TouchFileRelativePath: src\Compilers\Core\Portable\Diagnostic\Diagnostic.cs
DotNetPath: C:\perf\coordinator-bootstrap-staging\8fe6721c8d58-1F456A53A870\core\dotnet.exe
MSBuildDllPath: C:\perf\coordinator-bootstrap-staging\8fe6721c8d58-1F456A53A870\core\sdk\11.0.100-preview.7.26360.111\MSBuild.dll
WorkRoot: C:\w\rf
OutputRoot: C:\perf\results\node-count-clean-solution-20260804-175600\roslyn\block-003\attempt-01\N4\benchmark
Logical processors: 16
NodeBudget: 4
Slice: 0
Reservation: 0
PriorityAgingThreshold: 3
NormalBuildCount: 1
HighBuildCount: 0
Scenarios: no-coordinator
Starting no-coordinator-r1 (coordinator=False, high priority=Normal, /m:4)
[shutdown-no-coordinator-r1] C:\perf\coordinator-bootstrap-staging\8fe6721c8d58-1F456A53A870\core\dotnet.exe build-server shutdown
Shutting down MSBuild server...
Shutting down VB/C# compiler server...
VB/C# compiler server shut down successfully.
MSBuild server shut down successfully.
[shutdown-after-no-coordinator-r1] C:\perf\coordinator-bootstrap-staging\8fe6721c8d58-1F456A53A870\core\dotnet.exe build-server shutdown
Shutting down MSBuild server...
Shutting down VB/C# compiler server...
VB/C# compiler server shut down successfully.
MSBuild server shut down successfully.

[32;1mscenario      [0m[32;1m round[0m[32;1m useCoordinator[0m[32;1m highPriority[0m[32;1m nodeBudget[0m[32;1m slice[0m[32;1m reservation[0m[32;1m priorityAgingThreshold[0m[32;1m normalBuildCount[0m[32;1m h[0m
[32;1m              [0m[32;1m      [0m[32;1m               [0m[32;1m             [0m[32;1m           [0m[32;1m      [0m[32;1m            [0m[32;1m                       [0m[32;1m                 [0m[32;1m i[0m
[32;1m              [0m[32;1m      [0m[32;1m               [0m[32;1m             [0m[32;1m           [0m[32;1m      [0m[32;1m            [0m[32;1m                       [0m[32;1m                 [0m[32;1m g[0m
[32;1m              [0m[32;1m      [0m[32;1m               [0m[32;1m             [0m[32;1m           [0m[32;1m      [0m[32;1m            [0m[32;1m                       [0m[32;1m                 [0m[32;1m h[0m
[32;1m              [0m[32;1m      [0m[32;1m               [0m[32;1m             [0m[32;1m           [0m[32;1m      [0m[32;1m            [0m[32;1m                       [0m[32;1m                 [0m[32;1m B[0m
[32;1m              [0m[32;1m      [0m[32;1m               [0m[32;1m             [0m[32;1m           [0m[32;1m      [0m[32;1m            [0m[32;1m                       [0m[32;1m                 [0m[32;1m u[0m
[32;1m              [0m[32;1m      [0m[32;1m               [0m[32;1m             [0m[32;1m           [0m[32;1m      [0m[32;1m            [0m[32;1m                       [0m[32;1m                 [0m[32;1m i[0m
[32;1m              [0m[32;1m      [0m[32;1m               [0m[32;1m             [0m[32;1m           [0m[32;1m      [0m[32;1m            [0m[32;1m                       [0m[32;1m                 [0m[32;1m l[0m
[32;1m              [0m[32;1m      [0m[32;1m               [0m[32;1m             [0m[32;1m           [0m[32;1m      [0m[32;1m            [0m[32;1m                       [0m[32;1m                 [0m[32;1m d[0m
[32;1m              [0m[32;1m      [0m[32;1m               [0m[32;1m             [0m[32;1m           [0m[32;1m      [0m[32;1m            [0m[32;1m                       [0m[32;1m                 [0m[32;1m C[0m
[32;1m              [0m[32;1m      [0m[32;1m               [0m[32;1m             [0m[32;1m           [0m[32;1m      [0m[32;1m            [0m[32;1m                       [0m[32;1m                 [0m[32;1m o[0m
[32;1m              [0m[32;1m      [0m[32;1m               [0m[32;1m             [0m[32;1m           [0m[32;1m      [0m[32;1m            [0m[32;1m                       [0m[32;1m                 [0m[32;1m u[0m
[32;1m              [0m[32;1m      [0m[32;1m               [0m[32;1m             [0m[32;1m           [0m[32;1m      [0m[32;1m            [0m[32;1m                       [0m[32;1m                 [0m[32;1m n[0m
[32;1m              [0m[32;1m      [0m[32;1m               [0m[32;1m             [0m[32;1m           [0m[32;1m      [0m[32;1m            [0m[32;1m                       [0m[32;1m                 [0m[32;1m t[0m
[32;1m--------      [0m [32;1m-----[0m [32;1m--------------[0m [32;1m------------[0m [32;1m----------[0m [32;1m-----[0m [32;1m-----------[0m [32;1m----------------------[0m [32;1m----------------[0m [32;1m-[0m
no-coordinator     1          False Normal                4     0           0                      3                1 0

Summary CSV: C:\perf\results\node-count-clean-solution-20260804-175600\roslyn\block-003\attempt-01\N4\benchmark\scenario-summary.csv
HEAD is now at bc396b5e Revert "Update VSSDK to 18.9.496-Preview" (#84363)
BenchmarkRoot: C:\perf\repos\roslyn
RepositoryName: roslyn
BuildPath: Compilers.slnf
TouchFileRelativePath: src\Compilers\Core\Portable\Diagnostic\Diagnostic.cs
DotNetPath: C:\perf\coordinator-bootstrap-staging\8fe6721c8d58-1F456A53A870\core\dotnet.exe
MSBuildDllPath: C:\perf\coordinator-bootstrap-staging\8fe6721c8d58-1F456A53A870\core\sdk\11.0.100-preview.7.26360.111\MSBuild.dll
WorkRoot: C:\w\rf
OutputRoot: C:\perf\results\node-count-clean-solution-20260804-175600\roslyn\block-004\attempt-01\N16\setup
Logical processors: 16
NodeBudget: 16
Slice: 4
Reservation: 4
PriorityAgingThreshold: 3
NormalBuildCount: 1
HighBuildCount: 0
Scenarios: no-coordinator
[restore-normal1] C:\perf\coordinator-bootstrap-staging\8fe6721c8d58-1F456A53A870\core\dotnet.exe C:\perf\coordinator-bootstrap-staging\8fe6721c8d58-1F456A53A870\core\sdk\11.0.100-preview.7.26360.111\MSBuild.dll Compilers.slnf /t:Restore /v:q /nodeReuse:false /p:UseSharedCompilation=false
MSBuild version 18.10.0-dev.26373.1+8fe6721c8 for .NET
Summary CSV: C:\perf\results\node-count-clean-solution-20260804-175600\roslyn\block-004\attempt-01\N16\setup\scenario-summary.csv
Shutting down MSBuild server...
Shutting down VB/C# compiler server...
VB/C# compiler server shut down successfully.
MSBuild server shut down successfully.
BenchmarkRoot: C:\perf\repos\roslyn
RepositoryName: roslyn-b4-a1-N16
BuildPath: Compilers.slnf
TouchFileRelativePath: src\Compilers\Core\Portable\Diagnostic\Diagnostic.cs
DotNetPath: C:\perf\coordinator-bootstrap-staging\8fe6721c8d58-1F456A53A870\core\dotnet.exe
MSBuildDllPath: C:\perf\coordinator-bootstrap-staging\8fe6721c8d58-1F456A53A870\core\sdk\11.0.100-preview.7.26360.111\MSBuild.dll
WorkRoot: C:\w\rf
OutputRoot: C:\perf\results\node-count-clean-solution-20260804-175600\roslyn\block-004\attempt-01\N16\benchmark
Logical processors: 16
NodeBudget: 16
Slice: 0
Reservation: 0
PriorityAgingThreshold: 3
NormalBuildCount: 1
HighBuildCount: 0
Scenarios: no-coordinator
Starting no-coordinator-r1 (coordinator=False, high priority=Normal, /m:16)
[shutdown-no-coordinator-r1] C:\perf\coordinator-bootstrap-staging\8fe6721c8d58-1F456A53A870\core\dotnet.exe build-server shutdown
Shutting down MSBuild server...
Shutting down VB/C# compiler server...
VB/C# compiler server shut down successfully.
MSBuild server shut down successfully.
[shutdown-after-no-coordinator-r1] C:\perf\coordinator-bootstrap-staging\8fe6721c8d58-1F456A53A870\core\dotnet.exe build-server shutdown
Shutting down MSBuild server...
Shutting down VB/C# compiler server...
VB/C# compiler server shut down successfully.
MSBuild server shut down successfully.

[32;1mscenario      [0m[32;1m round[0m[32;1m useCoordinator[0m[32;1m highPriority[0m[32;1m nodeBudget[0m[32;1m slice[0m[32;1m reservation[0m[32;1m priorityAgingThreshold[0m[32;1m normalBuildCount[0m[32;1m h[0m
[32;1m              [0m[32;1m      [0m[32;1m               [0m[32;1m             [0m[32;1m           [0m[32;1m      [0m[32;1m            [0m[32;1m                       [0m[32;1m                 [0m[32;1m i[0m
[32;1m              [0m[32;1m      [0m[32;1m               [0m[32;1m             [0m[32;1m           [0m[32;1m      [0m[32;1m            [0m[32;1m                       [0m[32;1m                 [0m[32;1m g[0m
[32;1m              [0m[32;1m      [0m[32;1m               [0m[32;1m             [0m[32;1m           [0m[32;1m      [0m[32;1m            [0m[32;1m                       [0m[32;1m                 [0m[32;1m h[0m
[32;1m              [0m[32;1m      [0m[32;1m               [0m[32;1m             [0m[32;1m           [0m[32;1m      [0m[32;1m            [0m[32;1m                       [0m[32;1m                 [0m[32;1m B[0m
[32;1m              [0m[32;1m      [0m[32;1m               [0m[32;1m             [0m[32;1m           [0m[32;1m      [0m[32;1m            [0m[32;1m                       [0m[32;1m                 [0m[32;1m u[0m
[32;1m              [0m[32;1m      [0m[32;1m               [0m[32;1m             [0m[32;1m           [0m[32;1m      [0m[32;1m            [0m[32;1m                       [0m[32;1m                 [0m[32;1m i[0m
[32;1m              [0m[32;1m      [0m[32;1m               [0m[32;1m             [0m[32;1m           [0m[32;1m      [0m[32;1m            [0m[32;1m                       [0m[32;1m                 [0m[32;1m l[0m
[32;1m              [0m[32;1m      [0m[32;1m               [0m[32;1m             [0m[32;1m           [0m[32;1m      [0m[32;1m            [0m[32;1m                       [0m[32;1m                 [0m[32;1m d[0m
[32;1m              [0m[32;1m      [0m[32;1m               [0m[32;1m             [0m[32;1m           [0m[32;1m      [0m[32;1m            [0m[32;1m                       [0m[32;1m                 [0m[32;1m C[0m
[32;1m              [0m[32;1m      [0m[32;1m               [0m[32;1m             [0m[32;1m           [0m[32;1m      [0m[32;1m            [0m[32;1m                       [0m[32;1m                 [0m[32;1m o[0m
[32;1m              [0m[32;1m      [0m[32;1m               [0m[32;1m             [0m[32;1m           [0m[32;1m      [0m[32;1m            [0m[32;1m                       [0m[32;1m                 [0m[32;1m u[0m
[32;1m              [0m[32;1m      [0m[32;1m               [0m[32;1m             [0m[32;1m           [0m[32;1m      [0m[32;1m            [0m[32;1m                       [0m[32;1m                 [0m[32;1m n[0m
[32;1m              [0m[32;1m      [0m[32;1m               [0m[32;1m             [0m[32;1m           [0m[32;1m      [0m[32;1m            [0m[32;1m                       [0m[32;1m                 [0m[32;1m t[0m
[32;1m--------      [0m [32;1m-----[0m [32;1m--------------[0m [32;1m------------[0m [32;1m----------[0m [32;1m-----[0m [32;1m-----------[0m [32;1m----------------------[0m [32;1m----------------[0m [32;1m-[0m
no-coordinator     1          False Normal               16     0           0                      3                1 0

Summary CSV: C:\perf\results\node-count-clean-solution-20260804-175600\roslyn\block-004\attempt-01\N16\benchmark\scenario-summary.csv
[33;1mWARNING: N16: 1 system-counter timestamp gap(s) exceeded the 5 second warning threshold; maximum 6.66 seconds.[0m
HEAD is now at bc396b5e Revert "Update VSSDK to 18.9.496-Preview" (#84363)
BenchmarkRoot: C:\perf\repos\roslyn
RepositoryName: roslyn
BuildPath: Compilers.slnf
TouchFileRelativePath: src\Compilers\Core\Portable\Diagnostic\Diagnostic.cs
DotNetPath: C:\perf\coordinator-bootstrap-staging\8fe6721c8d58-1F456A53A870\core\dotnet.exe
MSBuildDllPath: C:\perf\coordinator-bootstrap-staging\8fe6721c8d58-1F456A53A870\core\sdk\11.0.100-preview.7.26360.111\MSBuild.dll
WorkRoot: C:\w\rf
OutputRoot: C:\perf\results\node-count-clean-solution-20260804-175600\roslyn\block-004\attempt-01\N4\setup
Logical processors: 16
NodeBudget: 4
Slice: 4
Reservation: 4
PriorityAgingThreshold: 3
NormalBuildCount: 1
HighBuildCount: 0
Scenarios: no-coordinator
[restore-normal1] C:\perf\coordinator-bootstrap-staging\8fe6721c8d58-1F456A53A870\core\dotnet.exe C:\perf\coordinator-bootstrap-staging\8fe6721c8d58-1F456A53A870\core\sdk\11.0.100-preview.7.26360.111\MSBuild.dll Compilers.slnf /t:Restore /v:q /nodeReuse:false /p:UseSharedCompilation=false
MSBuild version 18.10.0-dev.26373.1+8fe6721c8 for .NET
Summary CSV: C:\perf\results\node-count-clean-solution-20260804-175600\roslyn\block-004\attempt-01\N4\setup\scenario-summary.csv
Shutting down MSBuild server...
Shutting down VB/C# compiler server...
VB/C# compiler server shut down successfully.
MSBuild server shut down successfully.
BenchmarkRoot: C:\perf\repos\roslyn
RepositoryName: roslyn-b4-a1-N4
BuildPath: Compilers.slnf
TouchFileRelativePath: src\Compilers\Core\Portable\Diagnostic\Diagnostic.cs
DotNetPath: C:\perf\coordinator-bootstrap-staging\8fe6721c8d58-1F456A53A870\core\dotnet.exe
MSBuildDllPath: C:\perf\coordinator-bootstrap-staging\8fe6721c8d58-1F456A53A870\core\sdk\11.0.100-preview.7.26360.111\MSBuild.dll
WorkRoot: C:\w\rf
OutputRoot: C:\perf\results\node-count-clean-solution-20260804-175600\roslyn\block-004\attempt-01\N4\benchmark
Logical processors: 16
NodeBudget: 4
Slice: 0
Reservation: 0
PriorityAgingThreshold: 3
NormalBuildCount: 1
HighBuildCount: 0
Scenarios: no-coordinator
Starting no-coordinator-r1 (coordinator=False, high priority=Normal, /m:4)
[shutdown-no-coordinator-r1] C:\perf\coordinator-bootstrap-staging\8fe6721c8d58-1F456A53A870\core\dotnet.exe build-server shutdown
Shutting down MSBuild server...
Shutting down VB/C# compiler server...
VB/C# compiler server shut down successfully.
MSBuild server shut down successfully.
[shutdown-after-no-coordinator-r1] C:\perf\coordinator-bootstrap-staging\8fe6721c8d58-1F456A53A870\core\dotnet.exe build-server shutdown
Shutting down MSBuild server...
Shutting down VB/C# compiler server...
VB/C# compiler server shut down successfully.
MSBuild server shut down successfully.

[32;1mscenario      [0m[32;1m round[0m[32;1m useCoordinator[0m[32;1m highPriority[0m[32;1m nodeBudget[0m[32;1m slice[0m[32;1m reservation[0m[32;1m priorityAgingThreshold[0m[32;1m normalBuildCount[0m[32;1m h[0m
[32;1m              [0m[32;1m      [0m[32;1m               [0m[32;1m             [0m[32;1m           [0m[32;1m      [0m[32;1m            [0m[32;1m                       [0m[32;1m                 [0m[32;1m i[0m
[32;1m              [0m[32;1m      [0m[32;1m               [0m[32;1m             [0m[32;1m           [0m[32;1m      [0m[32;1m            [0m[32;1m                       [0m[32;1m                 [0m[32;1m g[0m
[32;1m              [0m[32;1m      [0m[32;1m               [0m[32;1m             [0m[32;1m           [0m[32;1m      [0m[32;1m            [0m[32;1m                       [0m[32;1m                 [0m[32;1m h[0m
[32;1m              [0m[32;1m      [0m[32;1m               [0m[32;1m             [0m[32;1m           [0m[32;1m      [0m[32;1m            [0m[32;1m                       [0m[32;1m                 [0m[32;1m B[0m
[32;1m              [0m[32;1m      [0m[32;1m               [0m[32;1m             [0m[32;1m           [0m[32;1m      [0m[32;1m            [0m[32;1m                       [0m[32;1m                 [0m[32;1m u[0m
[32;1m              [0m[32;1m      [0m[32;1m               [0m[32;1m             [0m[32;1m           [0m[32;1m      [0m[32;1m            [0m[32;1m                       [0m[32;1m                 [0m[32;1m i[0m
[32;1m              [0m[32;1m      [0m[32;1m               [0m[32;1m             [0m[32;1m           [0m[32;1m      [0m[32;1m            [0m[32;1m                       [0m[32;1m                 [0m[32;1m l[0m
[32;1m              [0m[32;1m      [0m[32;1m               [0m[32;1m             [0m[32;1m           [0m[32;1m      [0m[32;1m            [0m[32;1m                       [0m[32;1m                 [0m[32;1m d[0m
[32;1m              [0m[32;1m      [0m[32;1m               [0m[32;1m             [0m[32;1m           [0m[32;1m      [0m[32;1m            [0m[32;1m                       [0m[32;1m                 [0m[32;1m C[0m
[32;1m              [0m[32;1m      [0m[32;1m               [0m[32;1m             [0m[32;1m           [0m[32;1m      [0m[32;1m            [0m[32;1m                       [0m[32;1m                 [0m[32;1m o[0m
[32;1m              [0m[32;1m      [0m[32;1m               [0m[32;1m             [0m[32;1m           [0m[32;1m      [0m[32;1m            [0m[32;1m                       [0m[32;1m                 [0m[32;1m u[0m
[32;1m              [0m[32;1m      [0m[32;1m               [0m[32;1m             [0m[32;1m           [0m[32;1m      [0m[32;1m            [0m[32;1m                       [0m[32;1m                 [0m[32;1m n[0m
[32;1m              [0m[32;1m      [0m[32;1m               [0m[32;1m             [0m[32;1m           [0m[32;1m      [0m[32;1m            [0m[32;1m                       [0m[32;1m                 [0m[32;1m t[0m
[32;1m--------      [0m [32;1m-----[0m [32;1m--------------[0m [32;1m------------[0m [32;1m----------[0m [32;1m-----[0m [32;1m-----------[0m [32;1m----------------------[0m [32;1m----------------[0m [32;1m-[0m
no-coordinator     1          False Normal                4     0           0                      3                1 0

Summary CSV: C:\perf\results\node-count-clean-solution-20260804-175600\roslyn\block-004\attempt-01\N4\benchmark\scenario-summary.csv
HEAD is now at bc396b5e Revert "Update VSSDK to 18.9.496-Preview" (#84363)
BenchmarkRoot: C:\perf\repos\roslyn
RepositoryName: roslyn
BuildPath: Compilers.slnf
TouchFileRelativePath: src\Compilers\Core\Portable\Diagnostic\Diagnostic.cs
DotNetPath: C:\perf\coordinator-bootstrap-staging\8fe6721c8d58-1F456A53A870\core\dotnet.exe
MSBuildDllPath: C:\perf\coordinator-bootstrap-staging\8fe6721c8d58-1F456A53A870\core\sdk\11.0.100-preview.7.26360.111\MSBuild.dll
WorkRoot: C:\w\rf
OutputRoot: C:\perf\results\node-count-clean-solution-20260804-175600\roslyn\block-004\attempt-01\N8\setup
Logical processors: 16
NodeBudget: 8
Slice: 4
Reservation: 4
PriorityAgingThreshold: 3
NormalBuildCount: 1
HighBuildCount: 0
Scenarios: no-coordinator
[restore-normal1] C:\perf\coordinator-bootstrap-staging\8fe6721c8d58-1F456A53A870\core\dotnet.exe C:\perf\coordinator-bootstrap-staging\8fe6721c8d58-1F456A53A870\core\sdk\11.0.100-preview.7.26360.111\MSBuild.dll Compilers.slnf /t:Restore /v:q /nodeReuse:false /p:UseSharedCompilation=false
MSBuild version 18.10.0-dev.26373.1+8fe6721c8 for .NET
Summary CSV: C:\perf\results\node-count-clean-solution-20260804-175600\roslyn\block-004\attempt-01\N8\setup\scenario-summary.csv
Shutting down MSBuild server...
Shutting down VB/C# compiler server...
VB/C# compiler server shut down successfully.
MSBuild server shut down successfully.
BenchmarkRoot: C:\perf\repos\roslyn
RepositoryName: roslyn-b4-a1-N8
BuildPath: Compilers.slnf
TouchFileRelativePath: src\Compilers\Core\Portable\Diagnostic\Diagnostic.cs
DotNetPath: C:\perf\coordinator-bootstrap-staging\8fe6721c8d58-1F456A53A870\core\dotnet.exe
MSBuildDllPath: C:\perf\coordinator-bootstrap-staging\8fe6721c8d58-1F456A53A870\core\sdk\11.0.100-preview.7.26360.111\MSBuild.dll
WorkRoot: C:\w\rf
OutputRoot: C:\perf\results\node-count-clean-solution-20260804-175600\roslyn\block-004\attempt-01\N8\benchmark
Logical processors: 16
NodeBudget: 8
Slice: 0
Reservation: 0
PriorityAgingThreshold: 3
NormalBuildCount: 1
HighBuildCount: 0
Scenarios: no-coordinator
Starting no-coordinator-r1 (coordinator=False, high priority=Normal, /m:8)
[shutdown-no-coordinator-r1] C:\perf\coordinator-bootstrap-staging\8fe6721c8d58-1F456A53A870\core\dotnet.exe build-server shutdown
Shutting down MSBuild server...
Shutting down VB/C# compiler server...
VB/C# compiler server shut down successfully.
MSBuild server shut down successfully.
[shutdown-after-no-coordinator-r1] C:\perf\coordinator-bootstrap-staging\8fe6721c8d58-1F456A53A870\core\dotnet.exe build-server shutdown
Shutting down MSBuild server...
Shutting down VB/C# compiler server...
VB/C# compiler server shut down successfully.
MSBuild server shut down successfully.

[32;1mscenario      [0m[32;1m round[0m[32;1m useCoordinator[0m[32;1m highPriority[0m[32;1m nodeBudget[0m[32;1m slice[0m[32;1m reservation[0m[32;1m priorityAgingThreshold[0m[32;1m normalBuildCount[0m[32;1m h[0m
[32;1m              [0m[32;1m      [0m[32;1m               [0m[32;1m             [0m[32;1m           [0m[32;1m      [0m[32;1m            [0m[32;1m                       [0m[32;1m                 [0m[32;1m i[0m
[32;1m              [0m[32;1m      [0m[32;1m               [0m[32;1m             [0m[32;1m           [0m[32;1m      [0m[32;1m            [0m[32;1m                       [0m[32;1m                 [0m[32;1m g[0m
[32;1m              [0m[32;1m      [0m[32;1m               [0m[32;1m             [0m[32;1m           [0m[32;1m      [0m[32;1m            [0m[32;1m                       [0m[32;1m                 [0m[32;1m h[0m
[32;1m              [0m[32;1m      [0m[32;1m               [0m[32;1m             [0m[32;1m           [0m[32;1m      [0m[32;1m            [0m[32;1m                       [0m[32;1m                 [0m[32;1m B[0m
[32;1m              [0m[32;1m      [0m[32;1m               [0m[32;1m             [0m[32;1m           [0m[32;1m      [0m[32;1m            [0m[32;1m                       [0m[32;1m                 [0m[32;1m u[0m
[32;1m              [0m[32;1m      [0m[32;1m               [0m[32;1m             [0m[32;1m           [0m[32;1m      [0m[32;1m            [0m[32;1m                       [0m[32;1m                 [0m[32;1m i[0m
[32;1m              [0m[32;1m      [0m[32;1m               [0m[32;1m             [0m[32;1m           [0m[32;1m      [0m[32;1m            [0m[32;1m                       [0m[32;1m                 [0m[32;1m l[0m
[32;1m              [0m[32;1m      [0m[32;1m               [0m[32;1m             [0m[32;1m           [0m[32;1m      [0m[32;1m            [0m[32;1m                       [0m[32;1m                 [0m[32;1m d[0m
[32;1m              [0m[32;1m      [0m[32;1m               [0m[32;1m             [0m[32;1m           [0m[32;1m      [0m[32;1m            [0m[32;1m                       [0m[32;1m                 [0m[32;1m C[0m
[32;1m              [0m[32;1m      [0m[32;1m               [0m[32;1m             [0m[32;1m           [0m[32;1m      [0m[32;1m            [0m[32;1m                       [0m[32;1m                 [0m[32;1m o[0m
[32;1m              [0m[32;1m      [0m[32;1m               [0m[32;1m             [0m[32;1m           [0m[32;1m      [0m[32;1m            [0m[32;1m                       [0m[32;1m                 [0m[32;1m u[0m
[32;1m              [0m[32;1m      [0m[32;1m               [0m[32;1m             [0m[32;1m           [0m[32;1m      [0m[32;1m            [0m[32;1m                       [0m[32;1m                 [0m[32;1m n[0m
[32;1m              [0m[32;1m      [0m[32;1m               [0m[32;1m             [0m[32;1m           [0m[32;1m      [0m[32;1m            [0m[32;1m                       [0m[32;1m                 [0m[32;1m t[0m
[32;1m--------      [0m [32;1m-----[0m [32;1m--------------[0m [32;1m------------[0m [32;1m----------[0m [32;1m-----[0m [32;1m-----------[0m [32;1m----------------------[0m [32;1m----------------[0m [32;1m-[0m
no-coordinator     1          False Normal                8     0           0                      3                1 0

Summary CSV: C:\perf\results\node-count-clean-solution-20260804-175600\roslyn\block-004\attempt-01\N8\benchmark\scenario-summary.csv
HEAD is now at bc396b5e Revert "Update VSSDK to 18.9.496-Preview" (#84363)
BenchmarkRoot: C:\perf\repos\roslyn
RepositoryName: roslyn
BuildPath: Compilers.slnf
TouchFileRelativePath: src\Compilers\Core\Portable\Diagnostic\Diagnostic.cs
DotNetPath: C:\perf\coordinator-bootstrap-staging\8fe6721c8d58-1F456A53A870\core\dotnet.exe
MSBuildDllPath: C:\perf\coordinator-bootstrap-staging\8fe6721c8d58-1F456A53A870\core\sdk\11.0.100-preview.7.26360.111\MSBuild.dll
WorkRoot: C:\w\rf
OutputRoot: C:\perf\results\node-count-clean-solution-20260804-175600\roslyn\block-005\attempt-01\N16\setup
Logical processors: 16
NodeBudget: 16
Slice: 4
Reservation: 4
PriorityAgingThreshold: 3
NormalBuildCount: 1
HighBuildCount: 0
Scenarios: no-coordinator
[restore-normal1] C:\perf\coordinator-bootstrap-staging\8fe6721c8d58-1F456A53A870\core\dotnet.exe C:\perf\coordinator-bootstrap-staging\8fe6721c8d58-1F456A53A870\core\sdk\11.0.100-preview.7.26360.111\MSBuild.dll Compilers.slnf /t:Restore /v:q /nodeReuse:false /p:UseSharedCompilation=false
MSBuild version 18.10.0-dev.26373.1+8fe6721c8 for .NET
Summary CSV: C:\perf\results\node-count-clean-solution-20260804-175600\roslyn\block-005\attempt-01\N16\setup\scenario-summary.csv
Shutting down MSBuild server...
Shutting down VB/C# compiler server...
VB/C# compiler server shut down successfully.
MSBuild server shut down successfully.
BenchmarkRoot: C:\perf\repos\roslyn
RepositoryName: roslyn-b5-a1-N16
BuildPath: Compilers.slnf
TouchFileRelativePath: src\Compilers\Core\Portable\Diagnostic\Diagnostic.cs
DotNetPath: C:\perf\coordinator-bootstrap-staging\8fe6721c8d58-1F456A53A870\core\dotnet.exe
MSBuildDllPath: C:\perf\coordinator-bootstrap-staging\8fe6721c8d58-1F456A53A870\core\sdk\11.0.100-preview.7.26360.111\MSBuild.dll
WorkRoot: C:\w\rf
OutputRoot: C:\perf\results\node-count-clean-solution-20260804-175600\roslyn\block-005\attempt-01\N16\benchmark
Logical processors: 16
NodeBudget: 16
Slice: 0
Reservation: 0
PriorityAgingThreshold: 3
NormalBuildCount: 1
HighBuildCount: 0
Scenarios: no-coordinator
Starting no-coordinator-r1 (coordinator=False, high priority=Normal, /m:16)
[shutdown-no-coordinator-r1] C:\perf\coordinator-bootstrap-staging\8fe6721c8d58-1F456A53A870\core\dotnet.exe build-server shutdown
Shutting down MSBuild server...
Shutting down VB/C# compiler server...
VB/C# compiler server shut down successfully.
MSBuild server shut down successfully.
[shutdown-after-no-coordinator-r1] C:\perf\coordinator-bootstrap-staging\8fe6721c8d58-1F456A53A870\core\dotnet.exe build-server shutdown
Shutting down MSBuild server...
Shutting down VB/C# compiler server...
VB/C# compiler server shut down successfully.
MSBuild server shut down successfully.

[32;1mscenario      [0m[32;1m round[0m[32;1m useCoordinator[0m[32;1m highPriority[0m[32;1m nodeBudget[0m[32;1m slice[0m[32;1m reservation[0m[32;1m priorityAgingThreshold[0m[32;1m normalBuildCount[0m[32;1m h[0m
[32;1m              [0m[32;1m      [0m[32;1m               [0m[32;1m             [0m[32;1m           [0m[32;1m      [0m[32;1m            [0m[32;1m                       [0m[32;1m                 [0m[32;1m i[0m
[32;1m              [0m[32;1m      [0m[32;1m               [0m[32;1m             [0m[32;1m           [0m[32;1m      [0m[32;1m            [0m[32;1m                       [0m[32;1m                 [0m[32;1m g[0m
[32;1m              [0m[32;1m      [0m[32;1m               [0m[32;1m             [0m[32;1m           [0m[32;1m      [0m[32;1m            [0m[32;1m                       [0m[32;1m                 [0m[32;1m h[0m
[32;1m              [0m[32;1m      [0m[32;1m               [0m[32;1m             [0m[32;1m           [0m[32;1m      [0m[32;1m            [0m[32;1m                       [0m[32;1m                 [0m[32;1m B[0m
[32;1m              [0m[32;1m      [0m[32;1m               [0m[32;1m             [0m[32;1m           [0m[32;1m      [0m[32;1m            [0m[32;1m                       [0m[32;1m                 [0m[32;1m u[0m
[32;1m              [0m[32;1m      [0m[32;1m               [0m[32;1m             [0m[32;1m           [0m[32;1m      [0m[32;1m            [0m[32;1m                       [0m[32;1m                 [0m[32;1m i[0m
[32;1m              [0m[32;1m      [0m[32;1m               [0m[32;1m             [0m[32;1m           [0m[32;1m      [0m[32;1m            [0m[32;1m                       [0m[32;1m                 [0m[32;1m l[0m
[32;1m              [0m[32;1m      [0m[32;1m               [0m[32;1m             [0m[32;1m           [0m[32;1m      [0m[32;1m            [0m[32;1m                       [0m[32;1m                 [0m[32;1m d[0m
[32;1m              [0m[32;1m      [0m[32;1m               [0m[32;1m             [0m[32;1m           [0m[32;1m      [0m[32;1m            [0m[32;1m                       [0m[32;1m                 [0m[32;1m C[0m
[32;1m              [0m[32;1m      [0m[32;1m               [0m[32;1m             [0m[32;1m           [0m[32;1m      [0m[32;1m            [0m[32;1m                       [0m[32;1m                 [0m[32;1m o[0m
[32;1m              [0m[32;1m      [0m[32;1m               [0m[32;1m             [0m[32;1m           [0m[32;1m      [0m[32;1m            [0m[32;1m                       [0m[32;1m                 [0m[32;1m u[0m
[32;1m              [0m[32;1m      [0m[32;1m               [0m[32;1m             [0m[32;1m           [0m[32;1m      [0m[32;1m            [0m[32;1m                       [0m[32;1m                 [0m[32;1m n[0m
[32;1m              [0m[32;1m      [0m[32;1m               [0m[32;1m             [0m[32;1m           [0m[32;1m      [0m[32;1m            [0m[32;1m                       [0m[32;1m                 [0m[32;1m t[0m
[32;1m--------      [0m [32;1m-----[0m [32;1m--------------[0m [32;1m------------[0m [32;1m----------[0m [32;1m-----[0m [32;1m-----------[0m [32;1m----------------------[0m [32;1m----------------[0m [32;1m-[0m
no-coordinator     1          False Normal               16     0           0                      3                1 0

Summary CSV: C:\perf\results\node-count-clean-solution-20260804-175600\roslyn\block-005\attempt-01\N16\benchmark\scenario-summary.csv
HEAD is now at bc396b5e Revert "Update VSSDK to 18.9.496-Preview" (#84363)
BenchmarkRoot: C:\perf\repos\roslyn
RepositoryName: roslyn
BuildPath: Compilers.slnf
TouchFileRelativePath: src\Compilers\Core\Portable\Diagnostic\Diagnostic.cs
DotNetPath: C:\perf\coordinator-bootstrap-staging\8fe6721c8d58-1F456A53A870\core\dotnet.exe
MSBuildDllPath: C:\perf\coordinator-bootstrap-staging\8fe6721c8d58-1F456A53A870\core\sdk\11.0.100-preview.7.26360.111\MSBuild.dll
WorkRoot: C:\w\rf
OutputRoot: C:\perf\results\node-count-clean-solution-20260804-175600\roslyn\block-005\attempt-01\N8\setup
Logical processors: 16
NodeBudget: 8
Slice: 4
Reservation: 4
PriorityAgingThreshold: 3
NormalBuildCount: 1
HighBuildCount: 0
Scenarios: no-coordinator
[restore-normal1] C:\perf\coordinator-bootstrap-staging\8fe6721c8d58-1F456A53A870\core\dotnet.exe C:\perf\coordinator-bootstrap-staging\8fe6721c8d58-1F456A53A870\core\sdk\11.0.100-preview.7.26360.111\MSBuild.dll Compilers.slnf /t:Restore /v:q /nodeReuse:false /p:UseSharedCompilation=false
MSBuild version 18.10.0-dev.26373.1+8fe6721c8 for .NET
Summary CSV: C:\perf\results\node-count-clean-solution-20260804-175600\roslyn\block-005\attempt-01\N8\setup\scenario-summary.csv
Shutting down MSBuild server...
Shutting down VB/C# compiler server...
VB/C# compiler server shut down successfully.
MSBuild server shut down successfully.
BenchmarkRoot: C:\perf\repos\roslyn
RepositoryName: roslyn-b5-a1-N8
BuildPath: Compilers.slnf
TouchFileRelativePath: src\Compilers\Core\Portable\Diagnostic\Diagnostic.cs
DotNetPath: C:\perf\coordinator-bootstrap-staging\8fe6721c8d58-1F456A53A870\core\dotnet.exe
MSBuildDllPath: C:\perf\coordinator-bootstrap-staging\8fe6721c8d58-1F456A53A870\core\sdk\11.0.100-preview.7.26360.111\MSBuild.dll
WorkRoot: C:\w\rf
OutputRoot: C:\perf\results\node-count-clean-solution-20260804-175600\roslyn\block-005\attempt-01\N8\benchmark
Logical processors: 16
NodeBudget: 8
Slice: 0
Reservation: 0
PriorityAgingThreshold: 3
NormalBuildCount: 1
HighBuildCount: 0
Scenarios: no-coordinator
Starting no-coordinator-r1 (coordinator=False, high priority=Normal, /m:8)
[shutdown-no-coordinator-r1] C:\perf\coordinator-bootstrap-staging\8fe6721c8d58-1F456A53A870\core\dotnet.exe build-server shutdown
Shutting down MSBuild server...
Shutting down VB/C# compiler server...
VB/C# compiler server shut down successfully.
MSBuild server shut down successfully.
[shutdown-after-no-coordinator-r1] C:\perf\coordinator-bootstrap-staging\8fe6721c8d58-1F456A53A870\core\dotnet.exe build-server shutdown
Shutting down MSBuild server...
Shutting down VB/C# compiler server...
VB/C# compiler server shut down successfully.
MSBuild server shut down successfully.

[32;1mscenario      [0m[32;1m round[0m[32;1m useCoordinator[0m[32;1m highPriority[0m[32;1m nodeBudget[0m[32;1m slice[0m[32;1m reservation[0m[32;1m priorityAgingThreshold[0m[32;1m normalBuildCount[0m[32;1m h[0m
[32;1m              [0m[32;1m      [0m[32;1m               [0m[32;1m             [0m[32;1m           [0m[32;1m      [0m[32;1m            [0m[32;1m                       [0m[32;1m                 [0m[32;1m i[0m
[32;1m              [0m[32;1m      [0m[32;1m               [0m[32;1m             [0m[32;1m           [0m[32;1m      [0m[32;1m            [0m[32;1m                       [0m[32;1m                 [0m[32;1m g[0m
[32;1m              [0m[32;1m      [0m[32;1m               [0m[32;1m             [0m[32;1m           [0m[32;1m      [0m[32;1m            [0m[32;1m                       [0m[32;1m                 [0m[32;1m h[0m
[32;1m              [0m[32;1m      [0m[32;1m               [0m[32;1m             [0m[32;1m           [0m[32;1m      [0m[32;1m            [0m[32;1m                       [0m[32;1m                 [0m[32;1m B[0m
[32;1m              [0m[32;1m      [0m[32;1m               [0m[32;1m             [0m[32;1m           [0m[32;1m      [0m[32;1m            [0m[32;1m                       [0m[32;1m                 [0m[32;1m u[0m
[32;1m              [0m[32;1m      [0m[32;1m               [0m[32;1m             [0m[32;1m           [0m[32;1m      [0m[32;1m            [0m[32;1m                       [0m[32;1m                 [0m[32;1m i[0m
[32;1m              [0m[32;1m      [0m[32;1m               [0m[32;1m             [0m[32;1m           [0m[32;1m      [0m[32;1m            [0m[32;1m                       [0m[32;1m                 [0m[32;1m l[0m
[32;1m              [0m[32;1m      [0m[32;1m               [0m[32;1m             [0m[32;1m           [0m[32;1m      [0m[32;1m            [0m[32;1m                       [0m[32;1m                 [0m[32;1m d[0m
[32;1m              [0m[32;1m      [0m[32;1m               [0m[32;1m             [0m[32;1m           [0m[32;1m      [0m[32;1m            [0m[32;1m                       [0m[32;1m                 [0m[32;1m C[0m
[32;1m              [0m[32;1m      [0m[32;1m               [0m[32;1m             [0m[32;1m           [0m[32;1m      [0m[32;1m            [0m[32;1m                       [0m[32;1m                 [0m[32;1m o[0m
[32;1m              [0m[32;1m      [0m[32;1m               [0m[32;1m             [0m[32;1m           [0m[32;1m      [0m[32;1m            [0m[32;1m                       [0m[32;1m                 [0m[32;1m u[0m
[32;1m              [0m[32;1m      [0m[32;1m               [0m[32;1m             [0m[32;1m           [0m[32;1m      [0m[32;1m            [0m[32;1m                       [0m[32;1m                 [0m[32;1m n[0m
[32;1m              [0m[32;1m      [0m[32;1m               [0m[32;1m             [0m[32;1m           [0m[32;1m      [0m[32;1m            [0m[32;1m                       [0m[32;1m                 [0m[32;1m t[0m
[32;1m--------      [0m [32;1m-----[0m [32;1m--------------[0m [32;1m------------[0m [32;1m----------[0m [32;1m-----[0m [32;1m-----------[0m [32;1m----------------------[0m [32;1m----------------[0m [32;1m-[0m
no-coordinator     1          False Normal                8     0           0                      3                1 0

Summary CSV: C:\perf\results\node-count-clean-solution-20260804-175600\roslyn\block-005\attempt-01\N8\benchmark\scenario-summary.csv
HEAD is now at bc396b5e Revert "Update VSSDK to 18.9.496-Preview" (#84363)
BenchmarkRoot: C:\perf\repos\roslyn
RepositoryName: roslyn
BuildPath: Compilers.slnf
TouchFileRelativePath: src\Compilers\Core\Portable\Diagnostic\Diagnostic.cs
DotNetPath: C:\perf\coordinator-bootstrap-staging\8fe6721c8d58-1F456A53A870\core\dotnet.exe
MSBuildDllPath: C:\perf\coordinator-bootstrap-staging\8fe6721c8d58-1F456A53A870\core\sdk\11.0.100-preview.7.26360.111\MSBuild.dll
WorkRoot: C:\w\rf
OutputRoot: C:\perf\results\node-count-clean-solution-20260804-175600\roslyn\block-005\attempt-01\N4\setup
Logical processors: 16
NodeBudget: 4
Slice: 4
Reservation: 4
PriorityAgingThreshold: 3
NormalBuildCount: 1
HighBuildCount: 0
Scenarios: no-coordinator
[restore-normal1] C:\perf\coordinator-bootstrap-staging\8fe6721c8d58-1F456A53A870\core\dotnet.exe C:\perf\coordinator-bootstrap-staging\8fe6721c8d58-1F456A53A870\core\sdk\11.0.100-preview.7.26360.111\MSBuild.dll Compilers.slnf /t:Restore /v:q /nodeReuse:false /p:UseSharedCompilation=false
MSBuild version 18.10.0-dev.26373.1+8fe6721c8 for .NET
Summary CSV: C:\perf\results\node-count-clean-solution-20260804-175600\roslyn\block-005\attempt-01\N4\setup\scenario-summary.csv
Shutting down MSBuild server...
Shutting down VB/C# compiler server...
VB/C# compiler server shut down successfully.
MSBuild server shut down successfully.
BenchmarkRoot: C:\perf\repos\roslyn
RepositoryName: roslyn-b5-a1-N4
BuildPath: Compilers.slnf
TouchFileRelativePath: src\Compilers\Core\Portable\Diagnostic\Diagnostic.cs
DotNetPath: C:\perf\coordinator-bootstrap-staging\8fe6721c8d58-1F456A53A870\core\dotnet.exe
MSBuildDllPath: C:\perf\coordinator-bootstrap-staging\8fe6721c8d58-1F456A53A870\core\sdk\11.0.100-preview.7.26360.111\MSBuild.dll
WorkRoot: C:\w\rf
OutputRoot: C:\perf\results\node-count-clean-solution-20260804-175600\roslyn\block-005\attempt-01\N4\benchmark
Logical processors: 16
NodeBudget: 4
Slice: 0
Reservation: 0
PriorityAgingThreshold: 3
NormalBuildCount: 1
HighBuildCount: 0
Scenarios: no-coordinator
Starting no-coordinator-r1 (coordinator=False, high priority=Normal, /m:4)
[shutdown-no-coordinator-r1] C:\perf\coordinator-bootstrap-staging\8fe6721c8d58-1F456A53A870\core\dotnet.exe build-server shutdown
Shutting down MSBuild server...
Shutting down VB/C# compiler server...
VB/C# compiler server shut down successfully.
MSBuild server shut down successfully.
[shutdown-after-no-coordinator-r1] C:\perf\coordinator-bootstrap-staging\8fe6721c8d58-1F456A53A870\core\dotnet.exe build-server shutdown
Shutting down MSBuild server...
Shutting down VB/C# compiler server...
VB/C# compiler server shut down successfully.
MSBuild server shut down successfully.

[32;1mscenario      [0m[32;1m round[0m[32;1m useCoordinator[0m[32;1m highPriority[0m[32;1m nodeBudget[0m[32;1m slice[0m[32;1m reservation[0m[32;1m priorityAgingThreshold[0m[32;1m normalBuildCount[0m[32;1m h[0m
[32;1m              [0m[32;1m      [0m[32;1m               [0m[32;1m             [0m[32;1m           [0m[32;1m      [0m[32;1m            [0m[32;1m                       [0m[32;1m                 [0m[32;1m i[0m
[32;1m              [0m[32;1m      [0m[32;1m               [0m[32;1m             [0m[32;1m           [0m[32;1m      [0m[32;1m            [0m[32;1m                       [0m[32;1m                 [0m[32;1m g[0m
[32;1m              [0m[32;1m      [0m[32;1m               [0m[32;1m             [0m[32;1m           [0m[32;1m      [0m[32;1m            [0m[32;1m                       [0m[32;1m                 [0m[32;1m h[0m
[32;1m              [0m[32;1m      [0m[32;1m               [0m[32;1m             [0m[32;1m           [0m[32;1m      [0m[32;1m            [0m[32;1m                       [0m[32;1m                 [0m[32;1m B[0m
[32;1m              [0m[32;1m      [0m[32;1m               [0m[32;1m             [0m[32;1m           [0m[32;1m      [0m[32;1m            [0m[32;1m                       [0m[32;1m                 [0m[32;1m u[0m
[32;1m              [0m[32;1m      [0m[32;1m               [0m[32;1m             [0m[32;1m           [0m[32;1m      [0m[32;1m            [0m[32;1m                       [0m[32;1m                 [0m[32;1m i[0m
[32;1m              [0m[32;1m      [0m[32;1m               [0m[32;1m             [0m[32;1m           [0m[32;1m      [0m[32;1m            [0m[32;1m                       [0m[32;1m                 [0m[32;1m l[0m
[32;1m              [0m[32;1m      [0m[32;1m               [0m[32;1m             [0m[32;1m           [0m[32;1m      [0m[32;1m            [0m[32;1m                       [0m[32;1m                 [0m[32;1m d[0m
[32;1m              [0m[32;1m      [0m[32;1m               [0m[32;1m             [0m[32;1m           [0m[32;1m      [0m[32;1m            [0m[32;1m                       [0m[32;1m                 [0m[32;1m C[0m
[32;1m              [0m[32;1m      [0m[32;1m               [0m[32;1m             [0m[32;1m           [0m[32;1m      [0m[32;1m            [0m[32;1m                       [0m[32;1m                 [0m[32;1m o[0m
[32;1m              [0m[32;1m      [0m[32;1m               [0m[32;1m             [0m[32;1m           [0m[32;1m      [0m[32;1m            [0m[32;1m                       [0m[32;1m                 [0m[32;1m u[0m
[32;1m              [0m[32;1m      [0m[32;1m               [0m[32;1m             [0m[32;1m           [0m[32;1m      [0m[32;1m            [0m[32;1m                       [0m[32;1m                 [0m[32;1m n[0m
[32;1m              [0m[32;1m      [0m[32;1m               [0m[32;1m             [0m[32;1m           [0m[32;1m      [0m[32;1m            [0m[32;1m                       [0m[32;1m                 [0m[32;1m t[0m
[32;1m--------      [0m [32;1m-----[0m [32;1m--------------[0m [32;1m------------[0m [32;1m----------[0m [32;1m-----[0m [32;1m-----------[0m [32;1m----------------------[0m [32;1m----------------[0m [32;1m-[0m
no-coordinator     1          False Normal                4     0           0                      3                1 0

Summary CSV: C:\perf\results\node-count-clean-solution-20260804-175600\roslyn\block-005\attempt-01\N4\benchmark\scenario-summary.csv
HEAD is now at bc396b5e Revert "Update VSSDK to 18.9.496-Preview" (#84363)
BenchmarkRoot: C:\perf\repos\roslyn
RepositoryName: roslyn
BuildPath: Compilers.slnf
TouchFileRelativePath: src\Compilers\Core\Portable\Diagnostic\Diagnostic.cs
DotNetPath: C:\perf\coordinator-bootstrap-staging\8fe6721c8d58-1F456A53A870\core\dotnet.exe
MSBuildDllPath: C:\perf\coordinator-bootstrap-staging\8fe6721c8d58-1F456A53A870\core\sdk\11.0.100-preview.7.26360.111\MSBuild.dll
WorkRoot: C:\w\rf
OutputRoot: C:\perf\results\node-count-clean-solution-20260804-175600\roslyn\block-006\attempt-01\N4\setup
Logical processors: 16
NodeBudget: 4
Slice: 4
Reservation: 4
PriorityAgingThreshold: 3
NormalBuildCount: 1
HighBuildCount: 0
Scenarios: no-coordinator
[restore-normal1] C:\perf\coordinator-bootstrap-staging\8fe6721c8d58-1F456A53A870\core\dotnet.exe C:\perf\coordinator-bootstrap-staging\8fe6721c8d58-1F456A53A870\core\sdk\11.0.100-preview.7.26360.111\MSBuild.dll Compilers.slnf /t:Restore /v:q /nodeReuse:false /p:UseSharedCompilation=false
MSBuild version 18.10.0-dev.26373.1+8fe6721c8 for .NET
Summary CSV: C:\perf\results\node-count-clean-solution-20260804-175600\roslyn\block-006\attempt-01\N4\setup\scenario-summary.csv
Shutting down MSBuild server...
Shutting down VB/C# compiler server...
VB/C# compiler server shut down successfully.
MSBuild server shut down successfully.
BenchmarkRoot: C:\perf\repos\roslyn
RepositoryName: roslyn-b6-a1-N4
BuildPath: Compilers.slnf
TouchFileRelativePath: src\Compilers\Core\Portable\Diagnostic\Diagnostic.cs
DotNetPath: C:\perf\coordinator-bootstrap-staging\8fe6721c8d58-1F456A53A870\core\dotnet.exe
MSBuildDllPath: C:\perf\coordinator-bootstrap-staging\8fe6721c8d58-1F456A53A870\core\sdk\11.0.100-preview.7.26360.111\MSBuild.dll
WorkRoot: C:\w\rf
OutputRoot: C:\perf\results\node-count-clean-solution-20260804-175600\roslyn\block-006\attempt-01\N4\benchmark
Logical processors: 16
NodeBudget: 4
Slice: 0
Reservation: 0
PriorityAgingThreshold: 3
NormalBuildCount: 1
HighBuildCount: 0
Scenarios: no-coordinator
Starting no-coordinator-r1 (coordinator=False, high priority=Normal, /m:4)
[shutdown-no-coordinator-r1] C:\perf\coordinator-bootstrap-staging\8fe6721c8d58-1F456A53A870\core\dotnet.exe build-server shutdown
Shutting down MSBuild server...
Shutting down VB/C# compiler server...
VB/C# compiler server shut down successfully.
MSBuild server shut down successfully.
[shutdown-after-no-coordinator-r1] C:\perf\coordinator-bootstrap-staging\8fe6721c8d58-1F456A53A870\core\dotnet.exe build-server shutdown
Shutting down MSBuild server...
Shutting down VB/C# compiler server...
VB/C# compiler server shut down successfully.
MSBuild server shut down successfully.

[32;1mscenario      [0m[32;1m round[0m[32;1m useCoordinator[0m[32;1m highPriority[0m[32;1m nodeBudget[0m[32;1m slice[0m[32;1m reservation[0m[32;1m priorityAgingThreshold[0m[32;1m normalBuildCount[0m[32;1m h[0m
[32;1m              [0m[32;1m      [0m[32;1m               [0m[32;1m             [0m[32;1m           [0m[32;1m      [0m[32;1m            [0m[32;1m                       [0m[32;1m                 [0m[32;1m i[0m
[32;1m              [0m[32;1m      [0m[32;1m               [0m[32;1m             [0m[32;1m           [0m[32;1m      [0m[32;1m            [0m[32;1m                       [0m[32;1m                 [0m[32;1m g[0m
[32;1m              [0m[32;1m      [0m[32;1m               [0m[32;1m             [0m[32;1m           [0m[32;1m      [0m[32;1m            [0m[32;1m                       [0m[32;1m                 [0m[32;1m h[0m
[32;1m              [0m[32;1m      [0m[32;1m               [0m[32;1m             [0m[32;1m           [0m[32;1m      [0m[32;1m            [0m[32;1m                       [0m[32;1m                 [0m[32;1m B[0m
[32;1m              [0m[32;1m      [0m[32;1m               [0m[32;1m             [0m[32;1m           [0m[32;1m      [0m[32;1m            [0m[32;1m                       [0m[32;1m                 [0m[32;1m u[0m
[32;1m              [0m[32;1m      [0m[32;1m               [0m[32;1m             [0m[32;1m           [0m[32;1m      [0m[32;1m            [0m[32;1m                       [0m[32;1m                 [0m[32;1m i[0m
[32;1m              [0m[32;1m      [0m[32;1m               [0m[32;1m             [0m[32;1m           [0m[32;1m      [0m[32;1m            [0m[32;1m                       [0m[32;1m                 [0m[32;1m l[0m
[32;1m              [0m[32;1m      [0m[32;1m               [0m[32;1m             [0m[32;1m           [0m[32;1m      [0m[32;1m            [0m[32;1m                       [0m[32;1m                 [0m[32;1m d[0m
[32;1m              [0m[32;1m      [0m[32;1m               [0m[32;1m             [0m[32;1m           [0m[32;1m      [0m[32;1m            [0m[32;1m                       [0m[32;1m                 [0m[32;1m C[0m
[32;1m              [0m[32;1m      [0m[32;1m               [0m[32;1m             [0m[32;1m           [0m[32;1m      [0m[32;1m            [0m[32;1m                       [0m[32;1m                 [0m[32;1m o[0m
[32;1m              [0m[32;1m      [0m[32;1m               [0m[32;1m             [0m[32;1m           [0m[32;1m      [0m[32;1m            [0m[32;1m                       [0m[32;1m                 [0m[32;1m u[0m
[32;1m              [0m[32;1m      [0m[32;1m               [0m[32;1m             [0m[32;1m           [0m[32;1m      [0m[32;1m            [0m[32;1m                       [0m[32;1m                 [0m[32;1m n[0m
[32;1m              [0m[32;1m      [0m[32;1m               [0m[32;1m             [0m[32;1m           [0m[32;1m      [0m[32;1m            [0m[32;1m                       [0m[32;1m                 [0m[32;1m t[0m
[32;1m--------      [0m [32;1m-----[0m [32;1m--------------[0m [32;1m------------[0m [32;1m----------[0m [32;1m-----[0m [32;1m-----------[0m [32;1m----------------------[0m [32;1m----------------[0m [32;1m-[0m
no-coordinator     1          False Normal                4     0           0                      3                1 0

Summary CSV: C:\perf\results\node-count-clean-solution-20260804-175600\roslyn\block-006\attempt-01\N4\benchmark\scenario-summary.csv
HEAD is now at bc396b5e Revert "Update VSSDK to 18.9.496-Preview" (#84363)
BenchmarkRoot: C:\perf\repos\roslyn
RepositoryName: roslyn
BuildPath: Compilers.slnf
TouchFileRelativePath: src\Compilers\Core\Portable\Diagnostic\Diagnostic.cs
DotNetPath: C:\perf\coordinator-bootstrap-staging\8fe6721c8d58-1F456A53A870\core\dotnet.exe
MSBuildDllPath: C:\perf\coordinator-bootstrap-staging\8fe6721c8d58-1F456A53A870\core\sdk\11.0.100-preview.7.26360.111\MSBuild.dll
WorkRoot: C:\w\rf
OutputRoot: C:\perf\results\node-count-clean-solution-20260804-175600\roslyn\block-006\attempt-01\N16\setup
Logical processors: 16
NodeBudget: 16
Slice: 4
Reservation: 4
PriorityAgingThreshold: 3
NormalBuildCount: 1
HighBuildCount: 0
Scenarios: no-coordinator
[restore-normal1] C:\perf\coordinator-bootstrap-staging\8fe6721c8d58-1F456A53A870\core\dotnet.exe C:\perf\coordinator-bootstrap-staging\8fe6721c8d58-1F456A53A870\core\sdk\11.0.100-preview.7.26360.111\MSBuild.dll Compilers.slnf /t:Restore /v:q /nodeReuse:false /p:UseSharedCompilation=false
MSBuild version 18.10.0-dev.26373.1+8fe6721c8 for .NET
Summary CSV: C:\perf\results\node-count-clean-solution-20260804-175600\roslyn\block-006\attempt-01\N16\setup\scenario-summary.csv
Shutting down MSBuild server...
Shutting down VB/C# compiler server...
VB/C# compiler server shut down successfully.
MSBuild server shut down successfully.
BenchmarkRoot: C:\perf\repos\roslyn
RepositoryName: roslyn-b6-a1-N16
BuildPath: Compilers.slnf
TouchFileRelativePath: src\Compilers\Core\Portable\Diagnostic\Diagnostic.cs
DotNetPath: C:\perf\coordinator-bootstrap-staging\8fe6721c8d58-1F456A53A870\core\dotnet.exe
MSBuildDllPath: C:\perf\coordinator-bootstrap-staging\8fe6721c8d58-1F456A53A870\core\sdk\11.0.100-preview.7.26360.111\MSBuild.dll
WorkRoot: C:\w\rf
OutputRoot: C:\perf\results\node-count-clean-solution-20260804-175600\roslyn\block-006\attempt-01\N16\benchmark
Logical processors: 16
NodeBudget: 16
Slice: 0
Reservation: 0
PriorityAgingThreshold: 3
NormalBuildCount: 1
HighBuildCount: 0
Scenarios: no-coordinator
Starting no-coordinator-r1 (coordinator=False, high priority=Normal, /m:16)
[shutdown-no-coordinator-r1] C:\perf\coordinator-bootstrap-staging\8fe6721c8d58-1F456A53A870\core\dotnet.exe build-server shutdown
Shutting down MSBuild server...
Shutting down VB/C# compiler server...
VB/C# compiler server shut down successfully.
MSBuild server shut down successfully.
[shutdown-after-no-coordinator-r1] C:\perf\coordinator-bootstrap-staging\8fe6721c8d58-1F456A53A870\core\dotnet.exe build-server shutdown
Shutting down MSBuild server...
Shutting down VB/C# compiler server...
VB/C# compiler server shut down successfully.
MSBuild server shut down successfully.

[32;1mscenario      [0m[32;1m round[0m[32;1m useCoordinator[0m[32;1m highPriority[0m[32;1m nodeBudget[0m[32;1m slice[0m[32;1m reservation[0m[32;1m priorityAgingThreshold[0m[32;1m normalBuildCount[0m[32;1m h[0m
[32;1m              [0m[32;1m      [0m[32;1m               [0m[32;1m             [0m[32;1m           [0m[32;1m      [0m[32;1m            [0m[32;1m                       [0m[32;1m                 [0m[32;1m i[0m
[32;1m              [0m[32;1m      [0m[32;1m               [0m[32;1m             [0m[32;1m           [0m[32;1m      [0m[32;1m            [0m[32;1m                       [0m[32;1m                 [0m[32;1m g[0m
[32;1m              [0m[32;1m      [0m[32;1m               [0m[32;1m             [0m[32;1m           [0m[32;1m      [0m[32;1m            [0m[32;1m                       [0m[32;1m                 [0m[32;1m h[0m
[32;1m              [0m[32;1m      [0m[32;1m               [0m[32;1m             [0m[32;1m           [0m[32;1m      [0m[32;1m            [0m[32;1m                       [0m[32;1m                 [0m[32;1m B[0m
[32;1m              [0m[32;1m      [0m[32;1m               [0m[32;1m             [0m[32;1m           [0m[32;1m      [0m[32;1m            [0m[32;1m                       [0m[32;1m                 [0m[32;1m u[0m
[32;1m              [0m[32;1m      [0m[32;1m               [0m[32;1m             [0m[32;1m           [0m[32;1m      [0m[32;1m            [0m[32;1m                       [0m[32;1m                 [0m[32;1m i[0m
[32;1m              [0m[32;1m      [0m[32;1m               [0m[32;1m             [0m[32;1m           [0m[32;1m      [0m[32;1m            [0m[32;1m                       [0m[32;1m                 [0m[32;1m l[0m
[32;1m              [0m[32;1m      [0m[32;1m               [0m[32;1m             [0m[32;1m           [0m[32;1m      [0m[32;1m            [0m[32;1m                       [0m[32;1m                 [0m[32;1m d[0m
[32;1m              [0m[32;1m      [0m[32;1m               [0m[32;1m             [0m[32;1m           [0m[32;1m      [0m[32;1m            [0m[32;1m                       [0m[32;1m                 [0m[32;1m C[0m
[32;1m              [0m[32;1m      [0m[32;1m               [0m[32;1m             [0m[32;1m           [0m[32;1m      [0m[32;1m            [0m[32;1m                       [0m[32;1m                 [0m[32;1m o[0m
[32;1m              [0m[32;1m      [0m[32;1m               [0m[32;1m             [0m[32;1m           [0m[32;1m      [0m[32;1m            [0m[32;1m                       [0m[32;1m                 [0m[32;1m u[0m
[32;1m              [0m[32;1m      [0m[32;1m               [0m[32;1m             [0m[32;1m           [0m[32;1m      [0m[32;1m            [0m[32;1m                       [0m[32;1m                 [0m[32;1m n[0m
[32;1m              [0m[32;1m      [0m[32;1m               [0m[32;1m             [0m[32;1m           [0m[32;1m      [0m[32;1m            [0m[32;1m                       [0m[32;1m                 [0m[32;1m t[0m
[32;1m--------      [0m [32;1m-----[0m [32;1m--------------[0m [32;1m------------[0m [32;1m----------[0m [32;1m-----[0m [32;1m-----------[0m [32;1m----------------------[0m [32;1m----------------[0m [32;1m-[0m
no-coordinator     1          False Normal               16     0           0                      3                1 0

Summary CSV: C:\perf\results\node-count-clean-solution-20260804-175600\roslyn\block-006\attempt-01\N16\benchmark\scenario-summary.csv
HEAD is now at bc396b5e Revert "Update VSSDK to 18.9.496-Preview" (#84363)
BenchmarkRoot: C:\perf\repos\roslyn
RepositoryName: roslyn
BuildPath: Compilers.slnf
TouchFileRelativePath: src\Compilers\Core\Portable\Diagnostic\Diagnostic.cs
DotNetPath: C:\perf\coordinator-bootstrap-staging\8fe6721c8d58-1F456A53A870\core\dotnet.exe
MSBuildDllPath: C:\perf\coordinator-bootstrap-staging\8fe6721c8d58-1F456A53A870\core\sdk\11.0.100-preview.7.26360.111\MSBuild.dll
WorkRoot: C:\w\rf
OutputRoot: C:\perf\results\node-count-clean-solution-20260804-175600\roslyn\block-006\attempt-01\N8\setup
Logical processors: 16
NodeBudget: 8
Slice: 4
Reservation: 4
PriorityAgingThreshold: 3
NormalBuildCount: 1
HighBuildCount: 0
Scenarios: no-coordinator
[restore-normal1] C:\perf\coordinator-bootstrap-staging\8fe6721c8d58-1F456A53A870\core\dotnet.exe C:\perf\coordinator-bootstrap-staging\8fe6721c8d58-1F456A53A870\core\sdk\11.0.100-preview.7.26360.111\MSBuild.dll Compilers.slnf /t:Restore /v:q /nodeReuse:false /p:UseSharedCompilation=false
MSBuild version 18.10.0-dev.26373.1+8fe6721c8 for .NET
Summary CSV: C:\perf\results\node-count-clean-solution-20260804-175600\roslyn\block-006\attempt-01\N8\setup\scenario-summary.csv
Shutting down MSBuild server...
Shutting down VB/C# compiler server...
VB/C# compiler server shut down successfully.
MSBuild server shut down successfully.
BenchmarkRoot: C:\perf\repos\roslyn
RepositoryName: roslyn-b6-a1-N8
BuildPath: Compilers.slnf
TouchFileRelativePath: src\Compilers\Core\Portable\Diagnostic\Diagnostic.cs
DotNetPath: C:\perf\coordinator-bootstrap-staging\8fe6721c8d58-1F456A53A870\core\dotnet.exe
MSBuildDllPath: C:\perf\coordinator-bootstrap-staging\8fe6721c8d58-1F456A53A870\core\sdk\11.0.100-preview.7.26360.111\MSBuild.dll
WorkRoot: C:\w\rf
OutputRoot: C:\perf\results\node-count-clean-solution-20260804-175600\roslyn\block-006\attempt-01\N8\benchmark
Logical processors: 16
NodeBudget: 8
Slice: 0
Reservation: 0
PriorityAgingThreshold: 3
NormalBuildCount: 1
HighBuildCount: 0
Scenarios: no-coordinator
Starting no-coordinator-r1 (coordinator=False, high priority=Normal, /m:8)
[shutdown-no-coordinator-r1] C:\perf\coordinator-bootstrap-staging\8fe6721c8d58-1F456A53A870\core\dotnet.exe build-server shutdown
Shutting down MSBuild server...
Shutting down VB/C# compiler server...
VB/C# compiler server shut down successfully.
MSBuild server shut down successfully.
[shutdown-after-no-coordinator-r1] C:\perf\coordinator-bootstrap-staging\8fe6721c8d58-1F456A53A870\core\dotnet.exe build-server shutdown
Shutting down MSBuild server...
Shutting down VB/C# compiler server...
VB/C# compiler server shut down successfully.
MSBuild server shut down successfully.

[32;1mscenario      [0m[32;1m round[0m[32;1m useCoordinator[0m[32;1m highPriority[0m[32;1m nodeBudget[0m[32;1m slice[0m[32;1m reservation[0m[32;1m priorityAgingThreshold[0m[32;1m normalBuildCount[0m[32;1m h[0m
[32;1m              [0m[32;1m      [0m[32;1m               [0m[32;1m             [0m[32;1m           [0m[32;1m      [0m[32;1m            [0m[32;1m                       [0m[32;1m                 [0m[32;1m i[0m
[32;1m              [0m[32;1m      [0m[32;1m               [0m[32;1m             [0m[32;1m           [0m[32;1m      [0m[32;1m            [0m[32;1m                       [0m[32;1m                 [0m[32;1m g[0m
[32;1m              [0m[32;1m      [0m[32;1m               [0m[32;1m             [0m[32;1m           [0m[32;1m      [0m[32;1m            [0m[32;1m                       [0m[32;1m                 [0m[32;1m h[0m
[32;1m              [0m[32;1m      [0m[32;1m               [0m[32;1m             [0m[32;1m           [0m[32;1m      [0m[32;1m            [0m[32;1m                       [0m[32;1m                 [0m[32;1m B[0m
[32;1m              [0m[32;1m      [0m[32;1m               [0m[32;1m             [0m[32;1m           [0m[32;1m      [0m[32;1m            [0m[32;1m                       [0m[32;1m                 [0m[32;1m u[0m
[32;1m              [0m[32;1m      [0m[32;1m               [0m[32;1m             [0m[32;1m           [0m[32;1m      [0m[32;1m            [0m[32;1m                       [0m[32;1m                 [0m[32;1m i[0m
[32;1m              [0m[32;1m      [0m[32;1m               [0m[32;1m             [0m[32;1m           [0m[32;1m      [0m[32;1m            [0m[32;1m                       [0m[32;1m                 [0m[32;1m l[0m
[32;1m              [0m[32;1m      [0m[32;1m               [0m[32;1m             [0m[32;1m           [0m[32;1m      [0m[32;1m            [0m[32;1m                       [0m[32;1m                 [0m[32;1m d[0m
[32;1m              [0m[32;1m      [0m[32;1m               [0m[32;1m             [0m[32;1m           [0m[32;1m      [0m[32;1m            [0m[32;1m                       [0m[32;1m                 [0m[32;1m C[0m
[32;1m              [0m[32;1m      [0m[32;1m               [0m[32;1m             [0m[32;1m           [0m[32;1m      [0m[32;1m            [0m[32;1m                       [0m[32;1m                 [0m[32;1m o[0m
[32;1m              [0m[32;1m      [0m[32;1m               [0m[32;1m             [0m[32;1m           [0m[32;1m      [0m[32;1m            [0m[32;1m                       [0m[32;1m                 [0m[32;1m u[0m
[32;1m              [0m[32;1m      [0m[32;1m               [0m[32;1m             [0m[32;1m           [0m[32;1m      [0m[32;1m            [0m[32;1m                       [0m[32;1m                 [0m[32;1m n[0m
[32;1m              [0m[32;1m      [0m[32;1m               [0m[32;1m             [0m[32;1m           [0m[32;1m      [0m[32;1m            [0m[32;1m                       [0m[32;1m                 [0m[32;1m t[0m
[32;1m--------      [0m [32;1m-----[0m [32;1m--------------[0m [32;1m------------[0m [32;1m----------[0m [32;1m-----[0m [32;1m-----------[0m [32;1m----------------------[0m [32;1m----------------[0m [32;1m-[0m
no-coordinator     1          False Normal                8     0           0                      3                1 0

Summary CSV: C:\perf\results\node-count-clean-solution-20260804-175600\roslyn\block-006\attempt-01\N8\benchmark\scenario-summary.csv
HEAD is now at bc396b5e Revert "Update VSSDK to 18.9.496-Preview" (#84363)
BenchmarkRoot: C:\perf\repos\roslyn
RepositoryName: roslyn
BuildPath: Compilers.slnf
TouchFileRelativePath: src\Compilers\Core\Portable\Diagnostic\Diagnostic.cs
DotNetPath: C:\perf\coordinator-bootstrap-staging\8fe6721c8d58-1F456A53A870\core\dotnet.exe
MSBuildDllPath: C:\perf\coordinator-bootstrap-staging\8fe6721c8d58-1F456A53A870\core\sdk\11.0.100-preview.7.26360.111\MSBuild.dll
WorkRoot: C:\w\rf
OutputRoot: C:\perf\results\node-count-clean-solution-20260804-175600\roslyn\block-007\attempt-01\N8\setup
Logical processors: 16
NodeBudget: 8
Slice: 4
Reservation: 4
PriorityAgingThreshold: 3
NormalBuildCount: 1
HighBuildCount: 0
Scenarios: no-coordinator
[restore-normal1] C:\perf\coordinator-bootstrap-staging\8fe6721c8d58-1F456A53A870\core\dotnet.exe C:\perf\coordinator-bootstrap-staging\8fe6721c8d58-1F456A53A870\core\sdk\11.0.100-preview.7.26360.111\MSBuild.dll Compilers.slnf /t:Restore /v:q /nodeReuse:false /p:UseSharedCompilation=false
MSBuild version 18.10.0-dev.26373.1+8fe6721c8 for .NET
Summary CSV: C:\perf\results\node-count-clean-solution-20260804-175600\roslyn\block-007\attempt-01\N8\setup\scenario-summary.csv
Shutting down MSBuild server...
Shutting down VB/C# compiler server...
VB/C# compiler server shut down successfully.
MSBuild server shut down successfully.
BenchmarkRoot: C:\perf\repos\roslyn
RepositoryName: roslyn-b7-a1-N8
BuildPath: Compilers.slnf
TouchFileRelativePath: src\Compilers\Core\Portable\Diagnostic\Diagnostic.cs
DotNetPath: C:\perf\coordinator-bootstrap-staging\8fe6721c8d58-1F456A53A870\core\dotnet.exe
MSBuildDllPath: C:\perf\coordinator-bootstrap-staging\8fe6721c8d58-1F456A53A870\core\sdk\11.0.100-preview.7.26360.111\MSBuild.dll
WorkRoot: C:\w\rf
OutputRoot: C:\perf\results\node-count-clean-solution-20260804-175600\roslyn\block-007\attempt-01\N8\benchmark
Logical processors: 16
NodeBudget: 8
Slice: 0
Reservation: 0
PriorityAgingThreshold: 3
NormalBuildCount: 1
HighBuildCount: 0
Scenarios: no-coordinator
Starting no-coordinator-r1 (coordinator=False, high priority=Normal, /m:8)
[shutdown-no-coordinator-r1] C:\perf\coordinator-bootstrap-staging\8fe6721c8d58-1F456A53A870\core\dotnet.exe build-server shutdown
Shutting down MSBuild server...
Shutting down VB/C# compiler server...
MSBuild server shut down successfully.
VB/C# compiler server shut down successfully.
[shutdown-after-no-coordinator-r1] C:\perf\coordinator-bootstrap-staging\8fe6721c8d58-1F456A53A870\core\dotnet.exe build-server shutdown
Shutting down MSBuild server...
Shutting down VB/C# compiler server...
VB/C# compiler server shut down successfully.
MSBuild server shut down successfully.

[32;1mscenario      [0m[32;1m round[0m[32;1m useCoordinator[0m[32;1m highPriority[0m[32;1m nodeBudget[0m[32;1m slice[0m[32;1m reservation[0m[32;1m priorityAgingThreshold[0m[32;1m normalBuildCount[0m[32;1m h[0m
[32;1m              [0m[32;1m      [0m[32;1m               [0m[32;1m             [0m[32;1m           [0m[32;1m      [0m[32;1m            [0m[32;1m                       [0m[32;1m                 [0m[32;1m i[0m
[32;1m              [0m[32;1m      [0m[32;1m               [0m[32;1m             [0m[32;1m           [0m[32;1m      [0m[32;1m            [0m[32;1m                       [0m[32;1m                 [0m[32;1m g[0m
[32;1m              [0m[32;1m      [0m[32;1m               [0m[32;1m             [0m[32;1m           [0m[32;1m      [0m[32;1m            [0m[32;1m                       [0m[32;1m                 [0m[32;1m h[0m
[32;1m              [0m[32;1m      [0m[32;1m               [0m[32;1m             [0m[32;1m           [0m[32;1m      [0m[32;1m            [0m[32;1m                       [0m[32;1m                 [0m[32;1m B[0m
[32;1m              [0m[32;1m      [0m[32;1m               [0m[32;1m             [0m[32;1m           [0m[32;1m      [0m[32;1m            [0m[32;1m                       [0m[32;1m                 [0m[32;1m u[0m
[32;1m              [0m[32;1m      [0m[32;1m               [0m[32;1m             [0m[32;1m           [0m[32;1m      [0m[32;1m            [0m[32;1m                       [0m[32;1m                 [0m[32;1m i[0m
[32;1m              [0m[32;1m      [0m[32;1m               [0m[32;1m             [0m[32;1m           [0m[32;1m      [0m[32;1m            [0m[32;1m                       [0m[32;1m                 [0m[32;1m l[0m
[32;1m              [0m[32;1m      [0m[32;1m               [0m[32;1m             [0m[32;1m           [0m[32;1m      [0m[32;1m            [0m[32;1m                       [0m[32;1m                 [0m[32;1m d[0m
[32;1m              [0m[32;1m      [0m[32;1m               [0m[32;1m             [0m[32;1m           [0m[32;1m      [0m[32;1m            [0m[32;1m                       [0m[32;1m                 [0m[32;1m C[0m
[32;1m              [0m[32;1m      [0m[32;1m               [0m[32;1m             [0m[32;1m           [0m[32;1m      [0m[32;1m            [0m[32;1m                       [0m[32;1m                 [0m[32;1m o[0m
[32;1m              [0m[32;1m      [0m[32;1m               [0m[32;1m             [0m[32;1m           [0m[32;1m      [0m[32;1m            [0m[32;1m                       [0m[32;1m                 [0m[32;1m u[0m
[32;1m              [0m[32;1m      [0m[32;1m               [0m[32;1m             [0m[32;1m           [0m[32;1m      [0m[32;1m            [0m[32;1m                       [0m[32;1m                 [0m[32;1m n[0m
[32;1m              [0m[32;1m      [0m[32;1m               [0m[32;1m             [0m[32;1m           [0m[32;1m      [0m[32;1m            [0m[32;1m                       [0m[32;1m                 [0m[32;1m t[0m
[32;1m--------      [0m [32;1m-----[0m [32;1m--------------[0m [32;1m------------[0m [32;1m----------[0m [32;1m-----[0m [32;1m-----------[0m [32;1m----------------------[0m [32;1m----------------[0m [32;1m-[0m
no-coordinator     1          False Normal                8     0           0                      3                1 0

Summary CSV: C:\perf\results\node-count-clean-solution-20260804-175600\roslyn\block-007\attempt-01\N8\benchmark\scenario-summary.csv
HEAD is now at bc396b5e Revert "Update VSSDK to 18.9.496-Preview" (#84363)
BenchmarkRoot: C:\perf\repos\roslyn
RepositoryName: roslyn
BuildPath: Compilers.slnf
TouchFileRelativePath: src\Compilers\Core\Portable\Diagnostic\Diagnostic.cs
DotNetPath: C:\perf\coordinator-bootstrap-staging\8fe6721c8d58-1F456A53A870\core\dotnet.exe
MSBuildDllPath: C:\perf\coordinator-bootstrap-staging\8fe6721c8d58-1F456A53A870\core\sdk\11.0.100-preview.7.26360.111\MSBuild.dll
WorkRoot: C:\w\rf
OutputRoot: C:\perf\results\node-count-clean-solution-20260804-175600\roslyn\block-007\attempt-01\N4\setup
Logical processors: 16
NodeBudget: 4
Slice: 4
Reservation: 4
PriorityAgingThreshold: 3
NormalBuildCount: 1
HighBuildCount: 0
Scenarios: no-coordinator
[restore-normal1] C:\perf\coordinator-bootstrap-staging\8fe6721c8d58-1F456A53A870\core\dotnet.exe C:\perf\coordinator-bootstrap-staging\8fe6721c8d58-1F456A53A870\core\sdk\11.0.100-preview.7.26360.111\MSBuild.dll Compilers.slnf /t:Restore /v:q /nodeReuse:false /p:UseSharedCompilation=false
MSBuild version 18.10.0-dev.26373.1+8fe6721c8 for .NET
Summary CSV: C:\perf\results\node-count-clean-solution-20260804-175600\roslyn\block-007\attempt-01\N4\setup\scenario-summary.csv
Shutting down MSBuild server...
Shutting down VB/C# compiler server...
VB/C# compiler server shut down successfully.
MSBuild server shut down successfully.
BenchmarkRoot: C:\perf\repos\roslyn
RepositoryName: roslyn-b7-a1-N4
BuildPath: Compilers.slnf
TouchFileRelativePath: src\Compilers\Core\Portable\Diagnostic\Diagnostic.cs
DotNetPath: C:\perf\coordinator-bootstrap-staging\8fe6721c8d58-1F456A53A870\core\dotnet.exe
MSBuildDllPath: C:\perf\coordinator-bootstrap-staging\8fe6721c8d58-1F456A53A870\core\sdk\11.0.100-preview.7.26360.111\MSBuild.dll
WorkRoot: C:\w\rf
OutputRoot: C:\perf\results\node-count-clean-solution-20260804-175600\roslyn\block-007\attempt-01\N4\benchmark
Logical processors: 16
NodeBudget: 4
Slice: 0
Reservation: 0
PriorityAgingThreshold: 3
NormalBuildCount: 1
HighBuildCount: 0
Scenarios: no-coordinator
Starting no-coordinator-r1 (coordinator=False, high priority=Normal, /m:4)
[shutdown-no-coordinator-r1] C:\perf\coordinator-bootstrap-staging\8fe6721c8d58-1F456A53A870\core\dotnet.exe build-server shutdown
Shutting down MSBuild server...
Shutting down VB/C# compiler server...
VB/C# compiler server shut down successfully.
MSBuild server shut down successfully.
[shutdown-after-no-coordinator-r1] C:\perf\coordinator-bootstrap-staging\8fe6721c8d58-1F456A53A870\core\dotnet.exe build-server shutdown
Shutting down MSBuild server...
Shutting down VB/C# compiler server...
VB/C# compiler server shut down successfully.
MSBuild server shut down successfully.

[32;1mscenario      [0m[32;1m round[0m[32;1m useCoordinator[0m[32;1m highPriority[0m[32;1m nodeBudget[0m[32;1m slice[0m[32;1m reservation[0m[32;1m priorityAgingThreshold[0m[32;1m normalBuildCount[0m[32;1m h[0m
[32;1m              [0m[32;1m      [0m[32;1m               [0m[32;1m             [0m[32;1m           [0m[32;1m      [0m[32;1m            [0m[32;1m                       [0m[32;1m                 [0m[32;1m i[0m
[32;1m              [0m[32;1m      [0m[32;1m               [0m[32;1m             [0m[32;1m           [0m[32;1m      [0m[32;1m            [0m[32;1m                       [0m[32;1m                 [0m[32;1m g[0m
[32;1m              [0m[32;1m      [0m[32;1m               [0m[32;1m             [0m[32;1m           [0m[32;1m      [0m[32;1m            [0m[32;1m                       [0m[32;1m                 [0m[32;1m h[0m
[32;1m              [0m[32;1m      [0m[32;1m               [0m[32;1m             [0m[32;1m           [0m[32;1m      [0m[32;1m            [0m[32;1m                       [0m[32;1m                 [0m[32;1m B[0m
[32;1m              [0m[32;1m      [0m[32;1m               [0m[32;1m             [0m[32;1m           [0m[32;1m      [0m[32;1m            [0m[32;1m                       [0m[32;1m                 [0m[32;1m u[0m
[32;1m              [0m[32;1m      [0m[32;1m               [0m[32;1m             [0m[32;1m           [0m[32;1m      [0m[32;1m            [0m[32;1m                       [0m[32;1m                 [0m[32;1m i[0m
[32;1m              [0m[32;1m      [0m[32;1m               [0m[32;1m             [0m[32;1m           [0m[32;1m      [0m[32;1m            [0m[32;1m                       [0m[32;1m                 [0m[32;1m l[0m
[32;1m              [0m[32;1m      [0m[32;1m               [0m[32;1m             [0m[32;1m           [0m[32;1m      [0m[32;1m            [0m[32;1m                       [0m[32;1m                 [0m[32;1m d[0m
[32;1m              [0m[32;1m      [0m[32;1m               [0m[32;1m             [0m[32;1m           [0m[32;1m      [0m[32;1m            [0m[32;1m                       [0m[32;1m                 [0m[32;1m C[0m
[32;1m              [0m[32;1m      [0m[32;1m               [0m[32;1m             [0m[32;1m           [0m[32;1m      [0m[32;1m            [0m[32;1m                       [0m[32;1m                 [0m[32;1m o[0m
[32;1m              [0m[32;1m      [0m[32;1m               [0m[32;1m             [0m[32;1m           [0m[32;1m      [0m[32;1m            [0m[32;1m                       [0m[32;1m                 [0m[32;1m u[0m
[32;1m              [0m[32;1m      [0m[32;1m               [0m[32;1m             [0m[32;1m           [0m[32;1m      [0m[32;1m            [0m[32;1m                       [0m[32;1m                 [0m[32;1m n[0m
[32;1m              [0m[32;1m      [0m[32;1m               [0m[32;1m             [0m[32;1m           [0m[32;1m      [0m[32;1m            [0m[32;1m                       [0m[32;1m                 [0m[32;1m t[0m
[32;1m--------      [0m [32;1m-----[0m [32;1m--------------[0m [32;1m------------[0m [32;1m----------[0m [32;1m-----[0m [32;1m-----------[0m [32;1m----------------------[0m [32;1m----------------[0m [32;1m-[0m
no-coordinator     1          False Normal                4     0           0                      3                1 0

Summary CSV: C:\perf\results\node-count-clean-solution-20260804-175600\roslyn\block-007\attempt-01\N4\benchmark\scenario-summary.csv
HEAD is now at bc396b5e Revert "Update VSSDK to 18.9.496-Preview" (#84363)
BenchmarkRoot: C:\perf\repos\roslyn
RepositoryName: roslyn
BuildPath: Compilers.slnf
TouchFileRelativePath: src\Compilers\Core\Portable\Diagnostic\Diagnostic.cs
DotNetPath: C:\perf\coordinator-bootstrap-staging\8fe6721c8d58-1F456A53A870\core\dotnet.exe
MSBuildDllPath: C:\perf\coordinator-bootstrap-staging\8fe6721c8d58-1F456A53A870\core\sdk\11.0.100-preview.7.26360.111\MSBuild.dll
WorkRoot: C:\w\rf
OutputRoot: C:\perf\results\node-count-clean-solution-20260804-175600\roslyn\block-007\attempt-01\N16\setup
Logical processors: 16
NodeBudget: 16
Slice: 4
Reservation: 4
PriorityAgingThreshold: 3
NormalBuildCount: 1
HighBuildCount: 0
Scenarios: no-coordinator
[restore-normal1] C:\perf\coordinator-bootstrap-staging\8fe6721c8d58-1F456A53A870\core\dotnet.exe C:\perf\coordinator-bootstrap-staging\8fe6721c8d58-1F456A53A870\core\sdk\11.0.100-preview.7.26360.111\MSBuild.dll Compilers.slnf /t:Restore /v:q /nodeReuse:false /p:UseSharedCompilation=false
MSBuild version 18.10.0-dev.26373.1+8fe6721c8 for .NET
Summary CSV: C:\perf\results\node-count-clean-solution-20260804-175600\roslyn\block-007\attempt-01\N16\setup\scenario-summary.csv
Shutting down MSBuild server...
Shutting down VB/C# compiler server...
VB/C# compiler server shut down successfully.
MSBuild server shut down successfully.
BenchmarkRoot: C:\perf\repos\roslyn
RepositoryName: roslyn-b7-a1-N16
BuildPath: Compilers.slnf
TouchFileRelativePath: src\Compilers\Core\Portable\Diagnostic\Diagnostic.cs
DotNetPath: C:\perf\coordinator-bootstrap-staging\8fe6721c8d58-1F456A53A870\core\dotnet.exe
MSBuildDllPath: C:\perf\coordinator-bootstrap-staging\8fe6721c8d58-1F456A53A870\core\sdk\11.0.100-preview.7.26360.111\MSBuild.dll
WorkRoot: C:\w\rf
OutputRoot: C:\perf\results\node-count-clean-solution-20260804-175600\roslyn\block-007\attempt-01\N16\benchmark
Logical processors: 16
NodeBudget: 16
Slice: 0
Reservation: 0
PriorityAgingThreshold: 3
NormalBuildCount: 1
HighBuildCount: 0
Scenarios: no-coordinator
Starting no-coordinator-r1 (coordinator=False, high priority=Normal, /m:16)
[shutdown-no-coordinator-r1] C:\perf\coordinator-bootstrap-staging\8fe6721c8d58-1F456A53A870\core\dotnet.exe build-server shutdown
Shutting down MSBuild server...
Shutting down VB/C# compiler server...
MSBuild server shut down successfully.
VB/C# compiler server shut down successfully.
[shutdown-after-no-coordinator-r1] C:\perf\coordinator-bootstrap-staging\8fe6721c8d58-1F456A53A870\core\dotnet.exe build-server shutdown
Shutting down MSBuild server...
Shutting down VB/C# compiler server...
VB/C# compiler server shut down successfully.
MSBuild server shut down successfully.

[32;1mscenario      [0m[32;1m round[0m[32;1m useCoordinator[0m[32;1m highPriority[0m[32;1m nodeBudget[0m[32;1m slice[0m[32;1m reservation[0m[32;1m priorityAgingThreshold[0m[32;1m normalBuildCount[0m[32;1m h[0m
[32;1m              [0m[32;1m      [0m[32;1m               [0m[32;1m             [0m[32;1m           [0m[32;1m      [0m[32;1m            [0m[32;1m                       [0m[32;1m                 [0m[32;1m i[0m
[32;1m              [0m[32;1m      [0m[32;1m               [0m[32;1m             [0m[32;1m           [0m[32;1m      [0m[32;1m            [0m[32;1m                       [0m[32;1m                 [0m[32;1m g[0m
[32;1m              [0m[32;1m      [0m[32;1m               [0m[32;1m             [0m[32;1m           [0m[32;1m      [0m[32;1m            [0m[32;1m                       [0m[32;1m                 [0m[32;1m h[0m
[32;1m              [0m[32;1m      [0m[32;1m               [0m[32;1m             [0m[32;1m           [0m[32;1m      [0m[32;1m            [0m[32;1m                       [0m[32;1m                 [0m[32;1m B[0m
[32;1m              [0m[32;1m      [0m[32;1m               [0m[32;1m             [0m[32;1m           [0m[32;1m      [0m[32;1m            [0m[32;1m                       [0m[32;1m                 [0m[32;1m u[0m
[32;1m              [0m[32;1m      [0m[32;1m               [0m[32;1m             [0m[32;1m           [0m[32;1m      [0m[32;1m            [0m[32;1m                       [0m[32;1m                 [0m[32;1m i[0m
[32;1m              [0m[32;1m      [0m[32;1m               [0m[32;1m             [0m[32;1m           [0m[32;1m      [0m[32;1m            [0m[32;1m                       [0m[32;1m                 [0m[32;1m l[0m
[32;1m              [0m[32;1m      [0m[32;1m               [0m[32;1m             [0m[32;1m           [0m[32;1m      [0m[32;1m            [0m[32;1m                       [0m[32;1m                 [0m[32;1m d[0m
[32;1m              [0m[32;1m      [0m[32;1m               [0m[32;1m             [0m[32;1m           [0m[32;1m      [0m[32;1m            [0m[32;1m                       [0m[32;1m                 [0m[32;1m C[0m
[32;1m              [0m[32;1m      [0m[32;1m               [0m[32;1m             [0m[32;1m           [0m[32;1m      [0m[32;1m            [0m[32;1m                       [0m[32;1m                 [0m[32;1m o[0m
[32;1m              [0m[32;1m      [0m[32;1m               [0m[32;1m             [0m[32;1m           [0m[32;1m      [0m[32;1m            [0m[32;1m                       [0m[32;1m                 [0m[32;1m u[0m
[32;1m              [0m[32;1m      [0m[32;1m               [0m[32;1m             [0m[32;1m           [0m[32;1m      [0m[32;1m            [0m[32;1m                       [0m[32;1m                 [0m[32;1m n[0m
[32;1m              [0m[32;1m      [0m[32;1m               [0m[32;1m             [0m[32;1m           [0m[32;1m      [0m[32;1m            [0m[32;1m                       [0m[32;1m                 [0m[32;1m t[0m
[32;1m--------      [0m [32;1m-----[0m [32;1m--------------[0m [32;1m------------[0m [32;1m----------[0m [32;1m-----[0m [32;1m-----------[0m [32;1m----------------------[0m [32;1m----------------[0m [32;1m-[0m
no-coordinator     1          False Normal               16     0           0                      3                1 0

Summary CSV: C:\perf\results\node-count-clean-solution-20260804-175600\roslyn\block-007\attempt-01\N16\benchmark\scenario-summary.csv
[33;1mWARNING: N16: 1 system-counter timestamp gap(s) exceeded the 5 second warning threshold; maximum 8.748 seconds.[0m
HEAD is now at 110a63d Add text filter to the console logs page (#18565)
BenchmarkRoot: C:\perf\repos\aspire
RepositoryName: aspire
BuildPath: Aspire-Core.slnf
TouchFileRelativePath: src\Aspire.Hosting\DistributedApplication.cs
DotNetPath: C:\perf\coordinator-bootstrap-staging\8fe6721c8d58-1F456A53A870\core\dotnet.exe
MSBuildDllPath: C:\perf\coordinator-bootstrap-staging\8fe6721c8d58-1F456A53A870\core\sdk\11.0.100-preview.7.26360.111\MSBuild.dll
WorkRoot: C:\w\af
OutputRoot: C:\perf\results\node-count-clean-solution-20260804-175600\aspire\block-001\attempt-01\N8\setup
Logical processors: 16
NodeBudget: 8
Slice: 4
Reservation: 4
PriorityAgingThreshold: 3
NormalBuildCount: 1
HighBuildCount: 0
Scenarios: no-coordinator
[restore-normal1] C:\perf\coordinator-bootstrap-staging\8fe6721c8d58-1F456A53A870\core\dotnet.exe C:\perf\coordinator-bootstrap-staging\8fe6721c8d58-1F456A53A870\core\sdk\11.0.100-preview.7.26360.111\MSBuild.dll Aspire-Core.slnf /t:Restore /v:q /nodeReuse:false /p:UseSharedCompilation=false /p:InstallBrowsersForPlaywright=false
MSBuild version 18.10.0-dev.26373.1+8fe6721c8 for .NET
Summary CSV: C:\perf\results\node-count-clean-solution-20260804-175600\aspire\block-001\attempt-01\N8\setup\scenario-summary.csv
Shutting down MSBuild server...
Shutting down VB/C# compiler server...
VB/C# compiler server shut down successfully.
MSBuild server shut down successfully.
BenchmarkRoot: C:\perf\repos\aspire
RepositoryName: aspire-b1-a1-N8
BuildPath: Aspire-Core.slnf
TouchFileRelativePath: src\Aspire.Hosting\DistributedApplication.cs
DotNetPath: C:\perf\coordinator-bootstrap-staging\8fe6721c8d58-1F456A53A870\core\dotnet.exe
MSBuildDllPath: C:\perf\coordinator-bootstrap-staging\8fe6721c8d58-1F456A53A870\core\sdk\11.0.100-preview.7.26360.111\MSBuild.dll
WorkRoot: C:\w\af
OutputRoot: C:\perf\results\node-count-clean-solution-20260804-175600\aspire\block-001\attempt-01\N8\benchmark
Logical processors: 16
NodeBudget: 8
Slice: 0
Reservation: 0
PriorityAgingThreshold: 3
NormalBuildCount: 1
HighBuildCount: 0
Scenarios: no-coordinator
Starting no-coordinator-r1 (coordinator=False, high priority=Normal, /m:8)
[shutdown-no-coordinator-r1] C:\perf\coordinator-bootstrap-staging\8fe6721c8d58-1F456A53A870\core\dotnet.exe build-server shutdown
Shutting down MSBuild server...
Shutting down VB/C# compiler server...
VB/C# compiler server shut down successfully.
MSBuild server shut down successfully.
[shutdown-after-no-coordinator-r1] C:\perf\coordinator-bootstrap-staging\8fe6721c8d58-1F456A53A870\core\dotnet.exe build-server shutdown
Shutting down MSBuild server...
Shutting down VB/C# compiler server...
VB/C# compiler server shut down successfully.
MSBuild server shut down successfully.

[32;1mscenario      [0m[32;1m round[0m[32;1m useCoordinator[0m[32;1m highPriority[0m[32;1m nodeBudget[0m[32;1m slice[0m[32;1m reservation[0m[32;1m priorityAgingThreshold[0m[32;1m normalBuildCount[0m[32;1m h[0m
[32;1m              [0m[32;1m      [0m[32;1m               [0m[32;1m             [0m[32;1m           [0m[32;1m      [0m[32;1m            [0m[32;1m                       [0m[32;1m                 [0m[32;1m i[0m
[32;1m              [0m[32;1m      [0m[32;1m               [0m[32;1m             [0m[32;1m           [0m[32;1m      [0m[32;1m            [0m[32;1m                       [0m[32;1m                 [0m[32;1m g[0m
[32;1m              [0m[32;1m      [0m[32;1m               [0m[32;1m             [0m[32;1m           [0m[32;1m      [0m[32;1m            [0m[32;1m                       [0m[32;1m                 [0m[32;1m h[0m
[32;1m              [0m[32;1m      [0m[32;1m               [0m[32;1m             [0m[32;1m           [0m[32;1m      [0m[32;1m            [0m[32;1m                       [0m[32;1m                 [0m[32;1m B[0m
[32;1m              [0m[32;1m      [0m[32;1m               [0m[32;1m             [0m[32;1m           [0m[32;1m      [0m[32;1m            [0m[32;1m                       [0m[32;1m                 [0m[32;1m u[0m
[32;1m              [0m[32;1m      [0m[32;1m               [0m[32;1m             [0m[32;1m           [0m[32;1m      [0m[32;1m            [0m[32;1m                       [0m[32;1m                 [0m[32;1m i[0m
[32;1m              [0m[32;1m      [0m[32;1m               [0m[32;1m             [0m[32;1m           [0m[32;1m      [0m[32;1m            [0m[32;1m                       [0m[32;1m                 [0m[32;1m l[0m
[32;1m              [0m[32;1m      [0m[32;1m               [0m[32;1m             [0m[32;1m           [0m[32;1m      [0m[32;1m            [0m[32;1m                       [0m[32;1m                 [0m[32;1m d[0m
[32;1m              [0m[32;1m      [0m[32;1m               [0m[32;1m             [0m[32;1m           [0m[32;1m      [0m[32;1m            [0m[32;1m                       [0m[32;1m                 [0m[32;1m C[0m
[32;1m              [0m[32;1m      [0m[32;1m               [0m[32;1m             [0m[32;1m           [0m[32;1m      [0m[32;1m            [0m[32;1m                       [0m[32;1m                 [0m[32;1m o[0m
[32;1m              [0m[32;1m      [0m[32;1m               [0m[32;1m             [0m[32;1m           [0m[32;1m      [0m[32;1m            [0m[32;1m                       [0m[32;1m                 [0m[32;1m u[0m
[32;1m              [0m[32;1m      [0m[32;1m               [0m[32;1m             [0m[32;1m           [0m[32;1m      [0m[32;1m            [0m[32;1m                       [0m[32;1m                 [0m[32;1m n[0m
[32;1m              [0m[32;1m      [0m[32;1m               [0m[32;1m             [0m[32;1m           [0m[32;1m      [0m[32;1m            [0m[32;1m                       [0m[32;1m                 [0m[32;1m t[0m
[32;1m--------      [0m [32;1m-----[0m [32;1m--------------[0m [32;1m------------[0m [32;1m----------[0m [32;1m-----[0m [32;1m-----------[0m [32;1m----------------------[0m [32;1m----------------[0m [32;1m-[0m
no-coordinator     1          False Normal                8     0           0                      3                1 0

Summary CSV: C:\perf\results\node-count-clean-solution-20260804-175600\aspire\block-001\attempt-01\N8\benchmark\scenario-summary.csv
HEAD is now at 110a63d Add text filter to the console logs page (#18565)
BenchmarkRoot: C:\perf\repos\aspire
RepositoryName: aspire
BuildPath: Aspire-Core.slnf
TouchFileRelativePath: src\Aspire.Hosting\DistributedApplication.cs
DotNetPath: C:\perf\coordinator-bootstrap-staging\8fe6721c8d58-1F456A53A870\core\dotnet.exe
MSBuildDllPath: C:\perf\coordinator-bootstrap-staging\8fe6721c8d58-1F456A53A870\core\sdk\11.0.100-preview.7.26360.111\MSBuild.dll
WorkRoot: C:\w\af
OutputRoot: C:\perf\results\node-count-clean-solution-20260804-175600\aspire\block-001\attempt-01\N4\setup
Logical processors: 16
NodeBudget: 4
Slice: 4
Reservation: 4
PriorityAgingThreshold: 3
NormalBuildCount: 1
HighBuildCount: 0
Scenarios: no-coordinator
[restore-normal1] C:\perf\coordinator-bootstrap-staging\8fe6721c8d58-1F456A53A870\core\dotnet.exe C:\perf\coordinator-bootstrap-staging\8fe6721c8d58-1F456A53A870\core\sdk\11.0.100-preview.7.26360.111\MSBuild.dll Aspire-Core.slnf /t:Restore /v:q /nodeReuse:false /p:UseSharedCompilation=false /p:InstallBrowsersForPlaywright=false
MSBuild version 18.10.0-dev.26373.1+8fe6721c8 for .NET
Summary CSV: C:\perf\results\node-count-clean-solution-20260804-175600\aspire\block-001\attempt-01\N4\setup\scenario-summary.csv
Shutting down MSBuild server...
Shutting down VB/C# compiler server...
VB/C# compiler server shut down successfully.
MSBuild server shut down successfully.
BenchmarkRoot: C:\perf\repos\aspire
RepositoryName: aspire-b1-a1-N4
BuildPath: Aspire-Core.slnf
TouchFileRelativePath: src\Aspire.Hosting\DistributedApplication.cs
DotNetPath: C:\perf\coordinator-bootstrap-staging\8fe6721c8d58-1F456A53A870\core\dotnet.exe
MSBuildDllPath: C:\perf\coordinator-bootstrap-staging\8fe6721c8d58-1F456A53A870\core\sdk\11.0.100-preview.7.26360.111\MSBuild.dll
WorkRoot: C:\w\af
OutputRoot: C:\perf\results\node-count-clean-solution-20260804-175600\aspire\block-001\attempt-01\N4\benchmark
Logical processors: 16
NodeBudget: 4
Slice: 0
Reservation: 0
PriorityAgingThreshold: 3
NormalBuildCount: 1
HighBuildCount: 0
Scenarios: no-coordinator
Starting no-coordinator-r1 (coordinator=False, high priority=Normal, /m:4)
[shutdown-no-coordinator-r1] C:\perf\coordinator-bootstrap-staging\8fe6721c8d58-1F456A53A870\core\dotnet.exe build-server shutdown
Shutting down MSBuild server...
Shutting down VB/C# compiler server...
VB/C# compiler server shut down successfully.
MSBuild server shut down successfully.
[shutdown-after-no-coordinator-r1] C:\perf\coordinator-bootstrap-staging\8fe6721c8d58-1F456A53A870\core\dotnet.exe build-server shutdown
Shutting down MSBuild server...
Shutting down VB/C# compiler server...
VB/C# compiler server shut down successfully.
MSBuild server shut down successfully.

[32;1mscenario      [0m[32;1m round[0m[32;1m useCoordinator[0m[32;1m highPriority[0m[32;1m nodeBudget[0m[32;1m slice[0m[32;1m reservation[0m[32;1m priorityAgingThreshold[0m[32;1m normalBuildCount[0m[32;1m h[0m
[32;1m              [0m[32;1m      [0m[32;1m               [0m[32;1m             [0m[32;1m           [0m[32;1m      [0m[32;1m            [0m[32;1m                       [0m[32;1m                 [0m[32;1m i[0m
[32;1m              [0m[32;1m      [0m[32;1m               [0m[32;1m             [0m[32;1m           [0m[32;1m      [0m[32;1m            [0m[32;1m                       [0m[32;1m                 [0m[32;1m g[0m
[32;1m              [0m[32;1m      [0m[32;1m               [0m[32;1m             [0m[32;1m           [0m[32;1m      [0m[32;1m            [0m[32;1m                       [0m[32;1m                 [0m[32;1m h[0m
[32;1m              [0m[32;1m      [0m[32;1m               [0m[32;1m             [0m[32;1m           [0m[32;1m      [0m[32;1m            [0m[32;1m                       [0m[32;1m                 [0m[32;1m B[0m
[32;1m              [0m[32;1m      [0m[32;1m               [0m[32;1m             [0m[32;1m           [0m[32;1m      [0m[32;1m            [0m[32;1m                       [0m[32;1m                 [0m[32;1m u[0m
[32;1m              [0m[32;1m      [0m[32;1m               [0m[32;1m             [0m[32;1m           [0m[32;1m      [0m[32;1m            [0m[32;1m                       [0m[32;1m                 [0m[32;1m i[0m
[32;1m              [0m[32;1m      [0m[32;1m               [0m[32;1m             [0m[32;1m           [0m[32;1m      [0m[32;1m            [0m[32;1m                       [0m[32;1m                 [0m[32;1m l[0m
[32;1m              [0m[32;1m      [0m[32;1m               [0m[32;1m             [0m[32;1m           [0m[32;1m      [0m[32;1m            [0m[32;1m                       [0m[32;1m                 [0m[32;1m d[0m
[32;1m              [0m[32;1m      [0m[32;1m               [0m[32;1m             [0m[32;1m           [0m[32;1m      [0m[32;1m            [0m[32;1m                       [0m[32;1m                 [0m[32;1m C[0m
[32;1m              [0m[32;1m      [0m[32;1m               [0m[32;1m             [0m[32;1m           [0m[32;1m      [0m[32;1m            [0m[32;1m                       [0m[32;1m                 [0m[32;1m o[0m
[32;1m              [0m[32;1m      [0m[32;1m               [0m[32;1m             [0m[32;1m           [0m[32;1m      [0m[32;1m            [0m[32;1m                       [0m[32;1m                 [0m[32;1m u[0m
[32;1m              [0m[32;1m      [0m[32;1m               [0m[32;1m             [0m[32;1m           [0m[32;1m      [0m[32;1m            [0m[32;1m                       [0m[32;1m                 [0m[32;1m n[0m
[32;1m              [0m[32;1m      [0m[32;1m               [0m[32;1m             [0m[32;1m           [0m[32;1m      [0m[32;1m            [0m[32;1m                       [0m[32;1m                 [0m[32;1m t[0m
[32;1m--------      [0m [32;1m-----[0m [32;1m--------------[0m [32;1m------------[0m [32;1m----------[0m [32;1m-----[0m [32;1m-----------[0m [32;1m----------------------[0m [32;1m----------------[0m [32;1m-[0m
no-coordinator     1          False Normal                4     0           0                      3                1 0

Summary CSV: C:\perf\results\node-count-clean-solution-20260804-175600\aspire\block-001\attempt-01\N4\benchmark\scenario-summary.csv
HEAD is now at 110a63d Add text filter to the console logs page (#18565)
BenchmarkRoot: C:\perf\repos\aspire
RepositoryName: aspire
BuildPath: Aspire-Core.slnf
TouchFileRelativePath: src\Aspire.Hosting\DistributedApplication.cs
DotNetPath: C:\perf\coordinator-bootstrap-staging\8fe6721c8d58-1F456A53A870\core\dotnet.exe
MSBuildDllPath: C:\perf\coordinator-bootstrap-staging\8fe6721c8d58-1F456A53A870\core\sdk\11.0.100-preview.7.26360.111\MSBuild.dll
WorkRoot: C:\w\af
OutputRoot: C:\perf\results\node-count-clean-solution-20260804-175600\aspire\block-001\attempt-01\N16\setup
Logical processors: 16
NodeBudget: 16
Slice: 4
Reservation: 4
PriorityAgingThreshold: 3
NormalBuildCount: 1
HighBuildCount: 0
Scenarios: no-coordinator
[restore-normal1] C:\perf\coordinator-bootstrap-staging\8fe6721c8d58-1F456A53A870\core\dotnet.exe C:\perf\coordinator-bootstrap-staging\8fe6721c8d58-1F456A53A870\core\sdk\11.0.100-preview.7.26360.111\MSBuild.dll Aspire-Core.slnf /t:Restore /v:q /nodeReuse:false /p:UseSharedCompilation=false /p:InstallBrowsersForPlaywright=false
MSBuild version 18.10.0-dev.26373.1+8fe6721c8 for .NET
Summary CSV: C:\perf\results\node-count-clean-solution-20260804-175600\aspire\block-001\attempt-01\N16\setup\scenario-summary.csv
Shutting down MSBuild server...
Shutting down VB/C# compiler server...
VB/C# compiler server shut down successfully.
MSBuild server shut down successfully.
BenchmarkRoot: C:\perf\repos\aspire
RepositoryName: aspire-b1-a1-N16
BuildPath: Aspire-Core.slnf
TouchFileRelativePath: src\Aspire.Hosting\DistributedApplication.cs
DotNetPath: C:\perf\coordinator-bootstrap-staging\8fe6721c8d58-1F456A53A870\core\dotnet.exe
MSBuildDllPath: C:\perf\coordinator-bootstrap-staging\8fe6721c8d58-1F456A53A870\core\sdk\11.0.100-preview.7.26360.111\MSBuild.dll
WorkRoot: C:\w\af
OutputRoot: C:\perf\results\node-count-clean-solution-20260804-175600\aspire\block-001\attempt-01\N16\benchmark
Logical processors: 16
NodeBudget: 16
Slice: 0
Reservation: 0
PriorityAgingThreshold: 3
NormalBuildCount: 1
HighBuildCount: 0
Scenarios: no-coordinator
Starting no-coordinator-r1 (coordinator=False, high priority=Normal, /m:16)
[shutdown-no-coordinator-r1] C:\perf\coordinator-bootstrap-staging\8fe6721c8d58-1F456A53A870\core\dotnet.exe build-server shutdown
Shutting down MSBuild server...
Shutting down VB/C# compiler server...
MSBuild server shut down successfully.
VB/C# compiler server shut down successfully.
[shutdown-after-no-coordinator-r1] C:\perf\coordinator-bootstrap-staging\8fe6721c8d58-1F456A53A870\core\dotnet.exe build-server shutdown
Shutting down MSBuild server...
Shutting down VB/C# compiler server...
VB/C# compiler server shut down successfully.
MSBuild server shut down successfully.

[32;1mscenario      [0m[32;1m round[0m[32;1m useCoordinator[0m[32;1m highPriority[0m[32;1m nodeBudget[0m[32;1m slice[0m[32;1m reservation[0m[32;1m priorityAgingThreshold[0m[32;1m normalBuildCount[0m[32;1m h[0m
[32;1m              [0m[32;1m      [0m[32;1m               [0m[32;1m             [0m[32;1m           [0m[32;1m      [0m[32;1m            [0m[32;1m                       [0m[32;1m                 [0m[32;1m i[0m
[32;1m              [0m[32;1m      [0m[32;1m               [0m[32;1m             [0m[32;1m           [0m[32;1m      [0m[32;1m            [0m[32;1m                       [0m[32;1m                 [0m[32;1m g[0m
[32;1m              [0m[32;1m      [0m[32;1m               [0m[32;1m             [0m[32;1m           [0m[32;1m      [0m[32;1m            [0m[32;1m                       [0m[32;1m                 [0m[32;1m h[0m
[32;1m              [0m[32;1m      [0m[32;1m               [0m[32;1m             [0m[32;1m           [0m[32;1m      [0m[32;1m            [0m[32;1m                       [0m[32;1m                 [0m[32;1m B[0m
[32;1m              [0m[32;1m      [0m[32;1m               [0m[32;1m             [0m[32;1m           [0m[32;1m      [0m[32;1m            [0m[32;1m                       [0m[32;1m                 [0m[32;1m u[0m
[32;1m              [0m[32;1m      [0m[32;1m               [0m[32;1m             [0m[32;1m           [0m[32;1m      [0m[32;1m            [0m[32;1m                       [0m[32;1m                 [0m[32;1m i[0m
[32;1m              [0m[32;1m      [0m[32;1m               [0m[32;1m             [0m[32;1m           [0m[32;1m      [0m[32;1m            [0m[32;1m                       [0m[32;1m                 [0m[32;1m l[0m
[32;1m              [0m[32;1m      [0m[32;1m               [0m[32;1m             [0m[32;1m           [0m[32;1m      [0m[32;1m            [0m[32;1m                       [0m[32;1m                 [0m[32;1m d[0m
[32;1m              [0m[32;1m      [0m[32;1m               [0m[32;1m             [0m[32;1m           [0m[32;1m      [0m[32;1m            [0m[32;1m                       [0m[32;1m                 [0m[32;1m C[0m
[32;1m              [0m[32;1m      [0m[32;1m               [0m[32;1m             [0m[32;1m           [0m[32;1m      [0m[32;1m            [0m[32;1m                       [0m[32;1m                 [0m[32;1m o[0m
[32;1m              [0m[32;1m      [0m[32;1m               [0m[32;1m             [0m[32;1m           [0m[32;1m      [0m[32;1m            [0m[32;1m                       [0m[32;1m                 [0m[32;1m u[0m
[32;1m              [0m[32;1m      [0m[32;1m               [0m[32;1m             [0m[32;1m           [0m[32;1m      [0m[32;1m            [0m[32;1m                       [0m[32;1m                 [0m[32;1m n[0m
[32;1m              [0m[32;1m      [0m[32;1m               [0m[32;1m             [0m[32;1m           [0m[32;1m      [0m[32;1m            [0m[32;1m                       [0m[32;1m                 [0m[32;1m t[0m
[32;1m--------      [0m [32;1m-----[0m [32;1m--------------[0m [32;1m------------[0m [32;1m----------[0m [32;1m-----[0m [32;1m-----------[0m [32;1m----------------------[0m [32;1m----------------[0m [32;1m-[0m
no-coordinator     1          False Normal               16     0           0                      3                1 0

Summary CSV: C:\perf\results\node-count-clean-solution-20260804-175600\aspire\block-001\attempt-01\N16\benchmark\scenario-summary.csv
HEAD is now at 110a63d Add text filter to the console logs page (#18565)
BenchmarkRoot: C:\perf\repos\aspire
RepositoryName: aspire
BuildPath: Aspire-Core.slnf
TouchFileRelativePath: src\Aspire.Hosting\DistributedApplication.cs
DotNetPath: C:\perf\coordinator-bootstrap-staging\8fe6721c8d58-1F456A53A870\core\dotnet.exe
MSBuildDllPath: C:\perf\coordinator-bootstrap-staging\8fe6721c8d58-1F456A53A870\core\sdk\11.0.100-preview.7.26360.111\MSBuild.dll
WorkRoot: C:\w\af
OutputRoot: C:\perf\results\node-count-clean-solution-20260804-175600\aspire\block-002\attempt-01\N4\setup
Logical processors: 16
NodeBudget: 4
Slice: 4
Reservation: 4
PriorityAgingThreshold: 3
NormalBuildCount: 1
HighBuildCount: 0
Scenarios: no-coordinator
[restore-normal1] C:\perf\coordinator-bootstrap-staging\8fe6721c8d58-1F456A53A870\core\dotnet.exe C:\perf\coordinator-bootstrap-staging\8fe6721c8d58-1F456A53A870\core\sdk\11.0.100-preview.7.26360.111\MSBuild.dll Aspire-Core.slnf /t:Restore /v:q /nodeReuse:false /p:UseSharedCompilation=false /p:InstallBrowsersForPlaywright=false
MSBuild version 18.10.0-dev.26373.1+8fe6721c8 for .NET
Summary CSV: C:\perf\results\node-count-clean-solution-20260804-175600\aspire\block-002\attempt-01\N4\setup\scenario-summary.csv
Shutting down MSBuild server...
Shutting down VB/C# compiler server...
VB/C# compiler server shut down successfully.
MSBuild server shut down successfully.
BenchmarkRoot: C:\perf\repos\aspire
RepositoryName: aspire-b2-a1-N4
BuildPath: Aspire-Core.slnf
TouchFileRelativePath: src\Aspire.Hosting\DistributedApplication.cs
DotNetPath: C:\perf\coordinator-bootstrap-staging\8fe6721c8d58-1F456A53A870\core\dotnet.exe
MSBuildDllPath: C:\perf\coordinator-bootstrap-staging\8fe6721c8d58-1F456A53A870\core\sdk\11.0.100-preview.7.26360.111\MSBuild.dll
WorkRoot: C:\w\af
OutputRoot: C:\perf\results\node-count-clean-solution-20260804-175600\aspire\block-002\attempt-01\N4\benchmark
Logical processors: 16
NodeBudget: 4
Slice: 0
Reservation: 0
PriorityAgingThreshold: 3
NormalBuildCount: 1
HighBuildCount: 0
Scenarios: no-coordinator
Starting no-coordinator-r1 (coordinator=False, high priority=Normal, /m:4)
[shutdown-no-coordinator-r1] C:\perf\coordinator-bootstrap-staging\8fe6721c8d58-1F456A53A870\core\dotnet.exe build-server shutdown
Shutting down MSBuild server...
Shutting down VB/C# compiler server...
VB/C# compiler server shut down successfully.
MSBuild server shut down successfully.
[shutdown-after-no-coordinator-r1] C:\perf\coordinator-bootstrap-staging\8fe6721c8d58-1F456A53A870\core\dotnet.exe build-server shutdown
Shutting down MSBuild server...
Shutting down VB/C# compiler server...
VB/C# compiler server shut down successfully.
MSBuild server shut down successfully.

[32;1mscenario      [0m[32;1m round[0m[32;1m useCoordinator[0m[32;1m highPriority[0m[32;1m nodeBudget[0m[32;1m slice[0m[32;1m reservation[0m[32;1m priorityAgingThreshold[0m[32;1m normalBuildCount[0m[32;1m h[0m
[32;1m              [0m[32;1m      [0m[32;1m               [0m[32;1m             [0m[32;1m           [0m[32;1m      [0m[32;1m            [0m[32;1m                       [0m[32;1m                 [0m[32;1m i[0m
[32;1m              [0m[32;1m      [0m[32;1m               [0m[32;1m             [0m[32;1m           [0m[32;1m      [0m[32;1m            [0m[32;1m                       [0m[32;1m                 [0m[32;1m g[0m
[32;1m              [0m[32;1m      [0m[32;1m               [0m[32;1m             [0m[32;1m           [0m[32;1m      [0m[32;1m            [0m[32;1m                       [0m[32;1m                 [0m[32;1m h[0m
[32;1m              [0m[32;1m      [0m[32;1m               [0m[32;1m             [0m[32;1m           [0m[32;1m      [0m[32;1m            [0m[32;1m                       [0m[32;1m                 [0m[32;1m B[0m
[32;1m              [0m[32;1m      [0m[32;1m               [0m[32;1m             [0m[32;1m           [0m[32;1m      [0m[32;1m            [0m[32;1m                       [0m[32;1m                 [0m[32;1m u[0m
[32;1m              [0m[32;1m      [0m[32;1m               [0m[32;1m             [0m[32;1m           [0m[32;1m      [0m[32;1m            [0m[32;1m                       [0m[32;1m                 [0m[32;1m i[0m
[32;1m              [0m[32;1m      [0m[32;1m               [0m[32;1m             [0m[32;1m           [0m[32;1m      [0m[32;1m            [0m[32;1m                       [0m[32;1m                 [0m[32;1m l[0m
[32;1m              [0m[32;1m      [0m[32;1m               [0m[32;1m             [0m[32;1m           [0m[32;1m      [0m[32;1m            [0m[32;1m                       [0m[32;1m                 [0m[32;1m d[0m
[32;1m              [0m[32;1m      [0m[32;1m               [0m[32;1m             [0m[32;1m           [0m[32;1m      [0m[32;1m            [0m[32;1m                       [0m[32;1m                 [0m[32;1m C[0m
[32;1m              [0m[32;1m      [0m[32;1m               [0m[32;1m             [0m[32;1m           [0m[32;1m      [0m[32;1m            [0m[32;1m                       [0m[32;1m                 [0m[32;1m o[0m
[32;1m              [0m[32;1m      [0m[32;1m               [0m[32;1m             [0m[32;1m           [0m[32;1m      [0m[32;1m            [0m[32;1m                       [0m[32;1m                 [0m[32;1m u[0m
[32;1m              [0m[32;1m      [0m[32;1m               [0m[32;1m             [0m[32;1m           [0m[32;1m      [0m[32;1m            [0m[32;1m                       [0m[32;1m                 [0m[32;1m n[0m
[32;1m              [0m[32;1m      [0m[32;1m               [0m[32;1m             [0m[32;1m           [0m[32;1m      [0m[32;1m            [0m[32;1m                       [0m[32;1m                 [0m[32;1m t[0m
[32;1m--------      [0m [32;1m-----[0m [32;1m--------------[0m [32;1m------------[0m [32;1m----------[0m [32;1m-----[0m [32;1m-----------[0m [32;1m----------------------[0m [32;1m----------------[0m [32;1m-[0m
no-coordinator     1          False Normal                4     0           0                      3                1 0

Summary CSV: C:\perf\results\node-count-clean-solution-20260804-175600\aspire\block-002\attempt-01\N4\benchmark\scenario-summary.csv
HEAD is now at 110a63d Add text filter to the console logs page (#18565)
BenchmarkRoot: C:\perf\repos\aspire
RepositoryName: aspire
BuildPath: Aspire-Core.slnf
TouchFileRelativePath: src\Aspire.Hosting\DistributedApplication.cs
DotNetPath: C:\perf\coordinator-bootstrap-staging\8fe6721c8d58-1F456A53A870\core\dotnet.exe
MSBuildDllPath: C:\perf\coordinator-bootstrap-staging\8fe6721c8d58-1F456A53A870\core\sdk\11.0.100-preview.7.26360.111\MSBuild.dll
WorkRoot: C:\w\af
OutputRoot: C:\perf\results\node-count-clean-solution-20260804-175600\aspire\block-002\attempt-01\N8\setup
Logical processors: 16
NodeBudget: 8
Slice: 4
Reservation: 4
PriorityAgingThreshold: 3
NormalBuildCount: 1
HighBuildCount: 0
Scenarios: no-coordinator
[restore-normal1] C:\perf\coordinator-bootstrap-staging\8fe6721c8d58-1F456A53A870\core\dotnet.exe C:\perf\coordinator-bootstrap-staging\8fe6721c8d58-1F456A53A870\core\sdk\11.0.100-preview.7.26360.111\MSBuild.dll Aspire-Core.slnf /t:Restore /v:q /nodeReuse:false /p:UseSharedCompilation=false /p:InstallBrowsersForPlaywright=false
MSBuild version 18.10.0-dev.26373.1+8fe6721c8 for .NET
Summary CSV: C:\perf\results\node-count-clean-solution-20260804-175600\aspire\block-002\attempt-01\N8\setup\scenario-summary.csv
Shutting down MSBuild server...
Shutting down VB/C# compiler server...
VB/C# compiler server shut down successfully.
MSBuild server shut down successfully.
BenchmarkRoot: C:\perf\repos\aspire
RepositoryName: aspire-b2-a1-N8
BuildPath: Aspire-Core.slnf
TouchFileRelativePath: src\Aspire.Hosting\DistributedApplication.cs
DotNetPath: C:\perf\coordinator-bootstrap-staging\8fe6721c8d58-1F456A53A870\core\dotnet.exe
MSBuildDllPath: C:\perf\coordinator-bootstrap-staging\8fe6721c8d58-1F456A53A870\core\sdk\11.0.100-preview.7.26360.111\MSBuild.dll
WorkRoot: C:\w\af
OutputRoot: C:\perf\results\node-count-clean-solution-20260804-175600\aspire\block-002\attempt-01\N8\benchmark
Logical processors: 16
NodeBudget: 8
Slice: 0
Reservation: 0
PriorityAgingThreshold: 3
NormalBuildCount: 1
HighBuildCount: 0
Scenarios: no-coordinator
Starting no-coordinator-r1 (coordinator=False, high priority=Normal, /m:8)
[shutdown-no-coordinator-r1] C:\perf\coordinator-bootstrap-staging\8fe6721c8d58-1F456A53A870\core\dotnet.exe build-server shutdown
Shutting down MSBuild server...
Shutting down VB/C# compiler server...
MSBuild server shut down successfully.
VB/C# compiler server shut down successfully.
[shutdown-after-no-coordinator-r1] C:\perf\coordinator-bootstrap-staging\8fe6721c8d58-1F456A53A870\core\dotnet.exe build-server shutdown
Shutting down MSBuild server...
Shutting down VB/C# compiler server...
VB/C# compiler server shut down successfully.
MSBuild server shut down successfully.

[32;1mscenario      [0m[32;1m round[0m[32;1m useCoordinator[0m[32;1m highPriority[0m[32;1m nodeBudget[0m[32;1m slice[0m[32;1m reservation[0m[32;1m priorityAgingThreshold[0m[32;1m normalBuildCount[0m[32;1m h[0m
[32;1m              [0m[32;1m      [0m[32;1m               [0m[32;1m             [0m[32;1m           [0m[32;1m      [0m[32;1m            [0m[32;1m                       [0m[32;1m                 [0m[32;1m i[0m
[32;1m              [0m[32;1m      [0m[32;1m               [0m[32;1m             [0m[32;1m           [0m[32;1m      [0m[32;1m            [0m[32;1m                       [0m[32;1m                 [0m[32;1m g[0m
[32;1m              [0m[32;1m      [0m[32;1m               [0m[32;1m             [0m[32;1m           [0m[32;1m      [0m[32;1m            [0m[32;1m                       [0m[32;1m                 [0m[32;1m h[0m
[32;1m              [0m[32;1m      [0m[32;1m               [0m[32;1m             [0m[32;1m           [0m[32;1m      [0m[32;1m            [0m[32;1m                       [0m[32;1m                 [0m[32;1m B[0m
[32;1m              [0m[32;1m      [0m[32;1m               [0m[32;1m             [0m[32;1m           [0m[32;1m      [0m[32;1m            [0m[32;1m                       [0m[32;1m                 [0m[32;1m u[0m
[32;1m              [0m[32;1m      [0m[32;1m               [0m[32;1m             [0m[32;1m           [0m[32;1m      [0m[32;1m            [0m[32;1m                       [0m[32;1m                 [0m[32;1m i[0m
[32;1m              [0m[32;1m      [0m[32;1m               [0m[32;1m             [0m[32;1m           [0m[32;1m      [0m[32;1m            [0m[32;1m                       [0m[32;1m                 [0m[32;1m l[0m
[32;1m              [0m[32;1m      [0m[32;1m               [0m[32;1m             [0m[32;1m           [0m[32;1m      [0m[32;1m            [0m[32;1m                       [0m[32;1m                 [0m[32;1m d[0m
[32;1m              [0m[32;1m      [0m[32;1m               [0m[32;1m             [0m[32;1m           [0m[32;1m      [0m[32;1m            [0m[32;1m                       [0m[32;1m                 [0m[32;1m C[0m
[32;1m              [0m[32;1m      [0m[32;1m               [0m[32;1m             [0m[32;1m           [0m[32;1m      [0m[32;1m            [0m[32;1m                       [0m[32;1m                 [0m[32;1m o[0m
[32;1m              [0m[32;1m      [0m[32;1m               [0m[32;1m             [0m[32;1m           [0m[32;1m      [0m[32;1m            [0m[32;1m                       [0m[32;1m                 [0m[32;1m u[0m
[32;1m              [0m[32;1m      [0m[32;1m               [0m[32;1m             [0m[32;1m           [0m[32;1m      [0m[32;1m            [0m[32;1m                       [0m[32;1m                 [0m[32;1m n[0m
[32;1m              [0m[32;1m      [0m[32;1m               [0m[32;1m             [0m[32;1m           [0m[32;1m      [0m[32;1m            [0m[32;1m                       [0m[32;1m                 [0m[32;1m t[0m
[32;1m--------      [0m [32;1m-----[0m [32;1m--------------[0m [32;1m------------[0m [32;1m----------[0m [32;1m-----[0m [32;1m-----------[0m [32;1m----------------------[0m [32;1m----------------[0m [32;1m-[0m
no-coordinator     1          False Normal                8     0           0                      3                1 0

Summary CSV: C:\perf\results\node-count-clean-solution-20260804-175600\aspire\block-002\attempt-01\N8\benchmark\scenario-summary.csv
HEAD is now at 110a63d Add text filter to the console logs page (#18565)
BenchmarkRoot: C:\perf\repos\aspire
RepositoryName: aspire
BuildPath: Aspire-Core.slnf
TouchFileRelativePath: src\Aspire.Hosting\DistributedApplication.cs
DotNetPath: C:\perf\coordinator-bootstrap-staging\8fe6721c8d58-1F456A53A870\core\dotnet.exe
MSBuildDllPath: C:\perf\coordinator-bootstrap-staging\8fe6721c8d58-1F456A53A870\core\sdk\11.0.100-preview.7.26360.111\MSBuild.dll
WorkRoot: C:\w\af
OutputRoot: C:\perf\results\node-count-clean-solution-20260804-175600\aspire\block-002\attempt-01\N16\setup
Logical processors: 16
NodeBudget: 16
Slice: 4
Reservation: 4
PriorityAgingThreshold: 3
NormalBuildCount: 1
HighBuildCount: 0
Scenarios: no-coordinator
[restore-normal1] C:\perf\coordinator-bootstrap-staging\8fe6721c8d58-1F456A53A870\core\dotnet.exe C:\perf\coordinator-bootstrap-staging\8fe6721c8d58-1F456A53A870\core\sdk\11.0.100-preview.7.26360.111\MSBuild.dll Aspire-Core.slnf /t:Restore /v:q /nodeReuse:false /p:UseSharedCompilation=false /p:InstallBrowsersForPlaywright=false
MSBuild version 18.10.0-dev.26373.1+8fe6721c8 for .NET
Summary CSV: C:\perf\results\node-count-clean-solution-20260804-175600\aspire\block-002\attempt-01\N16\setup\scenario-summary.csv
Shutting down MSBuild server...
Shutting down VB/C# compiler server...
VB/C# compiler server shut down successfully.
MSBuild server shut down successfully.
BenchmarkRoot: C:\perf\repos\aspire
RepositoryName: aspire-b2-a1-N16
BuildPath: Aspire-Core.slnf
TouchFileRelativePath: src\Aspire.Hosting\DistributedApplication.cs
DotNetPath: C:\perf\coordinator-bootstrap-staging\8fe6721c8d58-1F456A53A870\core\dotnet.exe
MSBuildDllPath: C:\perf\coordinator-bootstrap-staging\8fe6721c8d58-1F456A53A870\core\sdk\11.0.100-preview.7.26360.111\MSBuild.dll
WorkRoot: C:\w\af
OutputRoot: C:\perf\results\node-count-clean-solution-20260804-175600\aspire\block-002\attempt-01\N16\benchmark
Logical processors: 16
NodeBudget: 16
Slice: 0
Reservation: 0
PriorityAgingThreshold: 3
NormalBuildCount: 1
HighBuildCount: 0
Scenarios: no-coordinator
Starting no-coordinator-r1 (coordinator=False, high priority=Normal, /m:16)
[shutdown-no-coordinator-r1] C:\perf\coordinator-bootstrap-staging\8fe6721c8d58-1F456A53A870\core\dotnet.exe build-server shutdown
Shutting down MSBuild server...
Shutting down VB/C# compiler server...
VB/C# compiler server shut down successfully.
MSBuild server shut down successfully.
[shutdown-after-no-coordinator-r1] C:\perf\coordinator-bootstrap-staging\8fe6721c8d58-1F456A53A870\core\dotnet.exe build-server shutdown
Shutting down MSBuild server...
Shutting down VB/C# compiler server...
VB/C# compiler server shut down successfully.
MSBuild server shut down successfully.

[32;1mscenario      [0m[32;1m round[0m[32;1m useCoordinator[0m[32;1m highPriority[0m[32;1m nodeBudget[0m[32;1m slice[0m[32;1m reservation[0m[32;1m priorityAgingThreshold[0m[32;1m normalBuildCount[0m[32;1m h[0m
[32;1m              [0m[32;1m      [0m[32;1m               [0m[32;1m             [0m[32;1m           [0m[32;1m      [0m[32;1m            [0m[32;1m                       [0m[32;1m                 [0m[32;1m i[0m
[32;1m              [0m[32;1m      [0m[32;1m               [0m[32;1m             [0m[32;1m           [0m[32;1m      [0m[32;1m            [0m[32;1m                       [0m[32;1m                 [0m[32;1m g[0m
[32;1m              [0m[32;1m      [0m[32;1m               [0m[32;1m             [0m[32;1m           [0m[32;1m      [0m[32;1m            [0m[32;1m                       [0m[32;1m                 [0m[32;1m h[0m
[32;1m              [0m[32;1m      [0m[32;1m               [0m[32;1m             [0m[32;1m           [0m[32;1m      [0m[32;1m            [0m[32;1m                       [0m[32;1m                 [0m[32;1m B[0m
[32;1m              [0m[32;1m      [0m[32;1m               [0m[32;1m             [0m[32;1m           [0m[32;1m      [0m[32;1m            [0m[32;1m                       [0m[32;1m                 [0m[32;1m u[0m
[32;1m              [0m[32;1m      [0m[32;1m               [0m[32;1m             [0m[32;1m           [0m[32;1m      [0m[32;1m            [0m[32;1m                       [0m[32;1m                 [0m[32;1m i[0m
[32;1m              [0m[32;1m      [0m[32;1m               [0m[32;1m             [0m[32;1m           [0m[32;1m      [0m[32;1m            [0m[32;1m                       [0m[32;1m                 [0m[32;1m l[0m
[32;1m              [0m[32;1m      [0m[32;1m               [0m[32;1m             [0m[32;1m           [0m[32;1m      [0m[32;1m            [0m[32;1m                       [0m[32;1m                 [0m[32;1m d[0m
[32;1m              [0m[32;1m      [0m[32;1m               [0m[32;1m             [0m[32;1m           [0m[32;1m      [0m[32;1m            [0m[32;1m                       [0m[32;1m                 [0m[32;1m C[0m
[32;1m              [0m[32;1m      [0m[32;1m               [0m[32;1m             [0m[32;1m           [0m[32;1m      [0m[32;1m            [0m[32;1m                       [0m[32;1m                 [0m[32;1m o[0m
[32;1m              [0m[32;1m      [0m[32;1m               [0m[32;1m             [0m[32;1m           [0m[32;1m      [0m[32;1m            [0m[32;1m                       [0m[32;1m                 [0m[32;1m u[0m
[32;1m              [0m[32;1m      [0m[32;1m               [0m[32;1m             [0m[32;1m           [0m[32;1m      [0m[32;1m            [0m[32;1m                       [0m[32;1m                 [0m[32;1m n[0m
[32;1m              [0m[32;1m      [0m[32;1m               [0m[32;1m             [0m[32;1m           [0m[32;1m      [0m[32;1m            [0m[32;1m                       [0m[32;1m                 [0m[32;1m t[0m
[32;1m--------      [0m [32;1m-----[0m [32;1m--------------[0m [32;1m------------[0m [32;1m----------[0m [32;1m-----[0m [32;1m-----------[0m [32;1m----------------------[0m [32;1m----------------[0m [32;1m-[0m
no-coordinator     1          False Normal               16     0           0                      3                1 0

Summary CSV: C:\perf\results\node-count-clean-solution-20260804-175600\aspire\block-002\attempt-01\N16\benchmark\scenario-summary.csv
HEAD is now at 110a63d Add text filter to the console logs page (#18565)
BenchmarkRoot: C:\perf\repos\aspire
RepositoryName: aspire
BuildPath: Aspire-Core.slnf
TouchFileRelativePath: src\Aspire.Hosting\DistributedApplication.cs
DotNetPath: C:\perf\coordinator-bootstrap-staging\8fe6721c8d58-1F456A53A870\core\dotnet.exe
MSBuildDllPath: C:\perf\coordinator-bootstrap-staging\8fe6721c8d58-1F456A53A870\core\sdk\11.0.100-preview.7.26360.111\MSBuild.dll
WorkRoot: C:\w\af
OutputRoot: C:\perf\results\node-count-clean-solution-20260804-175600\aspire\block-003\attempt-01\N8\setup
Logical processors: 16
NodeBudget: 8
Slice: 4
Reservation: 4
PriorityAgingThreshold: 3
NormalBuildCount: 1
HighBuildCount: 0
Scenarios: no-coordinator
[restore-normal1] C:\perf\coordinator-bootstrap-staging\8fe6721c8d58-1F456A53A870\core\dotnet.exe C:\perf\coordinator-bootstrap-staging\8fe6721c8d58-1F456A53A870\core\sdk\11.0.100-preview.7.26360.111\MSBuild.dll Aspire-Core.slnf /t:Restore /v:q /nodeReuse:false /p:UseSharedCompilation=false /p:InstallBrowsersForPlaywright=false
MSBuild version 18.10.0-dev.26373.1+8fe6721c8 for .NET
Summary CSV: C:\perf\results\node-count-clean-solution-20260804-175600\aspire\block-003\attempt-01\N8\setup\scenario-summary.csv
Shutting down MSBuild server...
Shutting down VB/C# compiler server...
VB/C# compiler server shut down successfully.
MSBuild server shut down successfully.
BenchmarkRoot: C:\perf\repos\aspire
RepositoryName: aspire-b3-a1-N8
BuildPath: Aspire-Core.slnf
TouchFileRelativePath: src\Aspire.Hosting\DistributedApplication.cs
DotNetPath: C:\perf\coordinator-bootstrap-staging\8fe6721c8d58-1F456A53A870\core\dotnet.exe
MSBuildDllPath: C:\perf\coordinator-bootstrap-staging\8fe6721c8d58-1F456A53A870\core\sdk\11.0.100-preview.7.26360.111\MSBuild.dll
WorkRoot: C:\w\af
OutputRoot: C:\perf\results\node-count-clean-solution-20260804-175600\aspire\block-003\attempt-01\N8\benchmark
Logical processors: 16
NodeBudget: 8
Slice: 0
Reservation: 0
PriorityAgingThreshold: 3
NormalBuildCount: 1
HighBuildCount: 0
Scenarios: no-coordinator
Starting no-coordinator-r1 (coordinator=False, high priority=Normal, /m:8)
[shutdown-no-coordinator-r1] C:\perf\coordinator-bootstrap-staging\8fe6721c8d58-1F456A53A870\core\dotnet.exe build-server shutdown
Shutting down MSBuild server...
Shutting down VB/C# compiler server...
VB/C# compiler server shut down successfully.
MSBuild server shut down successfully.
[shutdown-after-no-coordinator-r1] C:\perf\coordinator-bootstrap-staging\8fe6721c8d58-1F456A53A870\core\dotnet.exe build-server shutdown
Shutting down MSBuild server...
Shutting down VB/C# compiler server...
VB/C# compiler server shut down successfully.
MSBuild server shut down successfully.

[32;1mscenario      [0m[32;1m round[0m[32;1m useCoordinator[0m[32;1m highPriority[0m[32;1m nodeBudget[0m[32;1m slice[0m[32;1m reservation[0m[32;1m priorityAgingThreshold[0m[32;1m normalBuildCount[0m[32;1m h[0m
[32;1m              [0m[32;1m      [0m[32;1m               [0m[32;1m             [0m[32;1m           [0m[32;1m      [0m[32;1m            [0m[32;1m                       [0m[32;1m                 [0m[32;1m i[0m
[32;1m              [0m[32;1m      [0m[32;1m               [0m[32;1m             [0m[32;1m           [0m[32;1m      [0m[32;1m            [0m[32;1m                       [0m[32;1m                 [0m[32;1m g[0m
[32;1m              [0m[32;1m      [0m[32;1m               [0m[32;1m             [0m[32;1m           [0m[32;1m      [0m[32;1m            [0m[32;1m                       [0m[32;1m                 [0m[32;1m h[0m
[32;1m              [0m[32;1m      [0m[32;1m               [0m[32;1m             [0m[32;1m           [0m[32;1m      [0m[32;1m            [0m[32;1m                       [0m[32;1m                 [0m[32;1m B[0m
[32;1m              [0m[32;1m      [0m[32;1m               [0m[32;1m             [0m[32;1m           [0m[32;1m      [0m[32;1m            [0m[32;1m                       [0m[32;1m                 [0m[32;1m u[0m
[32;1m              [0m[32;1m      [0m[32;1m               [0m[32;1m             [0m[32;1m           [0m[32;1m      [0m[32;1m            [0m[32;1m                       [0m[32;1m                 [0m[32;1m i[0m
[32;1m              [0m[32;1m      [0m[32;1m               [0m[32;1m             [0m[32;1m           [0m[32;1m      [0m[32;1m            [0m[32;1m                       [0m[32;1m                 [0m[32;1m l[0m
[32;1m              [0m[32;1m      [0m[32;1m               [0m[32;1m             [0m[32;1m           [0m[32;1m      [0m[32;1m            [0m[32;1m                       [0m[32;1m                 [0m[32;1m d[0m
[32;1m              [0m[32;1m      [0m[32;1m               [0m[32;1m             [0m[32;1m           [0m[32;1m      [0m[32;1m            [0m[32;1m                       [0m[32;1m                 [0m[32;1m C[0m
[32;1m              [0m[32;1m      [0m[32;1m               [0m[32;1m             [0m[32;1m           [0m[32;1m      [0m[32;1m            [0m[32;1m                       [0m[32;1m                 [0m[32;1m o[0m
[32;1m              [0m[32;1m      [0m[32;1m               [0m[32;1m             [0m[32;1m           [0m[32;1m      [0m[32;1m            [0m[32;1m                       [0m[32;1m                 [0m[32;1m u[0m
[32;1m              [0m[32;1m      [0m[32;1m               [0m[32;1m             [0m[32;1m           [0m[32;1m      [0m[32;1m            [0m[32;1m                       [0m[32;1m                 [0m[32;1m n[0m
[32;1m              [0m[32;1m      [0m[32;1m               [0m[32;1m             [0m[32;1m           [0m[32;1m      [0m[32;1m            [0m[32;1m                       [0m[32;1m                 [0m[32;1m t[0m
[32;1m--------      [0m [32;1m-----[0m [32;1m--------------[0m [32;1m------------[0m [32;1m----------[0m [32;1m-----[0m [32;1m-----------[0m [32;1m----------------------[0m [32;1m----------------[0m [32;1m-[0m
no-coordinator     1          False Normal                8     0           0                      3                1 0

Summary CSV: C:\perf\results\node-count-clean-solution-20260804-175600\aspire\block-003\attempt-01\N8\benchmark\scenario-summary.csv
[33;1mWARNING: N8: 2 system-counter timestamp gap(s) exceeded the 5 second warning threshold; maximum 31519.038 seconds.[0m
HEAD is now at 110a63d Add text filter to the console logs page (#18565)
BenchmarkRoot: C:\perf\repos\aspire
RepositoryName: aspire
BuildPath: Aspire-Core.slnf
TouchFileRelativePath: src\Aspire.Hosting\DistributedApplication.cs
DotNetPath: C:\perf\coordinator-bootstrap-staging\8fe6721c8d58-1F456A53A870\core\dotnet.exe
MSBuildDllPath: C:\perf\coordinator-bootstrap-staging\8fe6721c8d58-1F456A53A870\core\sdk\11.0.100-preview.7.26360.111\MSBuild.dll
WorkRoot: C:\w\af
OutputRoot: C:\perf\results\node-count-clean-solution-20260804-175600\aspire\block-003\attempt-02\N8\setup
Logical processors: 16
NodeBudget: 8
Slice: 4
Reservation: 4
PriorityAgingThreshold: 3
NormalBuildCount: 1
HighBuildCount: 0
Scenarios: no-coordinator
[restore-normal1] C:\perf\coordinator-bootstrap-staging\8fe6721c8d58-1F456A53A870\core\dotnet.exe C:\perf\coordinator-bootstrap-staging\8fe6721c8d58-1F456A53A870\core\sdk\11.0.100-preview.7.26360.111\MSBuild.dll Aspire-Core.slnf /t:Restore /v:q /nodeReuse:false /p:UseSharedCompilation=false /p:InstallBrowsersForPlaywright=false
MSBuild version 18.10.0-dev.26373.1+8fe6721c8 for .NET
Summary CSV: C:\perf\results\node-count-clean-solution-20260804-175600\aspire\block-003\attempt-02\N8\setup\scenario-summary.csv
Shutting down MSBuild server...
Shutting down VB/C# compiler server...
VB/C# compiler server shut down successfully.
MSBuild server shut down successfully.
BenchmarkRoot: C:\perf\repos\aspire
RepositoryName: aspire-b3-a2-N8
BuildPath: Aspire-Core.slnf
TouchFileRelativePath: src\Aspire.Hosting\DistributedApplication.cs
DotNetPath: C:\perf\coordinator-bootstrap-staging\8fe6721c8d58-1F456A53A870\core\dotnet.exe
MSBuildDllPath: C:\perf\coordinator-bootstrap-staging\8fe6721c8d58-1F456A53A870\core\sdk\11.0.100-preview.7.26360.111\MSBuild.dll
WorkRoot: C:\w\af
OutputRoot: C:\perf\results\node-count-clean-solution-20260804-175600\aspire\block-003\attempt-02\N8\benchmark
Logical processors: 16
NodeBudget: 8
Slice: 0
Reservation: 0
PriorityAgingThreshold: 3
NormalBuildCount: 1
HighBuildCount: 0
Scenarios: no-coordinator
Starting no-coordinator-r1 (coordinator=False, high priority=Normal, /m:8)
[shutdown-no-coordinator-r1] C:\perf\coordinator-bootstrap-staging\8fe6721c8d58-1F456A53A870\core\dotnet.exe build-server shutdown
Shutting down MSBuild server...
Shutting down VB/C# compiler server...
VB/C# compiler server shut down successfully.
MSBuild server shut down successfully.
[shutdown-after-no-coordinator-r1] C:\perf\coordinator-bootstrap-staging\8fe6721c8d58-1F456A53A870\core\dotnet.exe build-server shutdown
Shutting down MSBuild server...
Shutting down VB/C# compiler server...
VB/C# compiler server shut down successfully.
MSBuild server shut down successfully.

[32;1mscenario      [0m[32;1m round[0m[32;1m useCoordinator[0m[32;1m highPriority[0m[32;1m nodeBudget[0m[32;1m slice[0m[32;1m reservation[0m[32;1m priorityAgingThreshold[0m[32;1m normalBuildCount[0m[32;1m h[0m
[32;1m              [0m[32;1m      [0m[32;1m               [0m[32;1m             [0m[32;1m           [0m[32;1m      [0m[32;1m            [0m[32;1m                       [0m[32;1m                 [0m[32;1m i[0m
[32;1m              [0m[32;1m      [0m[32;1m               [0m[32;1m             [0m[32;1m           [0m[32;1m      [0m[32;1m            [0m[32;1m                       [0m[32;1m                 [0m[32;1m g[0m
[32;1m              [0m[32;1m      [0m[32;1m               [0m[32;1m             [0m[32;1m           [0m[32;1m      [0m[32;1m            [0m[32;1m                       [0m[32;1m                 [0m[32;1m h[0m
[32;1m              [0m[32;1m      [0m[32;1m               [0m[32;1m             [0m[32;1m           [0m[32;1m      [0m[32;1m            [0m[32;1m                       [0m[32;1m                 [0m[32;1m B[0m
[32;1m              [0m[32;1m      [0m[32;1m               [0m[32;1m             [0m[32;1m           [0m[32;1m      [0m[32;1m            [0m[32;1m                       [0m[32;1m                 [0m[32;1m u[0m
[32;1m              [0m[32;1m      [0m[32;1m               [0m[32;1m             [0m[32;1m           [0m[32;1m      [0m[32;1m            [0m[32;1m                       [0m[32;1m                 [0m[32;1m i[0m
[32;1m              [0m[32;1m      [0m[32;1m               [0m[32;1m             [0m[32;1m           [0m[32;1m      [0m[32;1m            [0m[32;1m                       [0m[32;1m                 [0m[32;1m l[0m
[32;1m              [0m[32;1m      [0m[32;1m               [0m[32;1m             [0m[32;1m           [0m[32;1m      [0m[32;1m            [0m[32;1m                       [0m[32;1m                 [0m[32;1m d[0m
[32;1m              [0m[32;1m      [0m[32;1m               [0m[32;1m             [0m[32;1m           [0m[32;1m      [0m[32;1m            [0m[32;1m                       [0m[32;1m                 [0m[32;1m C[0m
[32;1m              [0m[32;1m      [0m[32;1m               [0m[32;1m             [0m[32;1m           [0m[32;1m      [0m[32;1m            [0m[32;1m                       [0m[32;1m                 [0m[32;1m o[0m
[32;1m              [0m[32;1m      [0m[32;1m               [0m[32;1m             [0m[32;1m           [0m[32;1m      [0m[32;1m            [0m[32;1m                       [0m[32;1m                 [0m[32;1m u[0m
[32;1m              [0m[32;1m      [0m[32;1m               [0m[32;1m             [0m[32;1m           [0m[32;1m      [0m[32;1m            [0m[32;1m                       [0m[32;1m                 [0m[32;1m n[0m
[32;1m              [0m[32;1m      [0m[32;1m               [0m[32;1m             [0m[32;1m           [0m[32;1m      [0m[32;1m            [0m[32;1m                       [0m[32;1m                 [0m[32;1m t[0m
[32;1m--------      [0m [32;1m-----[0m [32;1m--------------[0m [32;1m------------[0m [32;1m----------[0m [32;1m-----[0m [32;1m-----------[0m [32;1m----------------------[0m [32;1m----------------[0m [32;1m-[0m
no-coordinator     1          False Normal                8     0           0                      3                1 0

Summary CSV: C:\perf\results\node-count-clean-solution-20260804-175600\aspire\block-003\attempt-02\N8\benchmark\scenario-summary.csv
[33;1mWARNING: N8: 2 system-counter timestamp gap(s) exceeded the 5 second warning threshold; maximum 8.165 seconds.[0m
HEAD is now at 110a63d Add text filter to the console logs page (#18565)
BenchmarkRoot: C:\perf\repos\aspire
RepositoryName: aspire
BuildPath: Aspire-Core.slnf
TouchFileRelativePath: src\Aspire.Hosting\DistributedApplication.cs
DotNetPath: C:\perf\coordinator-bootstrap-staging\8fe6721c8d58-1F456A53A870\core\dotnet.exe
MSBuildDllPath: C:\perf\coordinator-bootstrap-staging\8fe6721c8d58-1F456A53A870\core\sdk\11.0.100-preview.7.26360.111\MSBuild.dll
WorkRoot: C:\w\af
OutputRoot: C:\perf\results\node-count-clean-solution-20260804-175600\aspire\block-003\attempt-02\N16\setup
Logical processors: 16
NodeBudget: 16
Slice: 4
Reservation: 4
PriorityAgingThreshold: 3
NormalBuildCount: 1
HighBuildCount: 0
Scenarios: no-coordinator
[restore-normal1] C:\perf\coordinator-bootstrap-staging\8fe6721c8d58-1F456A53A870\core\dotnet.exe C:\perf\coordinator-bootstrap-staging\8fe6721c8d58-1F456A53A870\core\sdk\11.0.100-preview.7.26360.111\MSBuild.dll Aspire-Core.slnf /t:Restore /v:q /nodeReuse:false /p:UseSharedCompilation=false /p:InstallBrowsersForPlaywright=false
MSBuild version 18.10.0-dev.26373.1+8fe6721c8 for .NET
Summary CSV: C:\perf\results\node-count-clean-solution-20260804-175600\aspire\block-003\attempt-02\N16\setup\scenario-summary.csv
Shutting down MSBuild server...
Shutting down VB/C# compiler server...
VB/C# compiler server shut down successfully.
MSBuild server shut down successfully.
BenchmarkRoot: C:\perf\repos\aspire
RepositoryName: aspire-b3-a2-N16
BuildPath: Aspire-Core.slnf
TouchFileRelativePath: src\Aspire.Hosting\DistributedApplication.cs
DotNetPath: C:\perf\coordinator-bootstrap-staging\8fe6721c8d58-1F456A53A870\core\dotnet.exe
MSBuildDllPath: C:\perf\coordinator-bootstrap-staging\8fe6721c8d58-1F456A53A870\core\sdk\11.0.100-preview.7.26360.111\MSBuild.dll
WorkRoot: C:\w\af
OutputRoot: C:\perf\results\node-count-clean-solution-20260804-175600\aspire\block-003\attempt-02\N16\benchmark
Logical processors: 16
NodeBudget: 16
Slice: 0
Reservation: 0
PriorityAgingThreshold: 3
NormalBuildCount: 1
HighBuildCount: 0
Scenarios: no-coordinator
Starting no-coordinator-r1 (coordinator=False, high priority=Normal, /m:16)
[shutdown-no-coordinator-r1] C:\perf\coordinator-bootstrap-staging\8fe6721c8d58-1F456A53A870\core\dotnet.exe build-server shutdown
Shutting down MSBuild server...
Shutting down VB/C# compiler server...
VB/C# compiler server shut down successfully.
MSBuild server shut down successfully.
[shutdown-after-no-coordinator-r1] C:\perf\coordinator-bootstrap-staging\8fe6721c8d58-1F456A53A870\core\dotnet.exe build-server shutdown
Shutting down MSBuild server...
Shutting down VB/C# compiler server...
VB/C# compiler server shut down successfully.
MSBuild server shut down successfully.

[32;1mscenario      [0m[32;1m round[0m[32;1m useCoordinator[0m[32;1m highPriority[0m[32;1m nodeBudget[0m[32;1m slice[0m[32;1m reservation[0m[32;1m priorityAgingThreshold[0m[32;1m normalBuildCount[0m[32;1m h[0m
[32;1m              [0m[32;1m      [0m[32;1m               [0m[32;1m             [0m[32;1m           [0m[32;1m      [0m[32;1m            [0m[32;1m                       [0m[32;1m                 [0m[32;1m i[0m
[32;1m              [0m[32;1m      [0m[32;1m               [0m[32;1m             [0m[32;1m           [0m[32;1m      [0m[32;1m            [0m[32;1m                       [0m[32;1m                 [0m[32;1m g[0m
[32;1m              [0m[32;1m      [0m[32;1m               [0m[32;1m             [0m[32;1m           [0m[32;1m      [0m[32;1m            [0m[32;1m                       [0m[32;1m                 [0m[32;1m h[0m
[32;1m              [0m[32;1m      [0m[32;1m               [0m[32;1m             [0m[32;1m           [0m[32;1m      [0m[32;1m            [0m[32;1m                       [0m[32;1m                 [0m[32;1m B[0m
[32;1m              [0m[32;1m      [0m[32;1m               [0m[32;1m             [0m[32;1m           [0m[32;1m      [0m[32;1m            [0m[32;1m                       [0m[32;1m                 [0m[32;1m u[0m
[32;1m              [0m[32;1m      [0m[32;1m               [0m[32;1m             [0m[32;1m           [0m[32;1m      [0m[32;1m            [0m[32;1m                       [0m[32;1m                 [0m[32;1m i[0m
[32;1m              [0m[32;1m      [0m[32;1m               [0m[32;1m             [0m[32;1m           [0m[32;1m      [0m[32;1m            [0m[32;1m                       [0m[32;1m                 [0m[32;1m l[0m
[32;1m              [0m[32;1m      [0m[32;1m               [0m[32;1m             [0m[32;1m           [0m[32;1m      [0m[32;1m            [0m[32;1m                       [0m[32;1m                 [0m[32;1m d[0m
[32;1m              [0m[32;1m      [0m[32;1m               [0m[32;1m             [0m[32;1m           [0m[32;1m      [0m[32;1m            [0m[32;1m                       [0m[32;1m                 [0m[32;1m C[0m
[32;1m              [0m[32;1m      [0m[32;1m               [0m[32;1m             [0m[32;1m           [0m[32;1m      [0m[32;1m            [0m[32;1m                       [0m[32;1m                 [0m[32;1m o[0m
[32;1m              [0m[32;1m      [0m[32;1m               [0m[32;1m             [0m[32;1m           [0m[32;1m      [0m[32;1m            [0m[32;1m                       [0m[32;1m                 [0m[32;1m u[0m
[32;1m              [0m[32;1m      [0m[32;1m               [0m[32;1m             [0m[32;1m           [0m[32;1m      [0m[32;1m            [0m[32;1m                       [0m[32;1m                 [0m[32;1m n[0m
[32;1m              [0m[32;1m      [0m[32;1m               [0m[32;1m             [0m[32;1m           [0m[32;1m      [0m[32;1m            [0m[32;1m                       [0m[32;1m                 [0m[32;1m t[0m
[32;1m--------      [0m [32;1m-----[0m [32;1m--------------[0m [32;1m------------[0m [32;1m----------[0m [32;1m-----[0m [32;1m-----------[0m [32;1m----------------------[0m [32;1m----------------[0m [32;1m-[0m
no-coordinator     1          False Normal               16     0           0                      3                1 0

Summary CSV: C:\perf\results\node-count-clean-solution-20260804-175600\aspire\block-003\attempt-02\N16\benchmark\scenario-summary.csv
HEAD is now at 110a63d Add text filter to the console logs page (#18565)
BenchmarkRoot: C:\perf\repos\aspire
RepositoryName: aspire
BuildPath: Aspire-Core.slnf
TouchFileRelativePath: src\Aspire.Hosting\DistributedApplication.cs
DotNetPath: C:\perf\coordinator-bootstrap-staging\8fe6721c8d58-1F456A53A870\core\dotnet.exe
MSBuildDllPath: C:\perf\coordinator-bootstrap-staging\8fe6721c8d58-1F456A53A870\core\sdk\11.0.100-preview.7.26360.111\MSBuild.dll
WorkRoot: C:\w\af
OutputRoot: C:\perf\results\node-count-clean-solution-20260804-175600\aspire\block-003\attempt-02\N4\setup
Logical processors: 16
NodeBudget: 4
Slice: 4
Reservation: 4
PriorityAgingThreshold: 3
NormalBuildCount: 1
HighBuildCount: 0
Scenarios: no-coordinator
[restore-normal1] C:\perf\coordinator-bootstrap-staging\8fe6721c8d58-1F456A53A870\core\dotnet.exe C:\perf\coordinator-bootstrap-staging\8fe6721c8d58-1F456A53A870\core\sdk\11.0.100-preview.7.26360.111\MSBuild.dll Aspire-Core.slnf /t:Restore /v:q /nodeReuse:false /p:UseSharedCompilation=false /p:InstallBrowsersForPlaywright=false
MSBuild version 18.10.0-dev.26373.1+8fe6721c8 for .NET
Summary CSV: C:\perf\results\node-count-clean-solution-20260804-175600\aspire\block-003\attempt-02\N4\setup\scenario-summary.csv
Shutting down MSBuild server...
Shutting down VB/C# compiler server...
VB/C# compiler server shut down successfully.
MSBuild server shut down successfully.
BenchmarkRoot: C:\perf\repos\aspire
RepositoryName: aspire-b3-a2-N4
BuildPath: Aspire-Core.slnf
TouchFileRelativePath: src\Aspire.Hosting\DistributedApplication.cs
DotNetPath: C:\perf\coordinator-bootstrap-staging\8fe6721c8d58-1F456A53A870\core\dotnet.exe
MSBuildDllPath: C:\perf\coordinator-bootstrap-staging\8fe6721c8d58-1F456A53A870\core\sdk\11.0.100-preview.7.26360.111\MSBuild.dll
WorkRoot: C:\w\af
OutputRoot: C:\perf\results\node-count-clean-solution-20260804-175600\aspire\block-003\attempt-02\N4\benchmark
Logical processors: 16
NodeBudget: 4
Slice: 0
Reservation: 0
PriorityAgingThreshold: 3
NormalBuildCount: 1
HighBuildCount: 0
Scenarios: no-coordinator
Starting no-coordinator-r1 (coordinator=False, high priority=Normal, /m:4)
[shutdown-no-coordinator-r1] C:\perf\coordinator-bootstrap-staging\8fe6721c8d58-1F456A53A870\core\dotnet.exe build-server shutdown
Shutting down MSBuild server...
Shutting down VB/C# compiler server...
VB/C# compiler server shut down successfully.
MSBuild server shut down successfully.
[shutdown-after-no-coordinator-r1] C:\perf\coordinator-bootstrap-staging\8fe6721c8d58-1F456A53A870\core\dotnet.exe build-server shutdown
Shutting down MSBuild server...
Shutting down VB/C# compiler server...
VB/C# compiler server shut down successfully.
MSBuild server shut down successfully.

[32;1mscenario      [0m[32;1m round[0m[32;1m useCoordinator[0m[32;1m highPriority[0m[32;1m nodeBudget[0m[32;1m slice[0m[32;1m reservation[0m[32;1m priorityAgingThreshold[0m[32;1m normalBuildCount[0m[32;1m h[0m
[32;1m              [0m[32;1m      [0m[32;1m               [0m[32;1m             [0m[32;1m           [0m[32;1m      [0m[32;1m            [0m[32;1m                       [0m[32;1m                 [0m[32;1m i[0m
[32;1m              [0m[32;1m      [0m[32;1m               [0m[32;1m             [0m[32;1m           [0m[32;1m      [0m[32;1m            [0m[32;1m                       [0m[32;1m                 [0m[32;1m g[0m
[32;1m              [0m[32;1m      [0m[32;1m               [0m[32;1m             [0m[32;1m           [0m[32;1m      [0m[32;1m            [0m[32;1m                       [0m[32;1m                 [0m[32;1m h[0m
[32;1m              [0m[32;1m      [0m[32;1m               [0m[32;1m             [0m[32;1m           [0m[32;1m      [0m[32;1m            [0m[32;1m                       [0m[32;1m                 [0m[32;1m B[0m
[32;1m              [0m[32;1m      [0m[32;1m               [0m[32;1m             [0m[32;1m           [0m[32;1m      [0m[32;1m            [0m[32;1m                       [0m[32;1m                 [0m[32;1m u[0m
[32;1m              [0m[32;1m      [0m[32;1m               [0m[32;1m             [0m[32;1m           [0m[32;1m      [0m[32;1m            [0m[32;1m                       [0m[32;1m                 [0m[32;1m i[0m
[32;1m              [0m[32;1m      [0m[32;1m               [0m[32;1m             [0m[32;1m           [0m[32;1m      [0m[32;1m            [0m[32;1m                       [0m[32;1m                 [0m[32;1m l[0m
[32;1m              [0m[32;1m      [0m[32;1m               [0m[32;1m             [0m[32;1m           [0m[32;1m      [0m[32;1m            [0m[32;1m                       [0m[32;1m                 [0m[32;1m d[0m
[32;1m              [0m[32;1m      [0m[32;1m               [0m[32;1m             [0m[32;1m           [0m[32;1m      [0m[32;1m            [0m[32;1m                       [0m[32;1m                 [0m[32;1m C[0m
[32;1m              [0m[32;1m      [0m[32;1m               [0m[32;1m             [0m[32;1m           [0m[32;1m      [0m[32;1m            [0m[32;1m                       [0m[32;1m                 [0m[32;1m o[0m
[32;1m              [0m[32;1m      [0m[32;1m               [0m[32;1m             [0m[32;1m           [0m[32;1m      [0m[32;1m            [0m[32;1m                       [0m[32;1m                 [0m[32;1m u[0m
[32;1m              [0m[32;1m      [0m[32;1m               [0m[32;1m             [0m[32;1m           [0m[32;1m      [0m[32;1m            [0m[32;1m                       [0m[32;1m                 [0m[32;1m n[0m
[32;1m              [0m[32;1m      [0m[32;1m               [0m[32;1m             [0m[32;1m           [0m[32;1m      [0m[32;1m            [0m[32;1m                       [0m[32;1m                 [0m[32;1m t[0m
[32;1m--------      [0m [32;1m-----[0m [32;1m--------------[0m [32;1m------------[0m [32;1m----------[0m [32;1m-----[0m [32;1m-----------[0m [32;1m----------------------[0m [32;1m----------------[0m [32;1m-[0m
no-coordinator     1          False Normal                4     0           0                      3                1 0

Summary CSV: C:\perf\results\node-count-clean-solution-20260804-175600\aspire\block-003\attempt-02\N4\benchmark\scenario-summary.csv
HEAD is now at 110a63d Add text filter to the console logs page (#18565)
BenchmarkRoot: C:\perf\repos\aspire
RepositoryName: aspire
BuildPath: Aspire-Core.slnf
TouchFileRelativePath: src\Aspire.Hosting\DistributedApplication.cs
DotNetPath: C:\perf\coordinator-bootstrap-staging\8fe6721c8d58-1F456A53A870\core\dotnet.exe
MSBuildDllPath: C:\perf\coordinator-bootstrap-staging\8fe6721c8d58-1F456A53A870\core\sdk\11.0.100-preview.7.26360.111\MSBuild.dll
WorkRoot: C:\w\af
OutputRoot: C:\perf\results\node-count-clean-solution-20260804-175600\aspire\block-004\attempt-01\N16\setup
Logical processors: 16
NodeBudget: 16
Slice: 4
Reservation: 4
PriorityAgingThreshold: 3
NormalBuildCount: 1
HighBuildCount: 0
Scenarios: no-coordinator
[restore-normal1] C:\perf\coordinator-bootstrap-staging\8fe6721c8d58-1F456A53A870\core\dotnet.exe C:\perf\coordinator-bootstrap-staging\8fe6721c8d58-1F456A53A870\core\sdk\11.0.100-preview.7.26360.111\MSBuild.dll Aspire-Core.slnf /t:Restore /v:q /nodeReuse:false /p:UseSharedCompilation=false /p:InstallBrowsersForPlaywright=false
MSBuild version 18.10.0-dev.26373.1+8fe6721c8 for .NET
Summary CSV: C:\perf\results\node-count-clean-solution-20260804-175600\aspire\block-004\attempt-01\N16\setup\scenario-summary.csv
Shutting down MSBuild server...
Shutting down VB/C# compiler server...
VB/C# compiler server shut down successfully.
MSBuild server shut down successfully.
BenchmarkRoot: C:\perf\repos\aspire
RepositoryName: aspire-b4-a1-N16
BuildPath: Aspire-Core.slnf
TouchFileRelativePath: src\Aspire.Hosting\DistributedApplication.cs
DotNetPath: C:\perf\coordinator-bootstrap-staging\8fe6721c8d58-1F456A53A870\core\dotnet.exe
MSBuildDllPath: C:\perf\coordinator-bootstrap-staging\8fe6721c8d58-1F456A53A870\core\sdk\11.0.100-preview.7.26360.111\MSBuild.dll
WorkRoot: C:\w\af
OutputRoot: C:\perf\results\node-count-clean-solution-20260804-175600\aspire\block-004\attempt-01\N16\benchmark
Logical processors: 16
NodeBudget: 16
Slice: 0
Reservation: 0
PriorityAgingThreshold: 3
NormalBuildCount: 1
HighBuildCount: 0
Scenarios: no-coordinator
Starting no-coordinator-r1 (coordinator=False, high priority=Normal, /m:16)
[shutdown-no-coordinator-r1] C:\perf\coordinator-bootstrap-staging\8fe6721c8d58-1F456A53A870\core\dotnet.exe build-server shutdown
Shutting down MSBuild server...
Shutting down VB/C# compiler server...
VB/C# compiler server shut down successfully.
MSBuild server shut down successfully.
[shutdown-after-no-coordinator-r1] C:\perf\coordinator-bootstrap-staging\8fe6721c8d58-1F456A53A870\core\dotnet.exe build-server shutdown
Shutting down MSBuild server...
Shutting down VB/C# compiler server...
VB/C# compiler server shut down successfully.
MSBuild server shut down successfully.

[32;1mscenario      [0m[32;1m round[0m[32;1m useCoordinator[0m[32;1m highPriority[0m[32;1m nodeBudget[0m[32;1m slice[0m[32;1m reservation[0m[32;1m priorityAgingThreshold[0m[32;1m normalBuildCount[0m[32;1m h[0m
[32;1m              [0m[32;1m      [0m[32;1m               [0m[32;1m             [0m[32;1m           [0m[32;1m      [0m[32;1m            [0m[32;1m                       [0m[32;1m                 [0m[32;1m i[0m
[32;1m              [0m[32;1m      [0m[32;1m               [0m[32;1m             [0m[32;1m           [0m[32;1m      [0m[32;1m            [0m[32;1m                       [0m[32;1m                 [0m[32;1m g[0m
[32;1m              [0m[32;1m      [0m[32;1m               [0m[32;1m             [0m[32;1m           [0m[32;1m      [0m[32;1m            [0m[32;1m                       [0m[32;1m                 [0m[32;1m h[0m
[32;1m              [0m[32;1m      [0m[32;1m               [0m[32;1m             [0m[32;1m           [0m[32;1m      [0m[32;1m            [0m[32;1m                       [0m[32;1m                 [0m[32;1m B[0m
[32;1m              [0m[32;1m      [0m[32;1m               [0m[32;1m             [0m[32;1m           [0m[32;1m      [0m[32;1m            [0m[32;1m                       [0m[32;1m                 [0m[32;1m u[0m
[32;1m              [0m[32;1m      [0m[32;1m               [0m[32;1m             [0m[32;1m           [0m[32;1m      [0m[32;1m            [0m[32;1m                       [0m[32;1m                 [0m[32;1m i[0m
[32;1m              [0m[32;1m      [0m[32;1m               [0m[32;1m             [0m[32;1m           [0m[32;1m      [0m[32;1m            [0m[32;1m                       [0m[32;1m                 [0m[32;1m l[0m
[32;1m              [0m[32;1m      [0m[32;1m               [0m[32;1m             [0m[32;1m           [0m[32;1m      [0m[32;1m            [0m[32;1m                       [0m[32;1m                 [0m[32;1m d[0m
[32;1m              [0m[32;1m      [0m[32;1m               [0m[32;1m             [0m[32;1m           [0m[32;1m      [0m[32;1m            [0m[32;1m                       [0m[32;1m                 [0m[32;1m C[0m
[32;1m              [0m[32;1m      [0m[32;1m               [0m[32;1m             [0m[32;1m           [0m[32;1m      [0m[32;1m            [0m[32;1m                       [0m[32;1m                 [0m[32;1m o[0m
[32;1m              [0m[32;1m      [0m[32;1m               [0m[32;1m             [0m[32;1m           [0m[32;1m      [0m[32;1m            [0m[32;1m                       [0m[32;1m                 [0m[32;1m u[0m
[32;1m              [0m[32;1m      [0m[32;1m               [0m[32;1m             [0m[32;1m           [0m[32;1m      [0m[32;1m            [0m[32;1m                       [0m[32;1m                 [0m[32;1m n[0m
[32;1m              [0m[32;1m      [0m[32;1m               [0m[32;1m             [0m[32;1m           [0m[32;1m      [0m[32;1m            [0m[32;1m                       [0m[32;1m                 [0m[32;1m t[0m
[32;1m--------      [0m [32;1m-----[0m [32;1m--------------[0m [32;1m------------[0m [32;1m----------[0m [32;1m-----[0m [32;1m-----------[0m [32;1m----------------------[0m [32;1m----------------[0m [32;1m-[0m
no-coordinator     1          False Normal               16     0           0                      3                1 0

Summary CSV: C:\perf\results\node-count-clean-solution-20260804-175600\aspire\block-004\attempt-01\N16\benchmark\scenario-summary.csv
HEAD is now at 110a63d Add text filter to the console logs page (#18565)
BenchmarkRoot: C:\perf\repos\aspire
RepositoryName: aspire
BuildPath: Aspire-Core.slnf
TouchFileRelativePath: src\Aspire.Hosting\DistributedApplication.cs
DotNetPath: C:\perf\coordinator-bootstrap-staging\8fe6721c8d58-1F456A53A870\core\dotnet.exe
MSBuildDllPath: C:\perf\coordinator-bootstrap-staging\8fe6721c8d58-1F456A53A870\core\sdk\11.0.100-preview.7.26360.111\MSBuild.dll
WorkRoot: C:\w\af
OutputRoot: C:\perf\results\node-count-clean-solution-20260804-175600\aspire\block-004\attempt-01\N4\setup
Logical processors: 16
NodeBudget: 4
Slice: 4
Reservation: 4
PriorityAgingThreshold: 3
NormalBuildCount: 1
HighBuildCount: 0
Scenarios: no-coordinator
[restore-normal1] C:\perf\coordinator-bootstrap-staging\8fe6721c8d58-1F456A53A870\core\dotnet.exe C:\perf\coordinator-bootstrap-staging\8fe6721c8d58-1F456A53A870\core\sdk\11.0.100-preview.7.26360.111\MSBuild.dll Aspire-Core.slnf /t:Restore /v:q /nodeReuse:false /p:UseSharedCompilation=false /p:InstallBrowsersForPlaywright=false
MSBuild version 18.10.0-dev.26373.1+8fe6721c8 for .NET
Summary CSV: C:\perf\results\node-count-clean-solution-20260804-175600\aspire\block-004\attempt-01\N4\setup\scenario-summary.csv
Shutting down MSBuild server...
Shutting down VB/C# compiler server...
VB/C# compiler server shut down successfully.
MSBuild server shut down successfully.
BenchmarkRoot: C:\perf\repos\aspire
RepositoryName: aspire-b4-a1-N4
BuildPath: Aspire-Core.slnf
TouchFileRelativePath: src\Aspire.Hosting\DistributedApplication.cs
DotNetPath: C:\perf\coordinator-bootstrap-staging\8fe6721c8d58-1F456A53A870\core\dotnet.exe
MSBuildDllPath: C:\perf\coordinator-bootstrap-staging\8fe6721c8d58-1F456A53A870\core\sdk\11.0.100-preview.7.26360.111\MSBuild.dll
WorkRoot: C:\w\af
OutputRoot: C:\perf\results\node-count-clean-solution-20260804-175600\aspire\block-004\attempt-01\N4\benchmark
Logical processors: 16
NodeBudget: 4
Slice: 0
Reservation: 0
PriorityAgingThreshold: 3
NormalBuildCount: 1
HighBuildCount: 0
Scenarios: no-coordinator
Starting no-coordinator-r1 (coordinator=False, high priority=Normal, /m:4)
[shutdown-no-coordinator-r1] C:\perf\coordinator-bootstrap-staging\8fe6721c8d58-1F456A53A870\core\dotnet.exe build-server shutdown
Shutting down MSBuild server...
Shutting down VB/C# compiler server...
VB/C# compiler server shut down successfully.
MSBuild server shut down successfully.
[shutdown-after-no-coordinator-r1] C:\perf\coordinator-bootstrap-staging\8fe6721c8d58-1F456A53A870\core\dotnet.exe build-server shutdown
Shutting down MSBuild server...
Shutting down VB/C# compiler server...
VB/C# compiler server shut down successfully.
MSBuild server shut down successfully.

[32;1mscenario      [0m[32;1m round[0m[32;1m useCoordinator[0m[32;1m highPriority[0m[32;1m nodeBudget[0m[32;1m slice[0m[32;1m reservation[0m[32;1m priorityAgingThreshold[0m[32;1m normalBuildCount[0m[32;1m h[0m
[32;1m              [0m[32;1m      [0m[32;1m               [0m[32;1m             [0m[32;1m           [0m[32;1m      [0m[32;1m            [0m[32;1m                       [0m[32;1m                 [0m[32;1m i[0m
[32;1m              [0m[32;1m      [0m[32;1m               [0m[32;1m             [0m[32;1m           [0m[32;1m      [0m[32;1m            [0m[32;1m                       [0m[32;1m                 [0m[32;1m g[0m
[32;1m              [0m[32;1m      [0m[32;1m               [0m[32;1m             [0m[32;1m           [0m[32;1m      [0m[32;1m            [0m[32;1m                       [0m[32;1m                 [0m[32;1m h[0m
[32;1m              [0m[32;1m      [0m[32;1m               [0m[32;1m             [0m[32;1m           [0m[32;1m      [0m[32;1m            [0m[32;1m                       [0m[32;1m                 [0m[32;1m B[0m
[32;1m              [0m[32;1m      [0m[32;1m               [0m[32;1m             [0m[32;1m           [0m[32;1m      [0m[32;1m            [0m[32;1m                       [0m[32;1m                 [0m[32;1m u[0m
[32;1m              [0m[32;1m      [0m[32;1m               [0m[32;1m             [0m[32;1m           [0m[32;1m      [0m[32;1m            [0m[32;1m                       [0m[32;1m                 [0m[32;1m i[0m
[32;1m              [0m[32;1m      [0m[32;1m               [0m[32;1m             [0m[32;1m           [0m[32;1m      [0m[32;1m            [0m[32;1m                       [0m[32;1m                 [0m[32;1m l[0m
[32;1m              [0m[32;1m      [0m[32;1m               [0m[32;1m             [0m[32;1m           [0m[32;1m      [0m[32;1m            [0m[32;1m                       [0m[32;1m                 [0m[32;1m d[0m
[32;1m              [0m[32;1m      [0m[32;1m               [0m[32;1m             [0m[32;1m           [0m[32;1m      [0m[32;1m            [0m[32;1m                       [0m[32;1m                 [0m[32;1m C[0m
[32;1m              [0m[32;1m      [0m[32;1m               [0m[32;1m             [0m[32;1m           [0m[32;1m      [0m[32;1m            [0m[32;1m                       [0m[32;1m                 [0m[32;1m o[0m
[32;1m              [0m[32;1m      [0m[32;1m               [0m[32;1m             [0m[32;1m           [0m[32;1m      [0m[32;1m            [0m[32;1m                       [0m[32;1m                 [0m[32;1m u[0m
[32;1m              [0m[32;1m      [0m[32;1m               [0m[32;1m             [0m[32;1m           [0m[32;1m      [0m[32;1m            [0m[32;1m                       [0m[32;1m                 [0m[32;1m n[0m
[32;1m              [0m[32;1m      [0m[32;1m               [0m[32;1m             [0m[32;1m           [0m[32;1m      [0m[32;1m            [0m[32;1m                       [0m[32;1m                 [0m[32;1m t[0m
[32;1m--------      [0m [32;1m-----[0m [32;1m--------------[0m [32;1m------------[0m [32;1m----------[0m [32;1m-----[0m [32;1m-----------[0m [32;1m----------------------[0m [32;1m----------------[0m [32;1m-[0m
no-coordinator     1          False Normal                4     0           0                      3                1 0

Summary CSV: C:\perf\results\node-count-clean-solution-20260804-175600\aspire\block-004\attempt-01\N4\benchmark\scenario-summary.csv
HEAD is now at 110a63d Add text filter to the console logs page (#18565)
BenchmarkRoot: C:\perf\repos\aspire
RepositoryName: aspire
BuildPath: Aspire-Core.slnf
TouchFileRelativePath: src\Aspire.Hosting\DistributedApplication.cs
DotNetPath: C:\perf\coordinator-bootstrap-staging\8fe6721c8d58-1F456A53A870\core\dotnet.exe
MSBuildDllPath: C:\perf\coordinator-bootstrap-staging\8fe6721c8d58-1F456A53A870\core\sdk\11.0.100-preview.7.26360.111\MSBuild.dll
WorkRoot: C:\w\af
OutputRoot: C:\perf\results\node-count-clean-solution-20260804-175600\aspire\block-004\attempt-01\N8\setup
Logical processors: 16
NodeBudget: 8
Slice: 4
Reservation: 4
PriorityAgingThreshold: 3
NormalBuildCount: 1
HighBuildCount: 0
Scenarios: no-coordinator
[restore-normal1] C:\perf\coordinator-bootstrap-staging\8fe6721c8d58-1F456A53A870\core\dotnet.exe C:\perf\coordinator-bootstrap-staging\8fe6721c8d58-1F456A53A870\core\sdk\11.0.100-preview.7.26360.111\MSBuild.dll Aspire-Core.slnf /t:Restore /v:q /nodeReuse:false /p:UseSharedCompilation=false /p:InstallBrowsersForPlaywright=false
MSBuild version 18.10.0-dev.26373.1+8fe6721c8 for .NET
Summary CSV: C:\perf\results\node-count-clean-solution-20260804-175600\aspire\block-004\attempt-01\N8\setup\scenario-summary.csv
Shutting down MSBuild server...
Shutting down VB/C# compiler server...
VB/C# compiler server shut down successfully.
MSBuild server shut down successfully.
BenchmarkRoot: C:\perf\repos\aspire
RepositoryName: aspire-b4-a1-N8
BuildPath: Aspire-Core.slnf
TouchFileRelativePath: src\Aspire.Hosting\DistributedApplication.cs
DotNetPath: C:\perf\coordinator-bootstrap-staging\8fe6721c8d58-1F456A53A870\core\dotnet.exe
MSBuildDllPath: C:\perf\coordinator-bootstrap-staging\8fe6721c8d58-1F456A53A870\core\sdk\11.0.100-preview.7.26360.111\MSBuild.dll
WorkRoot: C:\w\af
OutputRoot: C:\perf\results\node-count-clean-solution-20260804-175600\aspire\block-004\attempt-01\N8\benchmark
Logical processors: 16
NodeBudget: 8
Slice: 0
Reservation: 0
PriorityAgingThreshold: 3
NormalBuildCount: 1
HighBuildCount: 0
Scenarios: no-coordinator
Starting no-coordinator-r1 (coordinator=False, high priority=Normal, /m:8)
[shutdown-no-coordinator-r1] C:\perf\coordinator-bootstrap-staging\8fe6721c8d58-1F456A53A870\core\dotnet.exe build-server shutdown
Shutting down MSBuild server...
Shutting down VB/C# compiler server...
MSBuild server shut down successfully.
VB/C# compiler server shut down successfully.
[shutdown-after-no-coordinator-r1] C:\perf\coordinator-bootstrap-staging\8fe6721c8d58-1F456A53A870\core\dotnet.exe build-server shutdown
Shutting down MSBuild server...
Shutting down VB/C# compiler server...
VB/C# compiler server shut down successfully.
MSBuild server shut down successfully.

[32;1mscenario      [0m[32;1m round[0m[32;1m useCoordinator[0m[32;1m highPriority[0m[32;1m nodeBudget[0m[32;1m slice[0m[32;1m reservation[0m[32;1m priorityAgingThreshold[0m[32;1m normalBuildCount[0m[32;1m h[0m
[32;1m              [0m[32;1m      [0m[32;1m               [0m[32;1m             [0m[32;1m           [0m[32;1m      [0m[32;1m            [0m[32;1m                       [0m[32;1m                 [0m[32;1m i[0m
[32;1m              [0m[32;1m      [0m[32;1m               [0m[32;1m             [0m[32;1m           [0m[32;1m      [0m[32;1m            [0m[32;1m                       [0m[32;1m                 [0m[32;1m g[0m
[32;1m              [0m[32;1m      [0m[32;1m               [0m[32;1m             [0m[32;1m           [0m[32;1m      [0m[32;1m            [0m[32;1m                       [0m[32;1m                 [0m[32;1m h[0m
[32;1m              [0m[32;1m      [0m[32;1m               [0m[32;1m             [0m[32;1m           [0m[32;1m      [0m[32;1m            [0m[32;1m                       [0m[32;1m                 [0m[32;1m B[0m
[32;1m              [0m[32;1m      [0m[32;1m               [0m[32;1m             [0m[32;1m           [0m[32;1m      [0m[32;1m            [0m[32;1m                       [0m[32;1m                 [0m[32;1m u[0m
[32;1m              [0m[32;1m      [0m[32;1m               [0m[32;1m             [0m[32;1m           [0m[32;1m      [0m[32;1m            [0m[32;1m                       [0m[32;1m                 [0m[32;1m i[0m
[32;1m              [0m[32;1m      [0m[32;1m               [0m[32;1m             [0m[32;1m           [0m[32;1m      [0m[32;1m            [0m[32;1m                       [0m[32;1m                 [0m[32;1m l[0m
[32;1m              [0m[32;1m      [0m[32;1m               [0m[32;1m             [0m[32;1m           [0m[32;1m      [0m[32;1m            [0m[32;1m                       [0m[32;1m                 [0m[32;1m d[0m
[32;1m              [0m[32;1m      [0m[32;1m               [0m[32;1m             [0m[32;1m           [0m[32;1m      [0m[32;1m            [0m[32;1m                       [0m[32;1m                 [0m[32;1m C[0m
[32;1m              [0m[32;1m      [0m[32;1m               [0m[32;1m             [0m[32;1m           [0m[32;1m      [0m[32;1m            [0m[32;1m                       [0m[32;1m                 [0m[32;1m o[0m
[32;1m              [0m[32;1m      [0m[32;1m               [0m[32;1m             [0m[32;1m           [0m[32;1m      [0m[32;1m            [0m[32;1m                       [0m[32;1m                 [0m[32;1m u[0m
[32;1m              [0m[32;1m      [0m[32;1m               [0m[32;1m             [0m[32;1m           [0m[32;1m      [0m[32;1m            [0m[32;1m                       [0m[32;1m                 [0m[32;1m n[0m
[32;1m              [0m[32;1m      [0m[32;1m               [0m[32;1m             [0m[32;1m           [0m[32;1m      [0m[32;1m            [0m[32;1m                       [0m[32;1m                 [0m[32;1m t[0m
[32;1m--------      [0m [32;1m-----[0m [32;1m--------------[0m [32;1m------------[0m [32;1m----------[0m [32;1m-----[0m [32;1m-----------[0m [32;1m----------------------[0m [32;1m----------------[0m [32;1m-[0m
no-coordinator     1          False Normal                8     0           0                      3                1 0

Summary CSV: C:\perf\results\node-count-clean-solution-20260804-175600\aspire\block-004\attempt-01\N8\benchmark\scenario-summary.csv
HEAD is now at 110a63d Add text filter to the console logs page (#18565)
BenchmarkRoot: C:\perf\repos\aspire
RepositoryName: aspire
BuildPath: Aspire-Core.slnf
TouchFileRelativePath: src\Aspire.Hosting\DistributedApplication.cs
DotNetPath: C:\perf\coordinator-bootstrap-staging\8fe6721c8d58-1F456A53A870\core\dotnet.exe
MSBuildDllPath: C:\perf\coordinator-bootstrap-staging\8fe6721c8d58-1F456A53A870\core\sdk\11.0.100-preview.7.26360.111\MSBuild.dll
WorkRoot: C:\w\af
OutputRoot: C:\perf\results\node-count-clean-solution-20260804-175600\aspire\block-005\attempt-01\N16\setup
Logical processors: 16
NodeBudget: 16
Slice: 4
Reservation: 4
PriorityAgingThreshold: 3
NormalBuildCount: 1
HighBuildCount: 0
Scenarios: no-coordinator
[restore-normal1] C:\perf\coordinator-bootstrap-staging\8fe6721c8d58-1F456A53A870\core\dotnet.exe C:\perf\coordinator-bootstrap-staging\8fe6721c8d58-1F456A53A870\core\sdk\11.0.100-preview.7.26360.111\MSBuild.dll Aspire-Core.slnf /t:Restore /v:q /nodeReuse:false /p:UseSharedCompilation=false /p:InstallBrowsersForPlaywright=false
MSBuild version 18.10.0-dev.26373.1+8fe6721c8 for .NET
Summary CSV: C:\perf\results\node-count-clean-solution-20260804-175600\aspire\block-005\attempt-01\N16\setup\scenario-summary.csv
Shutting down MSBuild server...
Shutting down VB/C# compiler server...
VB/C# compiler server shut down successfully.
MSBuild server shut down successfully.
BenchmarkRoot: C:\perf\repos\aspire
RepositoryName: aspire-b5-a1-N16
BuildPath: Aspire-Core.slnf
TouchFileRelativePath: src\Aspire.Hosting\DistributedApplication.cs
DotNetPath: C:\perf\coordinator-bootstrap-staging\8fe6721c8d58-1F456A53A870\core\dotnet.exe
MSBuildDllPath: C:\perf\coordinator-bootstrap-staging\8fe6721c8d58-1F456A53A870\core\sdk\11.0.100-preview.7.26360.111\MSBuild.dll
WorkRoot: C:\w\af
OutputRoot: C:\perf\results\node-count-clean-solution-20260804-175600\aspire\block-005\attempt-01\N16\benchmark
Logical processors: 16
NodeBudget: 16
Slice: 0
Reservation: 0
PriorityAgingThreshold: 3
NormalBuildCount: 1
HighBuildCount: 0
Scenarios: no-coordinator
Starting no-coordinator-r1 (coordinator=False, high priority=Normal, /m:16)
[shutdown-no-coordinator-r1] C:\perf\coordinator-bootstrap-staging\8fe6721c8d58-1F456A53A870\core\dotnet.exe build-server shutdown
Shutting down MSBuild server...
Shutting down VB/C# compiler server...
VB/C# compiler server shut down successfully.
MSBuild server shut down successfully.
[shutdown-after-no-coordinator-r1] C:\perf\coordinator-bootstrap-staging\8fe6721c8d58-1F456A53A870\core\dotnet.exe build-server shutdown
Shutting down MSBuild server...
Shutting down VB/C# compiler server...
VB/C# compiler server shut down successfully.
MSBuild server shut down successfully.

[32;1mscenario      [0m[32;1m round[0m[32;1m useCoordinator[0m[32;1m highPriority[0m[32;1m nodeBudget[0m[32;1m slice[0m[32;1m reservation[0m[32;1m priorityAgingThreshold[0m[32;1m normalBuildCount[0m[32;1m h[0m
[32;1m              [0m[32;1m      [0m[32;1m               [0m[32;1m             [0m[32;1m           [0m[32;1m      [0m[32;1m            [0m[32;1m                       [0m[32;1m                 [0m[32;1m i[0m
[32;1m              [0m[32;1m      [0m[32;1m               [0m[32;1m             [0m[32;1m           [0m[32;1m      [0m[32;1m            [0m[32;1m                       [0m[32;1m                 [0m[32;1m g[0m
[32;1m              [0m[32;1m      [0m[32;1m               [0m[32;1m             [0m[32;1m           [0m[32;1m      [0m[32;1m            [0m[32;1m                       [0m[32;1m                 [0m[32;1m h[0m
[32;1m              [0m[32;1m      [0m[32;1m               [0m[32;1m             [0m[32;1m           [0m[32;1m      [0m[32;1m            [0m[32;1m                       [0m[32;1m                 [0m[32;1m B[0m
[32;1m              [0m[32;1m      [0m[32;1m               [0m[32;1m             [0m[32;1m           [0m[32;1m      [0m[32;1m            [0m[32;1m                       [0m[32;1m                 [0m[32;1m u[0m
[32;1m              [0m[32;1m      [0m[32;1m               [0m[32;1m             [0m[32;1m           [0m[32;1m      [0m[32;1m            [0m[32;1m                       [0m[32;1m                 [0m[32;1m i[0m
[32;1m              [0m[32;1m      [0m[32;1m               [0m[32;1m             [0m[32;1m           [0m[32;1m      [0m[32;1m            [0m[32;1m                       [0m[32;1m                 [0m[32;1m l[0m
[32;1m              [0m[32;1m      [0m[32;1m               [0m[32;1m             [0m[32;1m           [0m[32;1m      [0m[32;1m            [0m[32;1m                       [0m[32;1m                 [0m[32;1m d[0m
[32;1m              [0m[32;1m      [0m[32;1m               [0m[32;1m             [0m[32;1m           [0m[32;1m      [0m[32;1m            [0m[32;1m                       [0m[32;1m                 [0m[32;1m C[0m
[32;1m              [0m[32;1m      [0m[32;1m               [0m[32;1m             [0m[32;1m           [0m[32;1m      [0m[32;1m            [0m[32;1m                       [0m[32;1m                 [0m[32;1m o[0m
[32;1m              [0m[32;1m      [0m[32;1m               [0m[32;1m             [0m[32;1m           [0m[32;1m      [0m[32;1m            [0m[32;1m                       [0m[32;1m                 [0m[32;1m u[0m
[32;1m              [0m[32;1m      [0m[32;1m               [0m[32;1m             [0m[32;1m           [0m[32;1m      [0m[32;1m            [0m[32;1m                       [0m[32;1m                 [0m[32;1m n[0m
[32;1m              [0m[32;1m      [0m[32;1m               [0m[32;1m             [0m[32;1m           [0m[32;1m      [0m[32;1m            [0m[32;1m                       [0m[32;1m                 [0m[32;1m t[0m
[32;1m--------      [0m [32;1m-----[0m [32;1m--------------[0m [32;1m------------[0m [32;1m----------[0m [32;1m-----[0m [32;1m-----------[0m [32;1m----------------------[0m [32;1m----------------[0m [32;1m-[0m
no-coordinator     1          False Normal               16     0           0                      3                1 0

Summary CSV: C:\perf\results\node-count-clean-solution-20260804-175600\aspire\block-005\attempt-01\N16\benchmark\scenario-summary.csv
HEAD is now at 110a63d Add text filter to the console logs page (#18565)
BenchmarkRoot: C:\perf\repos\aspire
RepositoryName: aspire
BuildPath: Aspire-Core.slnf
TouchFileRelativePath: src\Aspire.Hosting\DistributedApplication.cs
DotNetPath: C:\perf\coordinator-bootstrap-staging\8fe6721c8d58-1F456A53A870\core\dotnet.exe
MSBuildDllPath: C:\perf\coordinator-bootstrap-staging\8fe6721c8d58-1F456A53A870\core\sdk\11.0.100-preview.7.26360.111\MSBuild.dll
WorkRoot: C:\w\af
OutputRoot: C:\perf\results\node-count-clean-solution-20260804-175600\aspire\block-005\attempt-01\N8\setup
Logical processors: 16
NodeBudget: 8
Slice: 4
Reservation: 4
PriorityAgingThreshold: 3
NormalBuildCount: 1
HighBuildCount: 0
Scenarios: no-coordinator
[restore-normal1] C:\perf\coordinator-bootstrap-staging\8fe6721c8d58-1F456A53A870\core\dotnet.exe C:\perf\coordinator-bootstrap-staging\8fe6721c8d58-1F456A53A870\core\sdk\11.0.100-preview.7.26360.111\MSBuild.dll Aspire-Core.slnf /t:Restore /v:q /nodeReuse:false /p:UseSharedCompilation=false /p:InstallBrowsersForPlaywright=false
MSBuild version 18.10.0-dev.26373.1+8fe6721c8 for .NET
Summary CSV: C:\perf\results\node-count-clean-solution-20260804-175600\aspire\block-005\attempt-01\N8\setup\scenario-summary.csv
Shutting down MSBuild server...
Shutting down VB/C# compiler server...
VB/C# compiler server shut down successfully.
MSBuild server shut down successfully.
BenchmarkRoot: C:\perf\repos\aspire
RepositoryName: aspire-b5-a1-N8
BuildPath: Aspire-Core.slnf
TouchFileRelativePath: src\Aspire.Hosting\DistributedApplication.cs
DotNetPath: C:\perf\coordinator-bootstrap-staging\8fe6721c8d58-1F456A53A870\core\dotnet.exe
MSBuildDllPath: C:\perf\coordinator-bootstrap-staging\8fe6721c8d58-1F456A53A870\core\sdk\11.0.100-preview.7.26360.111\MSBuild.dll
WorkRoot: C:\w\af
OutputRoot: C:\perf\results\node-count-clean-solution-20260804-175600\aspire\block-005\attempt-01\N8\benchmark
Logical processors: 16
NodeBudget: 8
Slice: 0
Reservation: 0
PriorityAgingThreshold: 3
NormalBuildCount: 1
HighBuildCount: 0
Scenarios: no-coordinator
Starting no-coordinator-r1 (coordinator=False, high priority=Normal, /m:8)
[shutdown-no-coordinator-r1] C:\perf\coordinator-bootstrap-staging\8fe6721c8d58-1F456A53A870\core\dotnet.exe build-server shutdown
Shutting down MSBuild server...
Shutting down VB/C# compiler server...
VB/C# compiler server shut down successfully.
MSBuild server shut down successfully.
[shutdown-after-no-coordinator-r1] C:\perf\coordinator-bootstrap-staging\8fe6721c8d58-1F456A53A870\core\dotnet.exe build-server shutdown
Shutting down MSBuild server...
Shutting down VB/C# compiler server...
VB/C# compiler server shut down successfully.
MSBuild server shut down successfully.

[32;1mscenario      [0m[32;1m round[0m[32;1m useCoordinator[0m[32;1m highPriority[0m[32;1m nodeBudget[0m[32;1m slice[0m[32;1m reservation[0m[32;1m priorityAgingThreshold[0m[32;1m normalBuildCount[0m[32;1m h[0m
[32;1m              [0m[32;1m      [0m[32;1m               [0m[32;1m             [0m[32;1m           [0m[32;1m      [0m[32;1m            [0m[32;1m                       [0m[32;1m                 [0m[32;1m i[0m
[32;1m              [0m[32;1m      [0m[32;1m               [0m[32;1m             [0m[32;1m           [0m[32;1m      [0m[32;1m            [0m[32;1m                       [0m[32;1m                 [0m[32;1m g[0m
[32;1m              [0m[32;1m      [0m[32;1m               [0m[32;1m             [0m[32;1m           [0m[32;1m      [0m[32;1m            [0m[32;1m                       [0m[32;1m                 [0m[32;1m h[0m
[32;1m              [0m[32;1m      [0m[32;1m               [0m[32;1m             [0m[32;1m           [0m[32;1m      [0m[32;1m            [0m[32;1m                       [0m[32;1m                 [0m[32;1m B[0m
[32;1m              [0m[32;1m      [0m[32;1m               [0m[32;1m             [0m[32;1m           [0m[32;1m      [0m[32;1m            [0m[32;1m                       [0m[32;1m                 [0m[32;1m u[0m
[32;1m              [0m[32;1m      [0m[32;1m               [0m[32;1m             [0m[32;1m           [0m[32;1m      [0m[32;1m            [0m[32;1m                       [0m[32;1m                 [0m[32;1m i[0m
[32;1m              [0m[32;1m      [0m[32;1m               [0m[32;1m             [0m[32;1m           [0m[32;1m      [0m[32;1m            [0m[32;1m                       [0m[32;1m                 [0m[32;1m l[0m
[32;1m              [0m[32;1m      [0m[32;1m               [0m[32;1m             [0m[32;1m           [0m[32;1m      [0m[32;1m            [0m[32;1m                       [0m[32;1m                 [0m[32;1m d[0m
[32;1m              [0m[32;1m      [0m[32;1m               [0m[32;1m             [0m[32;1m           [0m[32;1m      [0m[32;1m            [0m[32;1m                       [0m[32;1m                 [0m[32;1m C[0m
[32;1m              [0m[32;1m      [0m[32;1m               [0m[32;1m             [0m[32;1m           [0m[32;1m      [0m[32;1m            [0m[32;1m                       [0m[32;1m                 [0m[32;1m o[0m
[32;1m              [0m[32;1m      [0m[32;1m               [0m[32;1m             [0m[32;1m           [0m[32;1m      [0m[32;1m            [0m[32;1m                       [0m[32;1m                 [0m[32;1m u[0m
[32;1m              [0m[32;1m      [0m[32;1m               [0m[32;1m             [0m[32;1m           [0m[32;1m      [0m[32;1m            [0m[32;1m                       [0m[32;1m                 [0m[32;1m n[0m
[32;1m              [0m[32;1m      [0m[32;1m               [0m[32;1m             [0m[32;1m           [0m[32;1m      [0m[32;1m            [0m[32;1m                       [0m[32;1m                 [0m[32;1m t[0m
[32;1m--------      [0m [32;1m-----[0m [32;1m--------------[0m [32;1m------------[0m [32;1m----------[0m [32;1m-----[0m [32;1m-----------[0m [32;1m----------------------[0m [32;1m----------------[0m [32;1m-[0m
no-coordinator     1          False Normal                8     0           0                      3                1 0

Summary CSV: C:\perf\results\node-count-clean-solution-20260804-175600\aspire\block-005\attempt-01\N8\benchmark\scenario-summary.csv
HEAD is now at 110a63d Add text filter to the console logs page (#18565)
BenchmarkRoot: C:\perf\repos\aspire
RepositoryName: aspire
BuildPath: Aspire-Core.slnf
TouchFileRelativePath: src\Aspire.Hosting\DistributedApplication.cs
DotNetPath: C:\perf\coordinator-bootstrap-staging\8fe6721c8d58-1F456A53A870\core\dotnet.exe
MSBuildDllPath: C:\perf\coordinator-bootstrap-staging\8fe6721c8d58-1F456A53A870\core\sdk\11.0.100-preview.7.26360.111\MSBuild.dll
WorkRoot: C:\w\af
OutputRoot: C:\perf\results\node-count-clean-solution-20260804-175600\aspire\block-005\attempt-01\N4\setup
Logical processors: 16
NodeBudget: 4
Slice: 4
Reservation: 4
PriorityAgingThreshold: 3
NormalBuildCount: 1
HighBuildCount: 0
Scenarios: no-coordinator
[restore-normal1] C:\perf\coordinator-bootstrap-staging\8fe6721c8d58-1F456A53A870\core\dotnet.exe C:\perf\coordinator-bootstrap-staging\8fe6721c8d58-1F456A53A870\core\sdk\11.0.100-preview.7.26360.111\MSBuild.dll Aspire-Core.slnf /t:Restore /v:q /nodeReuse:false /p:UseSharedCompilation=false /p:InstallBrowsersForPlaywright=false
MSBuild version 18.10.0-dev.26373.1+8fe6721c8 for .NET
Summary CSV: C:\perf\results\node-count-clean-solution-20260804-175600\aspire\block-005\attempt-01\N4\setup\scenario-summary.csv
Shutting down MSBuild server...
Shutting down VB/C# compiler server...
VB/C# compiler server shut down successfully.
MSBuild server shut down successfully.
BenchmarkRoot: C:\perf\repos\aspire
RepositoryName: aspire-b5-a1-N4
BuildPath: Aspire-Core.slnf
TouchFileRelativePath: src\Aspire.Hosting\DistributedApplication.cs
DotNetPath: C:\perf\coordinator-bootstrap-staging\8fe6721c8d58-1F456A53A870\core\dotnet.exe
MSBuildDllPath: C:\perf\coordinator-bootstrap-staging\8fe6721c8d58-1F456A53A870\core\sdk\11.0.100-preview.7.26360.111\MSBuild.dll
WorkRoot: C:\w\af
OutputRoot: C:\perf\results\node-count-clean-solution-20260804-175600\aspire\block-005\attempt-01\N4\benchmark
Logical processors: 16
NodeBudget: 4
Slice: 0
Reservation: 0
PriorityAgingThreshold: 3
NormalBuildCount: 1
HighBuildCount: 0
Scenarios: no-coordinator
Starting no-coordinator-r1 (coordinator=False, high priority=Normal, /m:4)
[shutdown-no-coordinator-r1] C:\perf\coordinator-bootstrap-staging\8fe6721c8d58-1F456A53A870\core\dotnet.exe build-server shutdown
Shutting down MSBuild server...
Shutting down VB/C# compiler server...
VB/C# compiler server shut down successfully.
MSBuild server shut down successfully.
[shutdown-after-no-coordinator-r1] C:\perf\coordinator-bootstrap-staging\8fe6721c8d58-1F456A53A870\core\dotnet.exe build-server shutdown
Shutting down MSBuild server...
Shutting down VB/C# compiler server...
VB/C# compiler server shut down successfully.
MSBuild server shut down successfully.

[32;1mscenario      [0m[32;1m round[0m[32;1m useCoordinator[0m[32;1m highPriority[0m[32;1m nodeBudget[0m[32;1m slice[0m[32;1m reservation[0m[32;1m priorityAgingThreshold[0m[32;1m normalBuildCount[0m[32;1m h[0m
[32;1m              [0m[32;1m      [0m[32;1m               [0m[32;1m             [0m[32;1m           [0m[32;1m      [0m[32;1m            [0m[32;1m                       [0m[32;1m                 [0m[32;1m i[0m
[32;1m              [0m[32;1m      [0m[32;1m               [0m[32;1m             [0m[32;1m           [0m[32;1m      [0m[32;1m            [0m[32;1m                       [0m[32;1m                 [0m[32;1m g[0m
[32;1m              [0m[32;1m      [0m[32;1m               [0m[32;1m             [0m[32;1m           [0m[32;1m      [0m[32;1m            [0m[32;1m                       [0m[32;1m                 [0m[32;1m h[0m
[32;1m              [0m[32;1m      [0m[32;1m               [0m[32;1m             [0m[32;1m           [0m[32;1m      [0m[32;1m            [0m[32;1m                       [0m[32;1m                 [0m[32;1m B[0m
[32;1m              [0m[32;1m      [0m[32;1m               [0m[32;1m             [0m[32;1m           [0m[32;1m      [0m[32;1m            [0m[32;1m                       [0m[32;1m                 [0m[32;1m u[0m
[32;1m              [0m[32;1m      [0m[32;1m               [0m[32;1m             [0m[32;1m           [0m[32;1m      [0m[32;1m            [0m[32;1m                       [0m[32;1m                 [0m[32;1m i[0m
[32;1m              [0m[32;1m      [0m[32;1m               [0m[32;1m             [0m[32;1m           [0m[32;1m      [0m[32;1m            [0m[32;1m                       [0m[32;1m                 [0m[32;1m l[0m
[32;1m              [0m[32;1m      [0m[32;1m               [0m[32;1m             [0m[32;1m           [0m[32;1m      [0m[32;1m            [0m[32;1m                       [0m[32;1m                 [0m[32;1m d[0m
[32;1m              [0m[32;1m      [0m[32;1m               [0m[32;1m             [0m[32;1m           [0m[32;1m      [0m[32;1m            [0m[32;1m                       [0m[32;1m                 [0m[32;1m C[0m
[32;1m              [0m[32;1m      [0m[32;1m               [0m[32;1m             [0m[32;1m           [0m[32;1m      [0m[32;1m            [0m[32;1m                       [0m[32;1m                 [0m[32;1m o[0m
[32;1m              [0m[32;1m      [0m[32;1m               [0m[32;1m             [0m[32;1m           [0m[32;1m      [0m[32;1m            [0m[32;1m                       [0m[32;1m                 [0m[32;1m u[0m
[32;1m              [0m[32;1m      [0m[32;1m               [0m[32;1m             [0m[32;1m           [0m[32;1m      [0m[32;1m            [0m[32;1m                       [0m[32;1m                 [0m[32;1m n[0m
[32;1m              [0m[32;1m      [0m[32;1m               [0m[32;1m             [0m[32;1m           [0m[32;1m      [0m[32;1m            [0m[32;1m                       [0m[32;1m                 [0m[32;1m t[0m
[32;1m--------      [0m [32;1m-----[0m [32;1m--------------[0m [32;1m------------[0m [32;1m----------[0m [32;1m-----[0m [32;1m-----------[0m [32;1m----------------------[0m [32;1m----------------[0m [32;1m-[0m
no-coordinator     1          False Normal                4     0           0                      3                1 0

Summary CSV: C:\perf\results\node-count-clean-solution-20260804-175600\aspire\block-005\attempt-01\N4\benchmark\scenario-summary.csv
HEAD is now at 110a63d Add text filter to the console logs page (#18565)
BenchmarkRoot: C:\perf\repos\aspire
RepositoryName: aspire
BuildPath: Aspire-Core.slnf
TouchFileRelativePath: src\Aspire.Hosting\DistributedApplication.cs
DotNetPath: C:\perf\coordinator-bootstrap-staging\8fe6721c8d58-1F456A53A870\core\dotnet.exe
MSBuildDllPath: C:\perf\coordinator-bootstrap-staging\8fe6721c8d58-1F456A53A870\core\sdk\11.0.100-preview.7.26360.111\MSBuild.dll
WorkRoot: C:\w\af
OutputRoot: C:\perf\results\node-count-clean-solution-20260804-175600\aspire\block-006\attempt-01\N4\setup
Logical processors: 16
NodeBudget: 4
Slice: 4
Reservation: 4
PriorityAgingThreshold: 3
NormalBuildCount: 1
HighBuildCount: 0
Scenarios: no-coordinator
[restore-normal1] C:\perf\coordinator-bootstrap-staging\8fe6721c8d58-1F456A53A870\core\dotnet.exe C:\perf\coordinator-bootstrap-staging\8fe6721c8d58-1F456A53A870\core\sdk\11.0.100-preview.7.26360.111\MSBuild.dll Aspire-Core.slnf /t:Restore /v:q /nodeReuse:false /p:UseSharedCompilation=false /p:InstallBrowsersForPlaywright=false
MSBuild version 18.10.0-dev.26373.1+8fe6721c8 for .NET
Summary CSV: C:\perf\results\node-count-clean-solution-20260804-175600\aspire\block-006\attempt-01\N4\setup\scenario-summary.csv
Shutting down MSBuild server...
Shutting down VB/C# compiler server...
VB/C# compiler server shut down successfully.
MSBuild server shut down successfully.
BenchmarkRoot: C:\perf\repos\aspire
RepositoryName: aspire-b6-a1-N4
BuildPath: Aspire-Core.slnf
TouchFileRelativePath: src\Aspire.Hosting\DistributedApplication.cs
DotNetPath: C:\perf\coordinator-bootstrap-staging\8fe6721c8d58-1F456A53A870\core\dotnet.exe
MSBuildDllPath: C:\perf\coordinator-bootstrap-staging\8fe6721c8d58-1F456A53A870\core\sdk\11.0.100-preview.7.26360.111\MSBuild.dll
WorkRoot: C:\w\af
OutputRoot: C:\perf\results\node-count-clean-solution-20260804-175600\aspire\block-006\attempt-01\N4\benchmark
Logical processors: 16
NodeBudget: 4
Slice: 0
Reservation: 0
PriorityAgingThreshold: 3
NormalBuildCount: 1
HighBuildCount: 0
Scenarios: no-coordinator
Starting no-coordinator-r1 (coordinator=False, high priority=Normal, /m:4)
[shutdown-no-coordinator-r1] C:\perf\coordinator-bootstrap-staging\8fe6721c8d58-1F456A53A870\core\dotnet.exe build-server shutdown
Shutting down MSBuild server...
Shutting down VB/C# compiler server...
VB/C# compiler server shut down successfully.
MSBuild server shut down successfully.
[shutdown-after-no-coordinator-r1] C:\perf\coordinator-bootstrap-staging\8fe6721c8d58-1F456A53A870\core\dotnet.exe build-server shutdown
Shutting down MSBuild server...
Shutting down VB/C# compiler server...
VB/C# compiler server shut down successfully.
MSBuild server shut down successfully.

[32;1mscenario      [0m[32;1m round[0m[32;1m useCoordinator[0m[32;1m highPriority[0m[32;1m nodeBudget[0m[32;1m slice[0m[32;1m reservation[0m[32;1m priorityAgingThreshold[0m[32;1m normalBuildCount[0m[32;1m h[0m
[32;1m              [0m[32;1m      [0m[32;1m               [0m[32;1m             [0m[32;1m           [0m[32;1m      [0m[32;1m            [0m[32;1m                       [0m[32;1m                 [0m[32;1m i[0m
[32;1m              [0m[32;1m      [0m[32;1m               [0m[32;1m             [0m[32;1m           [0m[32;1m      [0m[32;1m            [0m[32;1m                       [0m[32;1m                 [0m[32;1m g[0m
[32;1m              [0m[32;1m      [0m[32;1m               [0m[32;1m             [0m[32;1m           [0m[32;1m      [0m[32;1m            [0m[32;1m                       [0m[32;1m                 [0m[32;1m h[0m
[32;1m              [0m[32;1m      [0m[32;1m               [0m[32;1m             [0m[32;1m           [0m[32;1m      [0m[32;1m            [0m[32;1m                       [0m[32;1m                 [0m[32;1m B[0m
[32;1m              [0m[32;1m      [0m[32;1m               [0m[32;1m             [0m[32;1m           [0m[32;1m      [0m[32;1m            [0m[32;1m                       [0m[32;1m                 [0m[32;1m u[0m
[32;1m              [0m[32;1m      [0m[32;1m               [0m[32;1m             [0m[32;1m           [0m[32;1m      [0m[32;1m            [0m[32;1m                       [0m[32;1m                 [0m[32;1m i[0m
[32;1m              [0m[32;1m      [0m[32;1m               [0m[32;1m             [0m[32;1m           [0m[32;1m      [0m[32;1m            [0m[32;1m                       [0m[32;1m                 [0m[32;1m l[0m
[32;1m              [0m[32;1m      [0m[32;1m               [0m[32;1m             [0m[32;1m           [0m[32;1m      [0m[32;1m            [0m[32;1m                       [0m[32;1m                 [0m[32;1m d[0m
[32;1m              [0m[32;1m      [0m[32;1m               [0m[32;1m             [0m[32;1m           [0m[32;1m      [0m[32;1m            [0m[32;1m                       [0m[32;1m                 [0m[32;1m C[0m
[32;1m              [0m[32;1m      [0m[32;1m               [0m[32;1m             [0m[32;1m           [0m[32;1m      [0m[32;1m            [0m[32;1m                       [0m[32;1m                 [0m[32;1m o[0m
[32;1m              [0m[32;1m      [0m[32;1m               [0m[32;1m             [0m[32;1m           [0m[32;1m      [0m[32;1m            [0m[32;1m                       [0m[32;1m                 [0m[32;1m u[0m
[32;1m              [0m[32;1m      [0m[32;1m               [0m[32;1m             [0m[32;1m           [0m[32;1m      [0m[32;1m            [0m[32;1m                       [0m[32;1m                 [0m[32;1m n[0m
[32;1m              [0m[32;1m      [0m[32;1m               [0m[32;1m             [0m[32;1m           [0m[32;1m      [0m[32;1m            [0m[32;1m                       [0m[32;1m                 [0m[32;1m t[0m
[32;1m--------      [0m [32;1m-----[0m [32;1m--------------[0m [32;1m------------[0m [32;1m----------[0m [32;1m-----[0m [32;1m-----------[0m [32;1m----------------------[0m [32;1m----------------[0m [32;1m-[0m
no-coordinator     1          False Normal                4     0           0                      3                1 0

Summary CSV: C:\perf\results\node-count-clean-solution-20260804-175600\aspire\block-006\attempt-01\N4\benchmark\scenario-summary.csv
HEAD is now at 110a63d Add text filter to the console logs page (#18565)
BenchmarkRoot: C:\perf\repos\aspire
RepositoryName: aspire
BuildPath: Aspire-Core.slnf
TouchFileRelativePath: src\Aspire.Hosting\DistributedApplication.cs
DotNetPath: C:\perf\coordinator-bootstrap-staging\8fe6721c8d58-1F456A53A870\core\dotnet.exe
MSBuildDllPath: C:\perf\coordinator-bootstrap-staging\8fe6721c8d58-1F456A53A870\core\sdk\11.0.100-preview.7.26360.111\MSBuild.dll
WorkRoot: C:\w\af
OutputRoot: C:\perf\results\node-count-clean-solution-20260804-175600\aspire\block-006\attempt-01\N16\setup
Logical processors: 16
NodeBudget: 16
Slice: 4
Reservation: 4
PriorityAgingThreshold: 3
NormalBuildCount: 1
HighBuildCount: 0
Scenarios: no-coordinator
[restore-normal1] C:\perf\coordinator-bootstrap-staging\8fe6721c8d58-1F456A53A870\core\dotnet.exe C:\perf\coordinator-bootstrap-staging\8fe6721c8d58-1F456A53A870\core\sdk\11.0.100-preview.7.26360.111\MSBuild.dll Aspire-Core.slnf /t:Restore /v:q /nodeReuse:false /p:UseSharedCompilation=false /p:InstallBrowsersForPlaywright=false
MSBuild version 18.10.0-dev.26373.1+8fe6721c8 for .NET
Summary CSV: C:\perf\results\node-count-clean-solution-20260804-175600\aspire\block-006\attempt-01\N16\setup\scenario-summary.csv
Shutting down MSBuild server...
Shutting down VB/C# compiler server...
VB/C# compiler server shut down successfully.
MSBuild server shut down successfully.
BenchmarkRoot: C:\perf\repos\aspire
RepositoryName: aspire-b6-a1-N16
BuildPath: Aspire-Core.slnf
TouchFileRelativePath: src\Aspire.Hosting\DistributedApplication.cs
DotNetPath: C:\perf\coordinator-bootstrap-staging\8fe6721c8d58-1F456A53A870\core\dotnet.exe
MSBuildDllPath: C:\perf\coordinator-bootstrap-staging\8fe6721c8d58-1F456A53A870\core\sdk\11.0.100-preview.7.26360.111\MSBuild.dll
WorkRoot: C:\w\af
OutputRoot: C:\perf\results\node-count-clean-solution-20260804-175600\aspire\block-006\attempt-01\N16\benchmark
Logical processors: 16
NodeBudget: 16
Slice: 0
Reservation: 0
PriorityAgingThreshold: 3
NormalBuildCount: 1
HighBuildCount: 0
Scenarios: no-coordinator
Starting no-coordinator-r1 (coordinator=False, high priority=Normal, /m:16)
[shutdown-no-coordinator-r1] C:\perf\coordinator-bootstrap-staging\8fe6721c8d58-1F456A53A870\core\dotnet.exe build-server shutdown
Shutting down MSBuild server...
Shutting down VB/C# compiler server...
MSBuild server shut down successfully.
VB/C# compiler server shut down successfully.
[shutdown-after-no-coordinator-r1] C:\perf\coordinator-bootstrap-staging\8fe6721c8d58-1F456A53A870\core\dotnet.exe build-server shutdown
Shutting down MSBuild server...
Shutting down VB/C# compiler server...
VB/C# compiler server shut down successfully.
MSBuild server shut down successfully.

[32;1mscenario      [0m[32;1m round[0m[32;1m useCoordinator[0m[32;1m highPriority[0m[32;1m nodeBudget[0m[32;1m slice[0m[32;1m reservation[0m[32;1m priorityAgingThreshold[0m[32;1m normalBuildCount[0m[32;1m h[0m
[32;1m              [0m[32;1m      [0m[32;1m               [0m[32;1m             [0m[32;1m           [0m[32;1m      [0m[32;1m            [0m[32;1m                       [0m[32;1m                 [0m[32;1m i[0m
[32;1m              [0m[32;1m      [0m[32;1m               [0m[32;1m             [0m[32;1m           [0m[32;1m      [0m[32;1m            [0m[32;1m                       [0m[32;1m                 [0m[32;1m g[0m
[32;1m              [0m[32;1m      [0m[32;1m               [0m[32;1m             [0m[32;1m           [0m[32;1m      [0m[32;1m            [0m[32;1m                       [0m[32;1m                 [0m[32;1m h[0m
[32;1m              [0m[32;1m      [0m[32;1m               [0m[32;1m             [0m[32;1m           [0m[32;1m      [0m[32;1m            [0m[32;1m                       [0m[32;1m                 [0m[32;1m B[0m
[32;1m              [0m[32;1m      [0m[32;1m               [0m[32;1m             [0m[32;1m           [0m[32;1m      [0m[32;1m            [0m[32;1m                       [0m[32;1m                 [0m[32;1m u[0m
[32;1m              [0m[32;1m      [0m[32;1m               [0m[32;1m             [0m[32;1m           [0m[32;1m      [0m[32;1m            [0m[32;1m                       [0m[32;1m                 [0m[32;1m i[0m
[32;1m              [0m[32;1m      [0m[32;1m               [0m[32;1m             [0m[32;1m           [0m[32;1m      [0m[32;1m            [0m[32;1m                       [0m[32;1m                 [0m[32;1m l[0m
[32;1m              [0m[32;1m      [0m[32;1m               [0m[32;1m             [0m[32;1m           [0m[32;1m      [0m[32;1m            [0m[32;1m                       [0m[32;1m                 [0m[32;1m d[0m
[32;1m              [0m[32;1m      [0m[32;1m               [0m[32;1m             [0m[32;1m           [0m[32;1m      [0m[32;1m            [0m[32;1m                       [0m[32;1m                 [0m[32;1m C[0m
[32;1m              [0m[32;1m      [0m[32;1m               [0m[32;1m             [0m[32;1m           [0m[32;1m      [0m[32;1m            [0m[32;1m                       [0m[32;1m                 [0m[32;1m o[0m
[32;1m              [0m[32;1m      [0m[32;1m               [0m[32;1m             [0m[32;1m           [0m[32;1m      [0m[32;1m            [0m[32;1m                       [0m[32;1m                 [0m[32;1m u[0m
[32;1m              [0m[32;1m      [0m[32;1m               [0m[32;1m             [0m[32;1m           [0m[32;1m      [0m[32;1m            [0m[32;1m                       [0m[32;1m                 [0m[32;1m n[0m
[32;1m              [0m[32;1m      [0m[32;1m               [0m[32;1m             [0m[32;1m           [0m[32;1m      [0m[32;1m            [0m[32;1m                       [0m[32;1m                 [0m[32;1m t[0m
[32;1m--------      [0m [32;1m-----[0m [32;1m--------------[0m [32;1m------------[0m [32;1m----------[0m [32;1m-----[0m [32;1m-----------[0m [32;1m----------------------[0m [32;1m----------------[0m [32;1m-[0m
no-coordinator     1          False Normal               16     0           0                      3                1 0

Summary CSV: C:\perf\results\node-count-clean-solution-20260804-175600\aspire\block-006\attempt-01\N16\benchmark\scenario-summary.csv
HEAD is now at 110a63d Add text filter to the console logs page (#18565)
BenchmarkRoot: C:\perf\repos\aspire
RepositoryName: aspire
BuildPath: Aspire-Core.slnf
TouchFileRelativePath: src\Aspire.Hosting\DistributedApplication.cs
DotNetPath: C:\perf\coordinator-bootstrap-staging\8fe6721c8d58-1F456A53A870\core\dotnet.exe
MSBuildDllPath: C:\perf\coordinator-bootstrap-staging\8fe6721c8d58-1F456A53A870\core\sdk\11.0.100-preview.7.26360.111\MSBuild.dll
WorkRoot: C:\w\af
OutputRoot: C:\perf\results\node-count-clean-solution-20260804-175600\aspire\block-006\attempt-01\N8\setup
Logical processors: 16
NodeBudget: 8
Slice: 4
Reservation: 4
PriorityAgingThreshold: 3
NormalBuildCount: 1
HighBuildCount: 0
Scenarios: no-coordinator
[restore-normal1] C:\perf\coordinator-bootstrap-staging\8fe6721c8d58-1F456A53A870\core\dotnet.exe C:\perf\coordinator-bootstrap-staging\8fe6721c8d58-1F456A53A870\core\sdk\11.0.100-preview.7.26360.111\MSBuild.dll Aspire-Core.slnf /t:Restore /v:q /nodeReuse:false /p:UseSharedCompilation=false /p:InstallBrowsersForPlaywright=false
MSBuild version 18.10.0-dev.26373.1+8fe6721c8 for .NET
Summary CSV: C:\perf\results\node-count-clean-solution-20260804-175600\aspire\block-006\attempt-01\N8\setup\scenario-summary.csv
Shutting down MSBuild server...
Shutting down VB/C# compiler server...
VB/C# compiler server shut down successfully.
MSBuild server shut down successfully.
BenchmarkRoot: C:\perf\repos\aspire
RepositoryName: aspire-b6-a1-N8
BuildPath: Aspire-Core.slnf
TouchFileRelativePath: src\Aspire.Hosting\DistributedApplication.cs
DotNetPath: C:\perf\coordinator-bootstrap-staging\8fe6721c8d58-1F456A53A870\core\dotnet.exe
MSBuildDllPath: C:\perf\coordinator-bootstrap-staging\8fe6721c8d58-1F456A53A870\core\sdk\11.0.100-preview.7.26360.111\MSBuild.dll
WorkRoot: C:\w\af
OutputRoot: C:\perf\results\node-count-clean-solution-20260804-175600\aspire\block-006\attempt-01\N8\benchmark
Logical processors: 16
NodeBudget: 8
Slice: 0
Reservation: 0
PriorityAgingThreshold: 3
NormalBuildCount: 1
HighBuildCount: 0
Scenarios: no-coordinator
Starting no-coordinator-r1 (coordinator=False, high priority=Normal, /m:8)
[shutdown-no-coordinator-r1] C:\perf\coordinator-bootstrap-staging\8fe6721c8d58-1F456A53A870\core\dotnet.exe build-server shutdown
Shutting down MSBuild server...
Shutting down VB/C# compiler server...
VB/C# compiler server shut down successfully.
MSBuild server shut down successfully.
[shutdown-after-no-coordinator-r1] C:\perf\coordinator-bootstrap-staging\8fe6721c8d58-1F456A53A870\core\dotnet.exe build-server shutdown
Shutting down MSBuild server...
Shutting down VB/C# compiler server...
VB/C# compiler server shut down successfully.
MSBuild server shut down successfully.

[32;1mscenario      [0m[32;1m round[0m[32;1m useCoordinator[0m[32;1m highPriority[0m[32;1m nodeBudget[0m[32;1m slice[0m[32;1m reservation[0m[32;1m priorityAgingThreshold[0m[32;1m normalBuildCount[0m[32;1m h[0m
[32;1m              [0m[32;1m      [0m[32;1m               [0m[32;1m             [0m[32;1m           [0m[32;1m      [0m[32;1m            [0m[32;1m                       [0m[32;1m                 [0m[32;1m i[0m
[32;1m              [0m[32;1m      [0m[32;1m               [0m[32;1m             [0m[32;1m           [0m[32;1m      [0m[32;1m            [0m[32;1m                       [0m[32;1m                 [0m[32;1m g[0m
[32;1m              [0m[32;1m      [0m[32;1m               [0m[32;1m             [0m[32;1m           [0m[32;1m      [0m[32;1m            [0m[32;1m                       [0m[32;1m                 [0m[32;1m h[0m
[32;1m              [0m[32;1m      [0m[32;1m               [0m[32;1m             [0m[32;1m           [0m[32;1m      [0m[32;1m            [0m[32;1m                       [0m[32;1m                 [0m[32;1m B[0m
[32;1m              [0m[32;1m      [0m[32;1m               [0m[32;1m             [0m[32;1m           [0m[32;1m      [0m[32;1m            [0m[32;1m                       [0m[32;1m                 [0m[32;1m u[0m
[32;1m              [0m[32;1m      [0m[32;1m               [0m[32;1m             [0m[32;1m           [0m[32;1m      [0m[32;1m            [0m[32;1m                       [0m[32;1m                 [0m[32;1m i[0m
[32;1m              [0m[32;1m      [0m[32;1m               [0m[32;1m             [0m[32;1m           [0m[32;1m      [0m[32;1m            [0m[32;1m                       [0m[32;1m                 [0m[32;1m l[0m
[32;1m              [0m[32;1m      [0m[32;1m               [0m[32;1m             [0m[32;1m           [0m[32;1m      [0m[32;1m            [0m[32;1m                       [0m[32;1m                 [0m[32;1m d[0m
[32;1m              [0m[32;1m      [0m[32;1m               [0m[32;1m             [0m[32;1m           [0m[32;1m      [0m[32;1m            [0m[32;1m                       [0m[32;1m                 [0m[32;1m C[0m
[32;1m              [0m[32;1m      [0m[32;1m               [0m[32;1m             [0m[32;1m           [0m[32;1m      [0m[32;1m            [0m[32;1m                       [0m[32;1m                 [0m[32;1m o[0m
[32;1m              [0m[32;1m      [0m[32;1m               [0m[32;1m             [0m[32;1m           [0m[32;1m      [0m[32;1m            [0m[32;1m                       [0m[32;1m                 [0m[32;1m u[0m
[32;1m              [0m[32;1m      [0m[32;1m               [0m[32;1m             [0m[32;1m           [0m[32;1m      [0m[32;1m            [0m[32;1m                       [0m[32;1m                 [0m[32;1m n[0m
[32;1m              [0m[32;1m      [0m[32;1m               [0m[32;1m             [0m[32;1m           [0m[32;1m      [0m[32;1m            [0m[32;1m                       [0m[32;1m                 [0m[32;1m t[0m
[32;1m--------      [0m [32;1m-----[0m [32;1m--------------[0m [32;1m------------[0m [32;1m----------[0m [32;1m-----[0m [32;1m-----------[0m [32;1m----------------------[0m [32;1m----------------[0m [32;1m-[0m
no-coordinator     1          False Normal                8     0           0                      3                1 0

Summary CSV: C:\perf\results\node-count-clean-solution-20260804-175600\aspire\block-006\attempt-01\N8\benchmark\scenario-summary.csv
HEAD is now at 110a63d Add text filter to the console logs page (#18565)
BenchmarkRoot: C:\perf\repos\aspire
RepositoryName: aspire
BuildPath: Aspire-Core.slnf
TouchFileRelativePath: src\Aspire.Hosting\DistributedApplication.cs
DotNetPath: C:\perf\coordinator-bootstrap-staging\8fe6721c8d58-1F456A53A870\core\dotnet.exe
MSBuildDllPath: C:\perf\coordinator-bootstrap-staging\8fe6721c8d58-1F456A53A870\core\sdk\11.0.100-preview.7.26360.111\MSBuild.dll
WorkRoot: C:\w\af
OutputRoot: C:\perf\results\node-count-clean-solution-20260804-175600\aspire\block-007\attempt-01\N8\setup
Logical processors: 16
NodeBudget: 8
Slice: 4
Reservation: 4
PriorityAgingThreshold: 3
NormalBuildCount: 1
HighBuildCount: 0
Scenarios: no-coordinator
[restore-normal1] C:\perf\coordinator-bootstrap-staging\8fe6721c8d58-1F456A53A870\core\dotnet.exe C:\perf\coordinator-bootstrap-staging\8fe6721c8d58-1F456A53A870\core\sdk\11.0.100-preview.7.26360.111\MSBuild.dll Aspire-Core.slnf /t:Restore /v:q /nodeReuse:false /p:UseSharedCompilation=false /p:InstallBrowsersForPlaywright=false
MSBuild version 18.10.0-dev.26373.1+8fe6721c8 for .NET
Summary CSV: C:\perf\results\node-count-clean-solution-20260804-175600\aspire\block-007\attempt-01\N8\setup\scenario-summary.csv
Shutting down MSBuild server...
Shutting down VB/C# compiler server...
VB/C# compiler server shut down successfully.
MSBuild server shut down successfully.
BenchmarkRoot: C:\perf\repos\aspire
RepositoryName: aspire-b7-a1-N8
BuildPath: Aspire-Core.slnf
TouchFileRelativePath: src\Aspire.Hosting\DistributedApplication.cs
DotNetPath: C:\perf\coordinator-bootstrap-staging\8fe6721c8d58-1F456A53A870\core\dotnet.exe
MSBuildDllPath: C:\perf\coordinator-bootstrap-staging\8fe6721c8d58-1F456A53A870\core\sdk\11.0.100-preview.7.26360.111\MSBuild.dll
WorkRoot: C:\w\af
OutputRoot: C:\perf\results\node-count-clean-solution-20260804-175600\aspire\block-007\attempt-01\N8\benchmark
Logical processors: 16
NodeBudget: 8
Slice: 0
Reservation: 0
PriorityAgingThreshold: 3
NormalBuildCount: 1
HighBuildCount: 0
Scenarios: no-coordinator
Starting no-coordinator-r1 (coordinator=False, high priority=Normal, /m:8)
[shutdown-no-coordinator-r1] C:\perf\coordinator-bootstrap-staging\8fe6721c8d58-1F456A53A870\core\dotnet.exe build-server shutdown
Shutting down MSBuild server...
Shutting down VB/C# compiler server...
VB/C# compiler server shut down successfully.
MSBuild server shut down successfully.
[shutdown-after-no-coordinator-r1] C:\perf\coordinator-bootstrap-staging\8fe6721c8d58-1F456A53A870\core\dotnet.exe build-server shutdown
Shutting down MSBuild server...
Shutting down VB/C# compiler server...
VB/C# compiler server shut down successfully.
MSBuild server shut down successfully.

[32;1mscenario      [0m[32;1m round[0m[32;1m useCoordinator[0m[32;1m highPriority[0m[32;1m nodeBudget[0m[32;1m slice[0m[32;1m reservation[0m[32;1m priorityAgingThreshold[0m[32;1m normalBuildCount[0m[32;1m h[0m
[32;1m              [0m[32;1m      [0m[32;1m               [0m[32;1m             [0m[32;1m           [0m[32;1m      [0m[32;1m            [0m[32;1m                       [0m[32;1m                 [0m[32;1m i[0m
[32;1m              [0m[32;1m      [0m[32;1m               [0m[32;1m             [0m[32;1m           [0m[32;1m      [0m[32;1m            [0m[32;1m                       [0m[32;1m                 [0m[32;1m g[0m
[32;1m              [0m[32;1m      [0m[32;1m               [0m[32;1m             [0m[32;1m           [0m[32;1m      [0m[32;1m            [0m[32;1m                       [0m[32;1m                 [0m[32;1m h[0m
[32;1m              [0m[32;1m      [0m[32;1m               [0m[32;1m             [0m[32;1m           [0m[32;1m      [0m[32;1m            [0m[32;1m                       [0m[32;1m                 [0m[32;1m B[0m
[32;1m              [0m[32;1m      [0m[32;1m               [0m[32;1m             [0m[32;1m           [0m[32;1m      [0m[32;1m            [0m[32;1m                       [0m[32;1m                 [0m[32;1m u[0m
[32;1m              [0m[32;1m      [0m[32;1m               [0m[32;1m             [0m[32;1m           [0m[32;1m      [0m[32;1m            [0m[32;1m                       [0m[32;1m                 [0m[32;1m i[0m
[32;1m              [0m[32;1m      [0m[32;1m               [0m[32;1m             [0m[32;1m           [0m[32;1m      [0m[32;1m            [0m[32;1m                       [0m[32;1m                 [0m[32;1m l[0m
[32;1m              [0m[32;1m      [0m[32;1m               [0m[32;1m             [0m[32;1m           [0m[32;1m      [0m[32;1m            [0m[32;1m                       [0m[32;1m                 [0m[32;1m d[0m
[32;1m              [0m[32;1m      [0m[32;1m               [0m[32;1m             [0m[32;1m           [0m[32;1m      [0m[32;1m            [0m[32;1m                       [0m[32;1m                 [0m[32;1m C[0m
[32;1m              [0m[32;1m      [0m[32;1m               [0m[32;1m             [0m[32;1m           [0m[32;1m      [0m[32;1m            [0m[32;1m                       [0m[32;1m                 [0m[32;1m o[0m
[32;1m              [0m[32;1m      [0m[32;1m               [0m[32;1m             [0m[32;1m           [0m[32;1m      [0m[32;1m            [0m[32;1m                       [0m[32;1m                 [0m[32;1m u[0m
[32;1m              [0m[32;1m      [0m[32;1m               [0m[32;1m             [0m[32;1m           [0m[32;1m      [0m[32;1m            [0m[32;1m                       [0m[32;1m                 [0m[32;1m n[0m
[32;1m              [0m[32;1m      [0m[32;1m               [0m[32;1m             [0m[32;1m           [0m[32;1m      [0m[32;1m            [0m[32;1m                       [0m[32;1m                 [0m[32;1m t[0m
[32;1m--------      [0m [32;1m-----[0m [32;1m--------------[0m [32;1m------------[0m [32;1m----------[0m [32;1m-----[0m [32;1m-----------[0m [32;1m----------------------[0m [32;1m----------------[0m [32;1m-[0m
no-coordinator     1          False Normal                8     0           0                      3                1 0

Summary CSV: C:\perf\results\node-count-clean-solution-20260804-175600\aspire\block-007\attempt-01\N8\benchmark\scenario-summary.csv
HEAD is now at 110a63d Add text filter to the console logs page (#18565)
BenchmarkRoot: C:\perf\repos\aspire
RepositoryName: aspire
BuildPath: Aspire-Core.slnf
TouchFileRelativePath: src\Aspire.Hosting\DistributedApplication.cs
DotNetPath: C:\perf\coordinator-bootstrap-staging\8fe6721c8d58-1F456A53A870\core\dotnet.exe
MSBuildDllPath: C:\perf\coordinator-bootstrap-staging\8fe6721c8d58-1F456A53A870\core\sdk\11.0.100-preview.7.26360.111\MSBuild.dll
WorkRoot: C:\w\af
OutputRoot: C:\perf\results\node-count-clean-solution-20260804-175600\aspire\block-007\attempt-01\N4\setup
Logical processors: 16
NodeBudget: 4
Slice: 4
Reservation: 4
PriorityAgingThreshold: 3
NormalBuildCount: 1
HighBuildCount: 0
Scenarios: no-coordinator
[restore-normal1] C:\perf\coordinator-bootstrap-staging\8fe6721c8d58-1F456A53A870\core\dotnet.exe C:\perf\coordinator-bootstrap-staging\8fe6721c8d58-1F456A53A870\core\sdk\11.0.100-preview.7.26360.111\MSBuild.dll Aspire-Core.slnf /t:Restore /v:q /nodeReuse:false /p:UseSharedCompilation=false /p:InstallBrowsersForPlaywright=false
MSBuild version 18.10.0-dev.26373.1+8fe6721c8 for .NET
Summary CSV: C:\perf\results\node-count-clean-solution-20260804-175600\aspire\block-007\attempt-01\N4\setup\scenario-summary.csv
Shutting down MSBuild server...
Shutting down VB/C# compiler server...
VB/C# compiler server shut down successfully.
MSBuild server shut down successfully.
BenchmarkRoot: C:\perf\repos\aspire
RepositoryName: aspire-b7-a1-N4
BuildPath: Aspire-Core.slnf
TouchFileRelativePath: src\Aspire.Hosting\DistributedApplication.cs
DotNetPath: C:\perf\coordinator-bootstrap-staging\8fe6721c8d58-1F456A53A870\core\dotnet.exe
MSBuildDllPath: C:\perf\coordinator-bootstrap-staging\8fe6721c8d58-1F456A53A870\core\sdk\11.0.100-preview.7.26360.111\MSBuild.dll
WorkRoot: C:\w\af
OutputRoot: C:\perf\results\node-count-clean-solution-20260804-175600\aspire\block-007\attempt-01\N4\benchmark
Logical processors: 16
NodeBudget: 4
Slice: 0
Reservation: 0
PriorityAgingThreshold: 3
NormalBuildCount: 1
HighBuildCount: 0
Scenarios: no-coordinator
Starting no-coordinator-r1 (coordinator=False, high priority=Normal, /m:4)
[shutdown-no-coordinator-r1] C:\perf\coordinator-bootstrap-staging\8fe6721c8d58-1F456A53A870\core\dotnet.exe build-server shutdown
Shutting down MSBuild server...
Shutting down VB/C# compiler server...
VB/C# compiler server shut down successfully.
MSBuild server shut down successfully.
[shutdown-after-no-coordinator-r1] C:\perf\coordinator-bootstrap-staging\8fe6721c8d58-1F456A53A870\core\dotnet.exe build-server shutdown
Shutting down MSBuild server...
Shutting down VB/C# compiler server...
VB/C# compiler server shut down successfully.
MSBuild server shut down successfully.

[32;1mscenario      [0m[32;1m round[0m[32;1m useCoordinator[0m[32;1m highPriority[0m[32;1m nodeBudget[0m[32;1m slice[0m[32;1m reservation[0m[32;1m priorityAgingThreshold[0m[32;1m normalBuildCount[0m[32;1m h[0m
[32;1m              [0m[32;1m      [0m[32;1m               [0m[32;1m             [0m[32;1m           [0m[32;1m      [0m[32;1m            [0m[32;1m                       [0m[32;1m                 [0m[32;1m i[0m
[32;1m              [0m[32;1m      [0m[32;1m               [0m[32;1m             [0m[32;1m           [0m[32;1m      [0m[32;1m            [0m[32;1m                       [0m[32;1m                 [0m[32;1m g[0m
[32;1m              [0m[32;1m      [0m[32;1m               [0m[32;1m             [0m[32;1m           [0m[32;1m      [0m[32;1m            [0m[32;1m                       [0m[32;1m                 [0m[32;1m h[0m
[32;1m              [0m[32;1m      [0m[32;1m               [0m[32;1m             [0m[32;1m           [0m[32;1m      [0m[32;1m            [0m[32;1m                       [0m[32;1m                 [0m[32;1m B[0m
[32;1m              [0m[32;1m      [0m[32;1m               [0m[32;1m             [0m[32;1m           [0m[32;1m      [0m[32;1m            [0m[32;1m                       [0m[32;1m                 [0m[32;1m u[0m
[32;1m              [0m[32;1m      [0m[32;1m               [0m[32;1m             [0m[32;1m           [0m[32;1m      [0m[32;1m            [0m[32;1m                       [0m[32;1m                 [0m[32;1m i[0m
[32;1m              [0m[32;1m      [0m[32;1m               [0m[32;1m             [0m[32;1m           [0m[32;1m      [0m[32;1m            [0m[32;1m                       [0m[32;1m                 [0m[32;1m l[0m
[32;1m              [0m[32;1m      [0m[32;1m               [0m[32;1m             [0m[32;1m           [0m[32;1m      [0m[32;1m            [0m[32;1m                       [0m[32;1m                 [0m[32;1m d[0m
[32;1m              [0m[32;1m      [0m[32;1m               [0m[32;1m             [0m[32;1m           [0m[32;1m      [0m[32;1m            [0m[32;1m                       [0m[32;1m                 [0m[32;1m C[0m
[32;1m              [0m[32;1m      [0m[32;1m               [0m[32;1m             [0m[32;1m           [0m[32;1m      [0m[32;1m            [0m[32;1m                       [0m[32;1m                 [0m[32;1m o[0m
[32;1m              [0m[32;1m      [0m[32;1m               [0m[32;1m             [0m[32;1m           [0m[32;1m      [0m[32;1m            [0m[32;1m                       [0m[32;1m                 [0m[32;1m u[0m
[32;1m              [0m[32;1m      [0m[32;1m               [0m[32;1m             [0m[32;1m           [0m[32;1m      [0m[32;1m            [0m[32;1m                       [0m[32;1m                 [0m[32;1m n[0m
[32;1m              [0m[32;1m      [0m[32;1m               [0m[32;1m             [0m[32;1m           [0m[32;1m      [0m[32;1m            [0m[32;1m                       [0m[32;1m                 [0m[32;1m t[0m
[32;1m--------      [0m [32;1m-----[0m [32;1m--------------[0m [32;1m------------[0m [32;1m----------[0m [32;1m-----[0m [32;1m-----------[0m [32;1m----------------------[0m [32;1m----------------[0m [32;1m-[0m
no-coordinator     1          False Normal                4     0           0                      3                1 0

Summary CSV: C:\perf\results\node-count-clean-solution-20260804-175600\aspire\block-007\attempt-01\N4\benchmark\scenario-summary.csv
HEAD is now at 110a63d Add text filter to the console logs page (#18565)
BenchmarkRoot: C:\perf\repos\aspire
RepositoryName: aspire
BuildPath: Aspire-Core.slnf
TouchFileRelativePath: src\Aspire.Hosting\DistributedApplication.cs
DotNetPath: C:\perf\coordinator-bootstrap-staging\8fe6721c8d58-1F456A53A870\core\dotnet.exe
MSBuildDllPath: C:\perf\coordinator-bootstrap-staging\8fe6721c8d58-1F456A53A870\core\sdk\11.0.100-preview.7.26360.111\MSBuild.dll
WorkRoot: C:\w\af
OutputRoot: C:\perf\results\node-count-clean-solution-20260804-175600\aspire\block-007\attempt-01\N16\setup
Logical processors: 16
NodeBudget: 16
Slice: 4
Reservation: 4
PriorityAgingThreshold: 3
NormalBuildCount: 1
HighBuildCount: 0
Scenarios: no-coordinator
[restore-normal1] C:\perf\coordinator-bootstrap-staging\8fe6721c8d58-1F456A53A870\core\dotnet.exe C:\perf\coordinator-bootstrap-staging\8fe6721c8d58-1F456A53A870\core\sdk\11.0.100-preview.7.26360.111\MSBuild.dll Aspire-Core.slnf /t:Restore /v:q /nodeReuse:false /p:UseSharedCompilation=false /p:InstallBrowsersForPlaywright=false
MSBuild version 18.10.0-dev.26373.1+8fe6721c8 for .NET
Summary CSV: C:\perf\results\node-count-clean-solution-20260804-175600\aspire\block-007\attempt-01\N16\setup\scenario-summary.csv
Shutting down MSBuild server...
Shutting down VB/C# compiler server...
VB/C# compiler server shut down successfully.
MSBuild server shut down successfully.
BenchmarkRoot: C:\perf\repos\aspire
RepositoryName: aspire-b7-a1-N16
BuildPath: Aspire-Core.slnf
TouchFileRelativePath: src\Aspire.Hosting\DistributedApplication.cs
DotNetPath: C:\perf\coordinator-bootstrap-staging\8fe6721c8d58-1F456A53A870\core\dotnet.exe
MSBuildDllPath: C:\perf\coordinator-bootstrap-staging\8fe6721c8d58-1F456A53A870\core\sdk\11.0.100-preview.7.26360.111\MSBuild.dll
WorkRoot: C:\w\af
OutputRoot: C:\perf\results\node-count-clean-solution-20260804-175600\aspire\block-007\attempt-01\N16\benchmark
Logical processors: 16
NodeBudget: 16
Slice: 0
Reservation: 0
PriorityAgingThreshold: 3
NormalBuildCount: 1
HighBuildCount: 0
Scenarios: no-coordinator
Starting no-coordinator-r1 (coordinator=False, high priority=Normal, /m:16)
[shutdown-no-coordinator-r1] C:\perf\coordinator-bootstrap-staging\8fe6721c8d58-1F456A53A870\core\dotnet.exe build-server shutdown
Shutting down MSBuild server...
Shutting down VB/C# compiler server...
VB/C# compiler server shut down successfully.
MSBuild server shut down successfully.
[shutdown-after-no-coordinator-r1] C:\perf\coordinator-bootstrap-staging\8fe6721c8d58-1F456A53A870\core\dotnet.exe build-server shutdown
Shutting down MSBuild server...
Shutting down VB/C# compiler server...
VB/C# compiler server shut down successfully.
MSBuild server shut down successfully.

[32;1mscenario      [0m[32;1m round[0m[32;1m useCoordinator[0m[32;1m highPriority[0m[32;1m nodeBudget[0m[32;1m slice[0m[32;1m reservation[0m[32;1m priorityAgingThreshold[0m[32;1m normalBuildCount[0m[32;1m h[0m
[32;1m              [0m[32;1m      [0m[32;1m               [0m[32;1m             [0m[32;1m           [0m[32;1m      [0m[32;1m            [0m[32;1m                       [0m[32;1m                 [0m[32;1m i[0m
[32;1m              [0m[32;1m      [0m[32;1m               [0m[32;1m             [0m[32;1m           [0m[32;1m      [0m[32;1m            [0m[32;1m                       [0m[32;1m                 [0m[32;1m g[0m
[32;1m              [0m[32;1m      [0m[32;1m               [0m[32;1m             [0m[32;1m           [0m[32;1m      [0m[32;1m            [0m[32;1m                       [0m[32;1m                 [0m[32;1m h[0m
[32;1m              [0m[32;1m      [0m[32;1m               [0m[32;1m             [0m[32;1m           [0m[32;1m      [0m[32;1m            [0m[32;1m                       [0m[32;1m                 [0m[32;1m B[0m
[32;1m              [0m[32;1m      [0m[32;1m               [0m[32;1m             [0m[32;1m           [0m[32;1m      [0m[32;1m            [0m[32;1m                       [0m[32;1m                 [0m[32;1m u[0m
[32;1m              [0m[32;1m      [0m[32;1m               [0m[32;1m             [0m[32;1m           [0m[32;1m      [0m[32;1m            [0m[32;1m                       [0m[32;1m                 [0m[32;1m i[0m
[32;1m              [0m[32;1m      [0m[32;1m               [0m[32;1m             [0m[32;1m           [0m[32;1m      [0m[32;1m            [0m[32;1m                       [0m[32;1m                 [0m[32;1m l[0m
[32;1m              [0m[32;1m      [0m[32;1m               [0m[32;1m             [0m[32;1m           [0m[32;1m      [0m[32;1m            [0m[32;1m                       [0m[32;1m                 [0m[32;1m d[0m
[32;1m              [0m[32;1m      [0m[32;1m               [0m[32;1m             [0m[32;1m           [0m[32;1m      [0m[32;1m            [0m[32;1m                       [0m[32;1m                 [0m[32;1m C[0m
[32;1m              [0m[32;1m      [0m[32;1m               [0m[32;1m             [0m[32;1m           [0m[32;1m      [0m[32;1m            [0m[32;1m                       [0m[32;1m                 [0m[32;1m o[0m
[32;1m              [0m[32;1m      [0m[32;1m               [0m[32;1m             [0m[32;1m           [0m[32;1m      [0m[32;1m            [0m[32;1m                       [0m[32;1m                 [0m[32;1m u[0m
[32;1m              [0m[32;1m      [0m[32;1m               [0m[32;1m             [0m[32;1m           [0m[32;1m      [0m[32;1m            [0m[32;1m                       [0m[32;1m                 [0m[32;1m n[0m
[32;1m              [0m[32;1m      [0m[32;1m               [0m[32;1m             [0m[32;1m           [0m[32;1m      [0m[32;1m            [0m[32;1m                       [0m[32;1m                 [0m[32;1m t[0m
[32;1m--------      [0m [32;1m-----[0m [32;1m--------------[0m [32;1m------------[0m [32;1m----------[0m [32;1m-----[0m [32;1m-----------[0m [32;1m----------------------[0m [32;1m----------------[0m [32;1m-[0m
no-coordinator     1          False Normal               16     0           0                      3                1 0

Summary CSV: C:\perf\results\node-count-clean-solution-20260804-175600\aspire\block-007\attempt-01\N16\benchmark\scenario-summary.csv
RUN_ROOT=C:\perf\results\node-count-clean-solution-20260804-175600
