BenchmarkRoot: C:\perf\repos\vs-green
RepositoryName: vs-green
BuildPath: server\dirs.proj
TouchFileRelativePath: server\src\CSDevKit.ReliabilityMonitor\Program.cs
DotNetPath: C:\perf\coordinator-bootstrap-staging\f7b4c5716faa-EF3F5C82A926\core\dotnet.exe
MSBuildDllPath: C:\perf\coordinator-bootstrap-staging\f7b4c5716faa-EF3F5C82A926\core\sdk\11.0.100-preview.5.26302.115\MSBuild.dll
WorkRoot: C:\w\vf
OutputRoot: C:\perf\results\vs-green-node-count-clean-server-20260806-111702\_setup\vs-green
Logical processors: 16
NodeBudget: 16
Slice: 4
Reservation: 4
PriorityAgingThreshold: 3
NormalBuildCount: 1
HighBuildCount: 0
Scenarios: no-coordinator
[restore-normal1] C:\perf\coordinator-bootstrap-staging\f7b4c5716faa-EF3F5C82A926\core\dotnet.exe C:\perf\coordinator-bootstrap-staging\f7b4c5716faa-EF3F5C82A926\core\sdk\11.0.100-preview.5.26302.115\MSBuild.dll server\dirs.proj /t:Restore /v:q /nodeReuse:false /p:UseSharedCompilation=false /p:Configuration=Debug
MSBuild version 18.8.0-preview-26302-115+f7b4c5716 for .NET

Build succeeded.
    0 Warning(s)
    0 Error(s)

Time Elapsed 00:00:03.63
Summary CSV: C:\perf\results\vs-green-node-count-clean-server-20260806-111702\_setup\vs-green\scenario-summary.csv
HEAD is now at 7eaba546bc Merged PR 766163: Regenerate lscache files in Renovate post-upgrade tasks
BenchmarkRoot: C:\perf\repos\vs-green
RepositoryName: vs-green
BuildPath: server\dirs.proj
TouchFileRelativePath: server\src\CSDevKit.ReliabilityMonitor\Program.cs
DotNetPath: C:\perf\coordinator-bootstrap-staging\f7b4c5716faa-EF3F5C82A926\core\dotnet.exe
MSBuildDllPath: C:\perf\coordinator-bootstrap-staging\f7b4c5716faa-EF3F5C82A926\core\sdk\11.0.100-preview.5.26302.115\MSBuild.dll
WorkRoot: C:\w\vf
OutputRoot: C:\perf\results\vs-green-node-count-clean-server-20260806-111702\vs-green\block-001\attempt-01\N8\setup
Logical processors: 16
NodeBudget: 8
Slice: 4
Reservation: 4
PriorityAgingThreshold: 3
NormalBuildCount: 1
HighBuildCount: 0
Scenarios: no-coordinator
[restore-normal1] C:\perf\coordinator-bootstrap-staging\f7b4c5716faa-EF3F5C82A926\core\dotnet.exe C:\perf\coordinator-bootstrap-staging\f7b4c5716faa-EF3F5C82A926\core\sdk\11.0.100-preview.5.26302.115\MSBuild.dll server\dirs.proj /t:Restore /v:q /nodeReuse:false /p:UseSharedCompilation=false /p:Configuration=Debug
MSBuild version 18.8.0-preview-26302-115+f7b4c5716 for .NET

Build succeeded.
    0 Warning(s)
    0 Error(s)

Time Elapsed 00:00:03.49
Summary CSV: C:\perf\results\vs-green-node-count-clean-server-20260806-111702\vs-green\block-001\attempt-01\N8\setup\scenario-summary.csv
Shutting down MSBuild server...
Shutting down VB/C# compiler server...
VB/C# compiler server shut down successfully.
MSBuild server shut down successfully.
BenchmarkRoot: C:\perf\repos\vs-green
RepositoryName: vs-green-b1-a1-N8
BuildPath: server\dirs.proj
TouchFileRelativePath: server\src\CSDevKit.ReliabilityMonitor\Program.cs
DotNetPath: C:\perf\coordinator-bootstrap-staging\f7b4c5716faa-EF3F5C82A926\core\dotnet.exe
MSBuildDllPath: C:\perf\coordinator-bootstrap-staging\f7b4c5716faa-EF3F5C82A926\core\sdk\11.0.100-preview.5.26302.115\MSBuild.dll
WorkRoot: C:\w\vf
OutputRoot: C:\perf\results\vs-green-node-count-clean-server-20260806-111702\vs-green\block-001\attempt-01\N8\benchmark
Logical processors: 16
NodeBudget: 8
Slice: 0
Reservation: 0
PriorityAgingThreshold: 3
NormalBuildCount: 1
HighBuildCount: 0
Scenarios: no-coordinator
Starting no-coordinator-r1 (coordinator=False, high priority=Normal, /m:8)
[shutdown-no-coordinator-r1] C:\perf\coordinator-bootstrap-staging\f7b4c5716faa-EF3F5C82A926\core\dotnet.exe build-server shutdown
Shutting down MSBuild server...
Shutting down VB/C# compiler server...
VB/C# compiler server shut down successfully.
MSBuild server shut down successfully.
[shutdown-after-no-coordinator-r1] C:\perf\coordinator-bootstrap-staging\f7b4c5716faa-EF3F5C82A926\core\dotnet.exe build-server shutdown
Shutting down MSBuild server...
Shutting down VB/C# compiler server...
VB/C# compiler server shut down successfully.
MSBuild server shut down successfully.

[32;1mscenario      [0m[32;1m round[0m[32;1m useCoordinator[0m[32;1m highPriority[0m[32;1m nodeBudget[0m[32;1m slice[0m[32;1m reservation[0m[32;1m priorityAgingThreshold[0m[32;1m normalBuildCount[0m[32;1m h[0m
[32;1m              [0m[32;1m      [0m[32;1m               [0m[32;1m             [0m[32;1m           [0m[32;1m      [0m[32;1m            [0m[32;1m                       [0m[32;1m                 [0m[32;1m i[0m
[32;1m              [0m[32;1m      [0m[32;1m               [0m[32;1m             [0m[32;1m           [0m[32;1m      [0m[32;1m            [0m[32;1m                       [0m[32;1m                 [0m[32;1m g[0m
[32;1m              [0m[32;1m      [0m[32;1m               [0m[32;1m             [0m[32;1m           [0m[32;1m      [0m[32;1m            [0m[32;1m                       [0m[32;1m                 [0m[32;1m h[0m
[32;1m              [0m[32;1m      [0m[32;1m               [0m[32;1m             [0m[32;1m           [0m[32;1m      [0m[32;1m            [0m[32;1m                       [0m[32;1m                 [0m[32;1m B[0m
[32;1m              [0m[32;1m      [0m[32;1m               [0m[32;1m             [0m[32;1m           [0m[32;1m      [0m[32;1m            [0m[32;1m                       [0m[32;1m                 [0m[32;1m u[0m
[32;1m              [0m[32;1m      [0m[32;1m               [0m[32;1m             [0m[32;1m           [0m[32;1m      [0m[32;1m            [0m[32;1m                       [0m[32;1m                 [0m[32;1m i[0m
[32;1m              [0m[32;1m      [0m[32;1m               [0m[32;1m             [0m[32;1m           [0m[32;1m      [0m[32;1m            [0m[32;1m                       [0m[32;1m                 [0m[32;1m l[0m
[32;1m              [0m[32;1m      [0m[32;1m               [0m[32;1m             [0m[32;1m           [0m[32;1m      [0m[32;1m            [0m[32;1m                       [0m[32;1m                 [0m[32;1m d[0m
[32;1m              [0m[32;1m      [0m[32;1m               [0m[32;1m             [0m[32;1m           [0m[32;1m      [0m[32;1m            [0m[32;1m                       [0m[32;1m                 [0m[32;1m C[0m
[32;1m              [0m[32;1m      [0m[32;1m               [0m[32;1m             [0m[32;1m           [0m[32;1m      [0m[32;1m            [0m[32;1m                       [0m[32;1m                 [0m[32;1m o[0m
[32;1m              [0m[32;1m      [0m[32;1m               [0m[32;1m             [0m[32;1m           [0m[32;1m      [0m[32;1m            [0m[32;1m                       [0m[32;1m                 [0m[32;1m u[0m
[32;1m              [0m[32;1m      [0m[32;1m               [0m[32;1m             [0m[32;1m           [0m[32;1m      [0m[32;1m            [0m[32;1m                       [0m[32;1m                 [0m[32;1m n[0m
[32;1m              [0m[32;1m      [0m[32;1m               [0m[32;1m             [0m[32;1m           [0m[32;1m      [0m[32;1m            [0m[32;1m                       [0m[32;1m                 [0m[32;1m t[0m
[32;1m--------      [0m [32;1m-----[0m [32;1m--------------[0m [32;1m------------[0m [32;1m----------[0m [32;1m-----[0m [32;1m-----------[0m [32;1m----------------------[0m [32;1m----------------[0m [32;1m-[0m
no-coordinator     1          False Normal                8     0           0                      3                1 0

Summary CSV: C:\perf\results\vs-green-node-count-clean-server-20260806-111702\vs-green\block-001\attempt-01\N8\benchmark\scenario-summary.csv
HEAD is now at 7eaba546bc Merged PR 766163: Regenerate lscache files in Renovate post-upgrade tasks
BenchmarkRoot: C:\perf\repos\vs-green
RepositoryName: vs-green
BuildPath: server\dirs.proj
TouchFileRelativePath: server\src\CSDevKit.ReliabilityMonitor\Program.cs
DotNetPath: C:\perf\coordinator-bootstrap-staging\f7b4c5716faa-EF3F5C82A926\core\dotnet.exe
MSBuildDllPath: C:\perf\coordinator-bootstrap-staging\f7b4c5716faa-EF3F5C82A926\core\sdk\11.0.100-preview.5.26302.115\MSBuild.dll
WorkRoot: C:\w\vf
OutputRoot: C:\perf\results\vs-green-node-count-clean-server-20260806-111702\vs-green\block-001\attempt-01\N4\setup
Logical processors: 16
NodeBudget: 4
Slice: 4
Reservation: 4
PriorityAgingThreshold: 3
NormalBuildCount: 1
HighBuildCount: 0
Scenarios: no-coordinator
[restore-normal1] C:\perf\coordinator-bootstrap-staging\f7b4c5716faa-EF3F5C82A926\core\dotnet.exe C:\perf\coordinator-bootstrap-staging\f7b4c5716faa-EF3F5C82A926\core\sdk\11.0.100-preview.5.26302.115\MSBuild.dll server\dirs.proj /t:Restore /v:q /nodeReuse:false /p:UseSharedCompilation=false /p:Configuration=Debug
MSBuild version 18.8.0-preview-26302-115+f7b4c5716 for .NET

Build succeeded.
    0 Warning(s)
    0 Error(s)

Time Elapsed 00:00:02.67
Summary CSV: C:\perf\results\vs-green-node-count-clean-server-20260806-111702\vs-green\block-001\attempt-01\N4\setup\scenario-summary.csv
Shutting down MSBuild server...
Shutting down VB/C# compiler server...
VB/C# compiler server shut down successfully.
MSBuild server shut down successfully.
BenchmarkRoot: C:\perf\repos\vs-green
RepositoryName: vs-green-b1-a1-N4
BuildPath: server\dirs.proj
TouchFileRelativePath: server\src\CSDevKit.ReliabilityMonitor\Program.cs
DotNetPath: C:\perf\coordinator-bootstrap-staging\f7b4c5716faa-EF3F5C82A926\core\dotnet.exe
MSBuildDllPath: C:\perf\coordinator-bootstrap-staging\f7b4c5716faa-EF3F5C82A926\core\sdk\11.0.100-preview.5.26302.115\MSBuild.dll
WorkRoot: C:\w\vf
OutputRoot: C:\perf\results\vs-green-node-count-clean-server-20260806-111702\vs-green\block-001\attempt-01\N4\benchmark
Logical processors: 16
NodeBudget: 4
Slice: 0
Reservation: 0
PriorityAgingThreshold: 3
NormalBuildCount: 1
HighBuildCount: 0
Scenarios: no-coordinator
Starting no-coordinator-r1 (coordinator=False, high priority=Normal, /m:4)
[shutdown-no-coordinator-r1] C:\perf\coordinator-bootstrap-staging\f7b4c5716faa-EF3F5C82A926\core\dotnet.exe build-server shutdown
Shutting down MSBuild server...
Shutting down VB/C# compiler server...
MSBuild server shut down successfully.
VB/C# compiler server shut down successfully.
[shutdown-after-no-coordinator-r1] C:\perf\coordinator-bootstrap-staging\f7b4c5716faa-EF3F5C82A926\core\dotnet.exe build-server shutdown
Shutting down MSBuild server...
Shutting down VB/C# compiler server...
VB/C# compiler server shut down successfully.
MSBuild server shut down successfully.

[32;1mscenario      [0m[32;1m round[0m[32;1m useCoordinator[0m[32;1m highPriority[0m[32;1m nodeBudget[0m[32;1m slice[0m[32;1m reservation[0m[32;1m priorityAgingThreshold[0m[32;1m normalBuildCount[0m[32;1m h[0m
[32;1m              [0m[32;1m      [0m[32;1m               [0m[32;1m             [0m[32;1m           [0m[32;1m      [0m[32;1m            [0m[32;1m                       [0m[32;1m                 [0m[32;1m i[0m
[32;1m              [0m[32;1m      [0m[32;1m               [0m[32;1m             [0m[32;1m           [0m[32;1m      [0m[32;1m            [0m[32;1m                       [0m[32;1m                 [0m[32;1m g[0m
[32;1m              [0m[32;1m      [0m[32;1m               [0m[32;1m             [0m[32;1m           [0m[32;1m      [0m[32;1m            [0m[32;1m                       [0m[32;1m                 [0m[32;1m h[0m
[32;1m              [0m[32;1m      [0m[32;1m               [0m[32;1m             [0m[32;1m           [0m[32;1m      [0m[32;1m            [0m[32;1m                       [0m[32;1m                 [0m[32;1m B[0m
[32;1m              [0m[32;1m      [0m[32;1m               [0m[32;1m             [0m[32;1m           [0m[32;1m      [0m[32;1m            [0m[32;1m                       [0m[32;1m                 [0m[32;1m u[0m
[32;1m              [0m[32;1m      [0m[32;1m               [0m[32;1m             [0m[32;1m           [0m[32;1m      [0m[32;1m            [0m[32;1m                       [0m[32;1m                 [0m[32;1m i[0m
[32;1m              [0m[32;1m      [0m[32;1m               [0m[32;1m             [0m[32;1m           [0m[32;1m      [0m[32;1m            [0m[32;1m                       [0m[32;1m                 [0m[32;1m l[0m
[32;1m              [0m[32;1m      [0m[32;1m               [0m[32;1m             [0m[32;1m           [0m[32;1m      [0m[32;1m            [0m[32;1m                       [0m[32;1m                 [0m[32;1m d[0m
[32;1m              [0m[32;1m      [0m[32;1m               [0m[32;1m             [0m[32;1m           [0m[32;1m      [0m[32;1m            [0m[32;1m                       [0m[32;1m                 [0m[32;1m C[0m
[32;1m              [0m[32;1m      [0m[32;1m               [0m[32;1m             [0m[32;1m           [0m[32;1m      [0m[32;1m            [0m[32;1m                       [0m[32;1m                 [0m[32;1m o[0m
[32;1m              [0m[32;1m      [0m[32;1m               [0m[32;1m             [0m[32;1m           [0m[32;1m      [0m[32;1m            [0m[32;1m                       [0m[32;1m                 [0m[32;1m u[0m
[32;1m              [0m[32;1m      [0m[32;1m               [0m[32;1m             [0m[32;1m           [0m[32;1m      [0m[32;1m            [0m[32;1m                       [0m[32;1m                 [0m[32;1m n[0m
[32;1m              [0m[32;1m      [0m[32;1m               [0m[32;1m             [0m[32;1m           [0m[32;1m      [0m[32;1m            [0m[32;1m                       [0m[32;1m                 [0m[32;1m t[0m
[32;1m--------      [0m [32;1m-----[0m [32;1m--------------[0m [32;1m------------[0m [32;1m----------[0m [32;1m-----[0m [32;1m-----------[0m [32;1m----------------------[0m [32;1m----------------[0m [32;1m-[0m
no-coordinator     1          False Normal                4     0           0                      3                1 0

Summary CSV: C:\perf\results\vs-green-node-count-clean-server-20260806-111702\vs-green\block-001\attempt-01\N4\benchmark\scenario-summary.csv
HEAD is now at 7eaba546bc Merged PR 766163: Regenerate lscache files in Renovate post-upgrade tasks
BenchmarkRoot: C:\perf\repos\vs-green
RepositoryName: vs-green
BuildPath: server\dirs.proj
TouchFileRelativePath: server\src\CSDevKit.ReliabilityMonitor\Program.cs
DotNetPath: C:\perf\coordinator-bootstrap-staging\f7b4c5716faa-EF3F5C82A926\core\dotnet.exe
MSBuildDllPath: C:\perf\coordinator-bootstrap-staging\f7b4c5716faa-EF3F5C82A926\core\sdk\11.0.100-preview.5.26302.115\MSBuild.dll
WorkRoot: C:\w\vf
OutputRoot: C:\perf\results\vs-green-node-count-clean-server-20260806-111702\vs-green\block-001\attempt-01\N16\setup
Logical processors: 16
NodeBudget: 16
Slice: 4
Reservation: 4
PriorityAgingThreshold: 3
NormalBuildCount: 1
HighBuildCount: 0
Scenarios: no-coordinator
[restore-normal1] C:\perf\coordinator-bootstrap-staging\f7b4c5716faa-EF3F5C82A926\core\dotnet.exe C:\perf\coordinator-bootstrap-staging\f7b4c5716faa-EF3F5C82A926\core\sdk\11.0.100-preview.5.26302.115\MSBuild.dll server\dirs.proj /t:Restore /v:q /nodeReuse:false /p:UseSharedCompilation=false /p:Configuration=Debug
MSBuild version 18.8.0-preview-26302-115+f7b4c5716 for .NET

Build succeeded.
    0 Warning(s)
    0 Error(s)

Time Elapsed 00:00:02.60
Summary CSV: C:\perf\results\vs-green-node-count-clean-server-20260806-111702\vs-green\block-001\attempt-01\N16\setup\scenario-summary.csv
Shutting down MSBuild server...
Shutting down VB/C# compiler server...
VB/C# compiler server shut down successfully.
MSBuild server shut down successfully.
BenchmarkRoot: C:\perf\repos\vs-green
RepositoryName: vs-green-b1-a1-N16
BuildPath: server\dirs.proj
TouchFileRelativePath: server\src\CSDevKit.ReliabilityMonitor\Program.cs
DotNetPath: C:\perf\coordinator-bootstrap-staging\f7b4c5716faa-EF3F5C82A926\core\dotnet.exe
MSBuildDllPath: C:\perf\coordinator-bootstrap-staging\f7b4c5716faa-EF3F5C82A926\core\sdk\11.0.100-preview.5.26302.115\MSBuild.dll
WorkRoot: C:\w\vf
OutputRoot: C:\perf\results\vs-green-node-count-clean-server-20260806-111702\vs-green\block-001\attempt-01\N16\benchmark
Logical processors: 16
NodeBudget: 16
Slice: 0
Reservation: 0
PriorityAgingThreshold: 3
NormalBuildCount: 1
HighBuildCount: 0
Scenarios: no-coordinator
Starting no-coordinator-r1 (coordinator=False, high priority=Normal, /m:16)
[shutdown-no-coordinator-r1] C:\perf\coordinator-bootstrap-staging\f7b4c5716faa-EF3F5C82A926\core\dotnet.exe build-server shutdown
Shutting down MSBuild server...
Shutting down VB/C# compiler server...
VB/C# compiler server shut down successfully.
MSBuild server shut down successfully.
[shutdown-after-no-coordinator-r1] C:\perf\coordinator-bootstrap-staging\f7b4c5716faa-EF3F5C82A926\core\dotnet.exe build-server shutdown
Shutting down MSBuild server...
Shutting down VB/C# compiler server...
VB/C# compiler server shut down successfully.
MSBuild server shut down successfully.

[32;1mscenario      [0m[32;1m round[0m[32;1m useCoordinator[0m[32;1m highPriority[0m[32;1m nodeBudget[0m[32;1m slice[0m[32;1m reservation[0m[32;1m priorityAgingThreshold[0m[32;1m normalBuildCount[0m[32;1m h[0m
[32;1m              [0m[32;1m      [0m[32;1m               [0m[32;1m             [0m[32;1m           [0m[32;1m      [0m[32;1m            [0m[32;1m                       [0m[32;1m                 [0m[32;1m i[0m
[32;1m              [0m[32;1m      [0m[32;1m               [0m[32;1m             [0m[32;1m           [0m[32;1m      [0m[32;1m            [0m[32;1m                       [0m[32;1m                 [0m[32;1m g[0m
[32;1m              [0m[32;1m      [0m[32;1m               [0m[32;1m             [0m[32;1m           [0m[32;1m      [0m[32;1m            [0m[32;1m                       [0m[32;1m                 [0m[32;1m h[0m
[32;1m              [0m[32;1m      [0m[32;1m               [0m[32;1m             [0m[32;1m           [0m[32;1m      [0m[32;1m            [0m[32;1m                       [0m[32;1m                 [0m[32;1m B[0m
[32;1m              [0m[32;1m      [0m[32;1m               [0m[32;1m             [0m[32;1m           [0m[32;1m      [0m[32;1m            [0m[32;1m                       [0m[32;1m                 [0m[32;1m u[0m
[32;1m              [0m[32;1m      [0m[32;1m               [0m[32;1m             [0m[32;1m           [0m[32;1m      [0m[32;1m            [0m[32;1m                       [0m[32;1m                 [0m[32;1m i[0m
[32;1m              [0m[32;1m      [0m[32;1m               [0m[32;1m             [0m[32;1m           [0m[32;1m      [0m[32;1m            [0m[32;1m                       [0m[32;1m                 [0m[32;1m l[0m
[32;1m              [0m[32;1m      [0m[32;1m               [0m[32;1m             [0m[32;1m           [0m[32;1m      [0m[32;1m            [0m[32;1m                       [0m[32;1m                 [0m[32;1m d[0m
[32;1m              [0m[32;1m      [0m[32;1m               [0m[32;1m             [0m[32;1m           [0m[32;1m      [0m[32;1m            [0m[32;1m                       [0m[32;1m                 [0m[32;1m C[0m
[32;1m              [0m[32;1m      [0m[32;1m               [0m[32;1m             [0m[32;1m           [0m[32;1m      [0m[32;1m            [0m[32;1m                       [0m[32;1m                 [0m[32;1m o[0m
[32;1m              [0m[32;1m      [0m[32;1m               [0m[32;1m             [0m[32;1m           [0m[32;1m      [0m[32;1m            [0m[32;1m                       [0m[32;1m                 [0m[32;1m u[0m
[32;1m              [0m[32;1m      [0m[32;1m               [0m[32;1m             [0m[32;1m           [0m[32;1m      [0m[32;1m            [0m[32;1m                       [0m[32;1m                 [0m[32;1m n[0m
[32;1m              [0m[32;1m      [0m[32;1m               [0m[32;1m             [0m[32;1m           [0m[32;1m      [0m[32;1m            [0m[32;1m                       [0m[32;1m                 [0m[32;1m t[0m
[32;1m--------      [0m [32;1m-----[0m [32;1m--------------[0m [32;1m------------[0m [32;1m----------[0m [32;1m-----[0m [32;1m-----------[0m [32;1m----------------------[0m [32;1m----------------[0m [32;1m-[0m
no-coordinator     1          False Normal               16     0           0                      3                1 0

Summary CSV: C:\perf\results\vs-green-node-count-clean-server-20260806-111702\vs-green\block-001\attempt-01\N16\benchmark\scenario-summary.csv
HEAD is now at 7eaba546bc Merged PR 766163: Regenerate lscache files in Renovate post-upgrade tasks
BenchmarkRoot: C:\perf\repos\vs-green
RepositoryName: vs-green
BuildPath: server\dirs.proj
TouchFileRelativePath: server\src\CSDevKit.ReliabilityMonitor\Program.cs
DotNetPath: C:\perf\coordinator-bootstrap-staging\f7b4c5716faa-EF3F5C82A926\core\dotnet.exe
MSBuildDllPath: C:\perf\coordinator-bootstrap-staging\f7b4c5716faa-EF3F5C82A926\core\sdk\11.0.100-preview.5.26302.115\MSBuild.dll
WorkRoot: C:\w\vf
OutputRoot: C:\perf\results\vs-green-node-count-clean-server-20260806-111702\vs-green\block-002\attempt-01\N4\setup
Logical processors: 16
NodeBudget: 4
Slice: 4
Reservation: 4
PriorityAgingThreshold: 3
NormalBuildCount: 1
HighBuildCount: 0
Scenarios: no-coordinator
[restore-normal1] C:\perf\coordinator-bootstrap-staging\f7b4c5716faa-EF3F5C82A926\core\dotnet.exe C:\perf\coordinator-bootstrap-staging\f7b4c5716faa-EF3F5C82A926\core\sdk\11.0.100-preview.5.26302.115\MSBuild.dll server\dirs.proj /t:Restore /v:q /nodeReuse:false /p:UseSharedCompilation=false /p:Configuration=Debug
MSBuild version 18.8.0-preview-26302-115+f7b4c5716 for .NET

Build succeeded.
    0 Warning(s)
    0 Error(s)

Time Elapsed 00:00:02.67
Summary CSV: C:\perf\results\vs-green-node-count-clean-server-20260806-111702\vs-green\block-002\attempt-01\N4\setup\scenario-summary.csv
Shutting down MSBuild server...
Shutting down VB/C# compiler server...
VB/C# compiler server shut down successfully.
MSBuild server shut down successfully.
BenchmarkRoot: C:\perf\repos\vs-green
RepositoryName: vs-green-b2-a1-N4
BuildPath: server\dirs.proj
TouchFileRelativePath: server\src\CSDevKit.ReliabilityMonitor\Program.cs
DotNetPath: C:\perf\coordinator-bootstrap-staging\f7b4c5716faa-EF3F5C82A926\core\dotnet.exe
MSBuildDllPath: C:\perf\coordinator-bootstrap-staging\f7b4c5716faa-EF3F5C82A926\core\sdk\11.0.100-preview.5.26302.115\MSBuild.dll
WorkRoot: C:\w\vf
OutputRoot: C:\perf\results\vs-green-node-count-clean-server-20260806-111702\vs-green\block-002\attempt-01\N4\benchmark
Logical processors: 16
NodeBudget: 4
Slice: 0
Reservation: 0
PriorityAgingThreshold: 3
NormalBuildCount: 1
HighBuildCount: 0
Scenarios: no-coordinator
Starting no-coordinator-r1 (coordinator=False, high priority=Normal, /m:4)
[shutdown-no-coordinator-r1] C:\perf\coordinator-bootstrap-staging\f7b4c5716faa-EF3F5C82A926\core\dotnet.exe build-server shutdown
Shutting down MSBuild server...
Shutting down VB/C# compiler server...
MSBuild server shut down successfully.
VB/C# compiler server shut down successfully.
[shutdown-after-no-coordinator-r1] C:\perf\coordinator-bootstrap-staging\f7b4c5716faa-EF3F5C82A926\core\dotnet.exe build-server shutdown
Shutting down MSBuild server...
Shutting down VB/C# compiler server...
VB/C# compiler server shut down successfully.
MSBuild server shut down successfully.

[32;1mscenario      [0m[32;1m round[0m[32;1m useCoordinator[0m[32;1m highPriority[0m[32;1m nodeBudget[0m[32;1m slice[0m[32;1m reservation[0m[32;1m priorityAgingThreshold[0m[32;1m normalBuildCount[0m[32;1m h[0m
[32;1m              [0m[32;1m      [0m[32;1m               [0m[32;1m             [0m[32;1m           [0m[32;1m      [0m[32;1m            [0m[32;1m                       [0m[32;1m                 [0m[32;1m i[0m
[32;1m              [0m[32;1m      [0m[32;1m               [0m[32;1m             [0m[32;1m           [0m[32;1m      [0m[32;1m            [0m[32;1m                       [0m[32;1m                 [0m[32;1m g[0m
[32;1m              [0m[32;1m      [0m[32;1m               [0m[32;1m             [0m[32;1m           [0m[32;1m      [0m[32;1m            [0m[32;1m                       [0m[32;1m                 [0m[32;1m h[0m
[32;1m              [0m[32;1m      [0m[32;1m               [0m[32;1m             [0m[32;1m           [0m[32;1m      [0m[32;1m            [0m[32;1m                       [0m[32;1m                 [0m[32;1m B[0m
[32;1m              [0m[32;1m      [0m[32;1m               [0m[32;1m             [0m[32;1m           [0m[32;1m      [0m[32;1m            [0m[32;1m                       [0m[32;1m                 [0m[32;1m u[0m
[32;1m              [0m[32;1m      [0m[32;1m               [0m[32;1m             [0m[32;1m           [0m[32;1m      [0m[32;1m            [0m[32;1m                       [0m[32;1m                 [0m[32;1m i[0m
[32;1m              [0m[32;1m      [0m[32;1m               [0m[32;1m             [0m[32;1m           [0m[32;1m      [0m[32;1m            [0m[32;1m                       [0m[32;1m                 [0m[32;1m l[0m
[32;1m              [0m[32;1m      [0m[32;1m               [0m[32;1m             [0m[32;1m           [0m[32;1m      [0m[32;1m            [0m[32;1m                       [0m[32;1m                 [0m[32;1m d[0m
[32;1m              [0m[32;1m      [0m[32;1m               [0m[32;1m             [0m[32;1m           [0m[32;1m      [0m[32;1m            [0m[32;1m                       [0m[32;1m                 [0m[32;1m C[0m
[32;1m              [0m[32;1m      [0m[32;1m               [0m[32;1m             [0m[32;1m           [0m[32;1m      [0m[32;1m            [0m[32;1m                       [0m[32;1m                 [0m[32;1m o[0m
[32;1m              [0m[32;1m      [0m[32;1m               [0m[32;1m             [0m[32;1m           [0m[32;1m      [0m[32;1m            [0m[32;1m                       [0m[32;1m                 [0m[32;1m u[0m
[32;1m              [0m[32;1m      [0m[32;1m               [0m[32;1m             [0m[32;1m           [0m[32;1m      [0m[32;1m            [0m[32;1m                       [0m[32;1m                 [0m[32;1m n[0m
[32;1m              [0m[32;1m      [0m[32;1m               [0m[32;1m             [0m[32;1m           [0m[32;1m      [0m[32;1m            [0m[32;1m                       [0m[32;1m                 [0m[32;1m t[0m
[32;1m--------      [0m [32;1m-----[0m [32;1m--------------[0m [32;1m------------[0m [32;1m----------[0m [32;1m-----[0m [32;1m-----------[0m [32;1m----------------------[0m [32;1m----------------[0m [32;1m-[0m
no-coordinator     1          False Normal                4     0           0                      3                1 0

Summary CSV: C:\perf\results\vs-green-node-count-clean-server-20260806-111702\vs-green\block-002\attempt-01\N4\benchmark\scenario-summary.csv
HEAD is now at 7eaba546bc Merged PR 766163: Regenerate lscache files in Renovate post-upgrade tasks
BenchmarkRoot: C:\perf\repos\vs-green
RepositoryName: vs-green
BuildPath: server\dirs.proj
TouchFileRelativePath: server\src\CSDevKit.ReliabilityMonitor\Program.cs
DotNetPath: C:\perf\coordinator-bootstrap-staging\f7b4c5716faa-EF3F5C82A926\core\dotnet.exe
MSBuildDllPath: C:\perf\coordinator-bootstrap-staging\f7b4c5716faa-EF3F5C82A926\core\sdk\11.0.100-preview.5.26302.115\MSBuild.dll
WorkRoot: C:\w\vf
OutputRoot: C:\perf\results\vs-green-node-count-clean-server-20260806-111702\vs-green\block-002\attempt-01\N8\setup
Logical processors: 16
NodeBudget: 8
Slice: 4
Reservation: 4
PriorityAgingThreshold: 3
NormalBuildCount: 1
HighBuildCount: 0
Scenarios: no-coordinator
[restore-normal1] C:\perf\coordinator-bootstrap-staging\f7b4c5716faa-EF3F5C82A926\core\dotnet.exe C:\perf\coordinator-bootstrap-staging\f7b4c5716faa-EF3F5C82A926\core\sdk\11.0.100-preview.5.26302.115\MSBuild.dll server\dirs.proj /t:Restore /v:q /nodeReuse:false /p:UseSharedCompilation=false /p:Configuration=Debug
MSBuild version 18.8.0-preview-26302-115+f7b4c5716 for .NET

Build succeeded.
    0 Warning(s)
    0 Error(s)

Time Elapsed 00:00:02.59
Summary CSV: C:\perf\results\vs-green-node-count-clean-server-20260806-111702\vs-green\block-002\attempt-01\N8\setup\scenario-summary.csv
Shutting down MSBuild server...
Shutting down VB/C# compiler server...
VB/C# compiler server shut down successfully.
MSBuild server shut down successfully.
BenchmarkRoot: C:\perf\repos\vs-green
RepositoryName: vs-green-b2-a1-N8
BuildPath: server\dirs.proj
TouchFileRelativePath: server\src\CSDevKit.ReliabilityMonitor\Program.cs
DotNetPath: C:\perf\coordinator-bootstrap-staging\f7b4c5716faa-EF3F5C82A926\core\dotnet.exe
MSBuildDllPath: C:\perf\coordinator-bootstrap-staging\f7b4c5716faa-EF3F5C82A926\core\sdk\11.0.100-preview.5.26302.115\MSBuild.dll
WorkRoot: C:\w\vf
OutputRoot: C:\perf\results\vs-green-node-count-clean-server-20260806-111702\vs-green\block-002\attempt-01\N8\benchmark
Logical processors: 16
NodeBudget: 8
Slice: 0
Reservation: 0
PriorityAgingThreshold: 3
NormalBuildCount: 1
HighBuildCount: 0
Scenarios: no-coordinator
Starting no-coordinator-r1 (coordinator=False, high priority=Normal, /m:8)
[shutdown-no-coordinator-r1] C:\perf\coordinator-bootstrap-staging\f7b4c5716faa-EF3F5C82A926\core\dotnet.exe build-server shutdown
Shutting down MSBuild server...
Shutting down VB/C# compiler server...
VB/C# compiler server shut down successfully.
MSBuild server shut down successfully.
[shutdown-after-no-coordinator-r1] C:\perf\coordinator-bootstrap-staging\f7b4c5716faa-EF3F5C82A926\core\dotnet.exe build-server shutdown
Shutting down MSBuild server...
Shutting down VB/C# compiler server...
VB/C# compiler server shut down successfully.
MSBuild server shut down successfully.

[32;1mscenario      [0m[32;1m round[0m[32;1m useCoordinator[0m[32;1m highPriority[0m[32;1m nodeBudget[0m[32;1m slice[0m[32;1m reservation[0m[32;1m priorityAgingThreshold[0m[32;1m normalBuildCount[0m[32;1m h[0m
[32;1m              [0m[32;1m      [0m[32;1m               [0m[32;1m             [0m[32;1m           [0m[32;1m      [0m[32;1m            [0m[32;1m                       [0m[32;1m                 [0m[32;1m i[0m
[32;1m              [0m[32;1m      [0m[32;1m               [0m[32;1m             [0m[32;1m           [0m[32;1m      [0m[32;1m            [0m[32;1m                       [0m[32;1m                 [0m[32;1m g[0m
[32;1m              [0m[32;1m      [0m[32;1m               [0m[32;1m             [0m[32;1m           [0m[32;1m      [0m[32;1m            [0m[32;1m                       [0m[32;1m                 [0m[32;1m h[0m
[32;1m              [0m[32;1m      [0m[32;1m               [0m[32;1m             [0m[32;1m           [0m[32;1m      [0m[32;1m            [0m[32;1m                       [0m[32;1m                 [0m[32;1m B[0m
[32;1m              [0m[32;1m      [0m[32;1m               [0m[32;1m             [0m[32;1m           [0m[32;1m      [0m[32;1m            [0m[32;1m                       [0m[32;1m                 [0m[32;1m u[0m
[32;1m              [0m[32;1m      [0m[32;1m               [0m[32;1m             [0m[32;1m           [0m[32;1m      [0m[32;1m            [0m[32;1m                       [0m[32;1m                 [0m[32;1m i[0m
[32;1m              [0m[32;1m      [0m[32;1m               [0m[32;1m             [0m[32;1m           [0m[32;1m      [0m[32;1m            [0m[32;1m                       [0m[32;1m                 [0m[32;1m l[0m
[32;1m              [0m[32;1m      [0m[32;1m               [0m[32;1m             [0m[32;1m           [0m[32;1m      [0m[32;1m            [0m[32;1m                       [0m[32;1m                 [0m[32;1m d[0m
[32;1m              [0m[32;1m      [0m[32;1m               [0m[32;1m             [0m[32;1m           [0m[32;1m      [0m[32;1m            [0m[32;1m                       [0m[32;1m                 [0m[32;1m C[0m
[32;1m              [0m[32;1m      [0m[32;1m               [0m[32;1m             [0m[32;1m           [0m[32;1m      [0m[32;1m            [0m[32;1m                       [0m[32;1m                 [0m[32;1m o[0m
[32;1m              [0m[32;1m      [0m[32;1m               [0m[32;1m             [0m[32;1m           [0m[32;1m      [0m[32;1m            [0m[32;1m                       [0m[32;1m                 [0m[32;1m u[0m
[32;1m              [0m[32;1m      [0m[32;1m               [0m[32;1m             [0m[32;1m           [0m[32;1m      [0m[32;1m            [0m[32;1m                       [0m[32;1m                 [0m[32;1m n[0m
[32;1m              [0m[32;1m      [0m[32;1m               [0m[32;1m             [0m[32;1m           [0m[32;1m      [0m[32;1m            [0m[32;1m                       [0m[32;1m                 [0m[32;1m t[0m
[32;1m--------      [0m [32;1m-----[0m [32;1m--------------[0m [32;1m------------[0m [32;1m----------[0m [32;1m-----[0m [32;1m-----------[0m [32;1m----------------------[0m [32;1m----------------[0m [32;1m-[0m
no-coordinator     1          False Normal                8     0           0                      3                1 0

Summary CSV: C:\perf\results\vs-green-node-count-clean-server-20260806-111702\vs-green\block-002\attempt-01\N8\benchmark\scenario-summary.csv
HEAD is now at 7eaba546bc Merged PR 766163: Regenerate lscache files in Renovate post-upgrade tasks
BenchmarkRoot: C:\perf\repos\vs-green
RepositoryName: vs-green
BuildPath: server\dirs.proj
TouchFileRelativePath: server\src\CSDevKit.ReliabilityMonitor\Program.cs
DotNetPath: C:\perf\coordinator-bootstrap-staging\f7b4c5716faa-EF3F5C82A926\core\dotnet.exe
MSBuildDllPath: C:\perf\coordinator-bootstrap-staging\f7b4c5716faa-EF3F5C82A926\core\sdk\11.0.100-preview.5.26302.115\MSBuild.dll
WorkRoot: C:\w\vf
OutputRoot: C:\perf\results\vs-green-node-count-clean-server-20260806-111702\vs-green\block-002\attempt-01\N16\setup
Logical processors: 16
NodeBudget: 16
Slice: 4
Reservation: 4
PriorityAgingThreshold: 3
NormalBuildCount: 1
HighBuildCount: 0
Scenarios: no-coordinator
[restore-normal1] C:\perf\coordinator-bootstrap-staging\f7b4c5716faa-EF3F5C82A926\core\dotnet.exe C:\perf\coordinator-bootstrap-staging\f7b4c5716faa-EF3F5C82A926\core\sdk\11.0.100-preview.5.26302.115\MSBuild.dll server\dirs.proj /t:Restore /v:q /nodeReuse:false /p:UseSharedCompilation=false /p:Configuration=Debug
MSBuild version 18.8.0-preview-26302-115+f7b4c5716 for .NET

Build succeeded.
    0 Warning(s)
    0 Error(s)

Time Elapsed 00:00:03.90
Summary CSV: C:\perf\results\vs-green-node-count-clean-server-20260806-111702\vs-green\block-002\attempt-01\N16\setup\scenario-summary.csv
Shutting down MSBuild server...
Shutting down VB/C# compiler server...
VB/C# compiler server shut down successfully.
MSBuild server shut down successfully.
BenchmarkRoot: C:\perf\repos\vs-green
RepositoryName: vs-green-b2-a1-N16
BuildPath: server\dirs.proj
TouchFileRelativePath: server\src\CSDevKit.ReliabilityMonitor\Program.cs
DotNetPath: C:\perf\coordinator-bootstrap-staging\f7b4c5716faa-EF3F5C82A926\core\dotnet.exe
MSBuildDllPath: C:\perf\coordinator-bootstrap-staging\f7b4c5716faa-EF3F5C82A926\core\sdk\11.0.100-preview.5.26302.115\MSBuild.dll
WorkRoot: C:\w\vf
OutputRoot: C:\perf\results\vs-green-node-count-clean-server-20260806-111702\vs-green\block-002\attempt-01\N16\benchmark
Logical processors: 16
NodeBudget: 16
Slice: 0
Reservation: 0
PriorityAgingThreshold: 3
NormalBuildCount: 1
HighBuildCount: 0
Scenarios: no-coordinator
Starting no-coordinator-r1 (coordinator=False, high priority=Normal, /m:16)
[shutdown-no-coordinator-r1] C:\perf\coordinator-bootstrap-staging\f7b4c5716faa-EF3F5C82A926\core\dotnet.exe build-server shutdown
Shutting down MSBuild server...
Shutting down VB/C# compiler server...
VB/C# compiler server shut down successfully.
MSBuild server shut down successfully.
[shutdown-after-no-coordinator-r1] C:\perf\coordinator-bootstrap-staging\f7b4c5716faa-EF3F5C82A926\core\dotnet.exe build-server shutdown
Shutting down MSBuild server...
Shutting down VB/C# compiler server...
VB/C# compiler server shut down successfully.
MSBuild server shut down successfully.

[32;1mscenario      [0m[32;1m round[0m[32;1m useCoordinator[0m[32;1m highPriority[0m[32;1m nodeBudget[0m[32;1m slice[0m[32;1m reservation[0m[32;1m priorityAgingThreshold[0m[32;1m normalBuildCount[0m[32;1m h[0m
[32;1m              [0m[32;1m      [0m[32;1m               [0m[32;1m             [0m[32;1m           [0m[32;1m      [0m[32;1m            [0m[32;1m                       [0m[32;1m                 [0m[32;1m i[0m
[32;1m              [0m[32;1m      [0m[32;1m               [0m[32;1m             [0m[32;1m           [0m[32;1m      [0m[32;1m            [0m[32;1m                       [0m[32;1m                 [0m[32;1m g[0m
[32;1m              [0m[32;1m      [0m[32;1m               [0m[32;1m             [0m[32;1m           [0m[32;1m      [0m[32;1m            [0m[32;1m                       [0m[32;1m                 [0m[32;1m h[0m
[32;1m              [0m[32;1m      [0m[32;1m               [0m[32;1m             [0m[32;1m           [0m[32;1m      [0m[32;1m            [0m[32;1m                       [0m[32;1m                 [0m[32;1m B[0m
[32;1m              [0m[32;1m      [0m[32;1m               [0m[32;1m             [0m[32;1m           [0m[32;1m      [0m[32;1m            [0m[32;1m                       [0m[32;1m                 [0m[32;1m u[0m
[32;1m              [0m[32;1m      [0m[32;1m               [0m[32;1m             [0m[32;1m           [0m[32;1m      [0m[32;1m            [0m[32;1m                       [0m[32;1m                 [0m[32;1m i[0m
[32;1m              [0m[32;1m      [0m[32;1m               [0m[32;1m             [0m[32;1m           [0m[32;1m      [0m[32;1m            [0m[32;1m                       [0m[32;1m                 [0m[32;1m l[0m
[32;1m              [0m[32;1m      [0m[32;1m               [0m[32;1m             [0m[32;1m           [0m[32;1m      [0m[32;1m            [0m[32;1m                       [0m[32;1m                 [0m[32;1m d[0m
[32;1m              [0m[32;1m      [0m[32;1m               [0m[32;1m             [0m[32;1m           [0m[32;1m      [0m[32;1m            [0m[32;1m                       [0m[32;1m                 [0m[32;1m C[0m
[32;1m              [0m[32;1m      [0m[32;1m               [0m[32;1m             [0m[32;1m           [0m[32;1m      [0m[32;1m            [0m[32;1m                       [0m[32;1m                 [0m[32;1m o[0m
[32;1m              [0m[32;1m      [0m[32;1m               [0m[32;1m             [0m[32;1m           [0m[32;1m      [0m[32;1m            [0m[32;1m                       [0m[32;1m                 [0m[32;1m u[0m
[32;1m              [0m[32;1m      [0m[32;1m               [0m[32;1m             [0m[32;1m           [0m[32;1m      [0m[32;1m            [0m[32;1m                       [0m[32;1m                 [0m[32;1m n[0m
[32;1m              [0m[32;1m      [0m[32;1m               [0m[32;1m             [0m[32;1m           [0m[32;1m      [0m[32;1m            [0m[32;1m                       [0m[32;1m                 [0m[32;1m t[0m
[32;1m--------      [0m [32;1m-----[0m [32;1m--------------[0m [32;1m------------[0m [32;1m----------[0m [32;1m-----[0m [32;1m-----------[0m [32;1m----------------------[0m [32;1m----------------[0m [32;1m-[0m
no-coordinator     1          False Normal               16     0           0                      3                1 0

Summary CSV: C:\perf\results\vs-green-node-count-clean-server-20260806-111702\vs-green\block-002\attempt-01\N16\benchmark\scenario-summary.csv
HEAD is now at 7eaba546bc Merged PR 766163: Regenerate lscache files in Renovate post-upgrade tasks
BenchmarkRoot: C:\perf\repos\vs-green
RepositoryName: vs-green
BuildPath: server\dirs.proj
TouchFileRelativePath: server\src\CSDevKit.ReliabilityMonitor\Program.cs
DotNetPath: C:\perf\coordinator-bootstrap-staging\f7b4c5716faa-EF3F5C82A926\core\dotnet.exe
MSBuildDllPath: C:\perf\coordinator-bootstrap-staging\f7b4c5716faa-EF3F5C82A926\core\sdk\11.0.100-preview.5.26302.115\MSBuild.dll
WorkRoot: C:\w\vf
OutputRoot: C:\perf\results\vs-green-node-count-clean-server-20260806-111702\vs-green\block-003\attempt-01\N8\setup
Logical processors: 16
NodeBudget: 8
Slice: 4
Reservation: 4
PriorityAgingThreshold: 3
NormalBuildCount: 1
HighBuildCount: 0
Scenarios: no-coordinator
[restore-normal1] C:\perf\coordinator-bootstrap-staging\f7b4c5716faa-EF3F5C82A926\core\dotnet.exe C:\perf\coordinator-bootstrap-staging\f7b4c5716faa-EF3F5C82A926\core\sdk\11.0.100-preview.5.26302.115\MSBuild.dll server\dirs.proj /t:Restore /v:q /nodeReuse:false /p:UseSharedCompilation=false /p:Configuration=Debug
MSBuild version 18.8.0-preview-26302-115+f7b4c5716 for .NET

Build succeeded.
    0 Warning(s)
    0 Error(s)

Time Elapsed 00:00:02.64
Summary CSV: C:\perf\results\vs-green-node-count-clean-server-20260806-111702\vs-green\block-003\attempt-01\N8\setup\scenario-summary.csv
Shutting down MSBuild server...
Shutting down VB/C# compiler server...
VB/C# compiler server shut down successfully.
MSBuild server shut down successfully.
BenchmarkRoot: C:\perf\repos\vs-green
RepositoryName: vs-green-b3-a1-N8
BuildPath: server\dirs.proj
TouchFileRelativePath: server\src\CSDevKit.ReliabilityMonitor\Program.cs
DotNetPath: C:\perf\coordinator-bootstrap-staging\f7b4c5716faa-EF3F5C82A926\core\dotnet.exe
MSBuildDllPath: C:\perf\coordinator-bootstrap-staging\f7b4c5716faa-EF3F5C82A926\core\sdk\11.0.100-preview.5.26302.115\MSBuild.dll
WorkRoot: C:\w\vf
OutputRoot: C:\perf\results\vs-green-node-count-clean-server-20260806-111702\vs-green\block-003\attempt-01\N8\benchmark
Logical processors: 16
NodeBudget: 8
Slice: 0
Reservation: 0
PriorityAgingThreshold: 3
NormalBuildCount: 1
HighBuildCount: 0
Scenarios: no-coordinator
Starting no-coordinator-r1 (coordinator=False, high priority=Normal, /m:8)
[shutdown-no-coordinator-r1] C:\perf\coordinator-bootstrap-staging\f7b4c5716faa-EF3F5C82A926\core\dotnet.exe build-server shutdown
Shutting down MSBuild server...
Shutting down VB/C# compiler server...
VB/C# compiler server shut down successfully.
MSBuild server shut down successfully.
[shutdown-after-no-coordinator-r1] C:\perf\coordinator-bootstrap-staging\f7b4c5716faa-EF3F5C82A926\core\dotnet.exe build-server shutdown
Shutting down MSBuild server...
Shutting down VB/C# compiler server...
VB/C# compiler server shut down successfully.
MSBuild server shut down successfully.

[32;1mscenario      [0m[32;1m round[0m[32;1m useCoordinator[0m[32;1m highPriority[0m[32;1m nodeBudget[0m[32;1m slice[0m[32;1m reservation[0m[32;1m priorityAgingThreshold[0m[32;1m normalBuildCount[0m[32;1m h[0m
[32;1m              [0m[32;1m      [0m[32;1m               [0m[32;1m             [0m[32;1m           [0m[32;1m      [0m[32;1m            [0m[32;1m                       [0m[32;1m                 [0m[32;1m i[0m
[32;1m              [0m[32;1m      [0m[32;1m               [0m[32;1m             [0m[32;1m           [0m[32;1m      [0m[32;1m            [0m[32;1m                       [0m[32;1m                 [0m[32;1m g[0m
[32;1m              [0m[32;1m      [0m[32;1m               [0m[32;1m             [0m[32;1m           [0m[32;1m      [0m[32;1m            [0m[32;1m                       [0m[32;1m                 [0m[32;1m h[0m
[32;1m              [0m[32;1m      [0m[32;1m               [0m[32;1m             [0m[32;1m           [0m[32;1m      [0m[32;1m            [0m[32;1m                       [0m[32;1m                 [0m[32;1m B[0m
[32;1m              [0m[32;1m      [0m[32;1m               [0m[32;1m             [0m[32;1m           [0m[32;1m      [0m[32;1m            [0m[32;1m                       [0m[32;1m                 [0m[32;1m u[0m
[32;1m              [0m[32;1m      [0m[32;1m               [0m[32;1m             [0m[32;1m           [0m[32;1m      [0m[32;1m            [0m[32;1m                       [0m[32;1m                 [0m[32;1m i[0m
[32;1m              [0m[32;1m      [0m[32;1m               [0m[32;1m             [0m[32;1m           [0m[32;1m      [0m[32;1m            [0m[32;1m                       [0m[32;1m                 [0m[32;1m l[0m
[32;1m              [0m[32;1m      [0m[32;1m               [0m[32;1m             [0m[32;1m           [0m[32;1m      [0m[32;1m            [0m[32;1m                       [0m[32;1m                 [0m[32;1m d[0m
[32;1m              [0m[32;1m      [0m[32;1m               [0m[32;1m             [0m[32;1m           [0m[32;1m      [0m[32;1m            [0m[32;1m                       [0m[32;1m                 [0m[32;1m C[0m
[32;1m              [0m[32;1m      [0m[32;1m               [0m[32;1m             [0m[32;1m           [0m[32;1m      [0m[32;1m            [0m[32;1m                       [0m[32;1m                 [0m[32;1m o[0m
[32;1m              [0m[32;1m      [0m[32;1m               [0m[32;1m             [0m[32;1m           [0m[32;1m      [0m[32;1m            [0m[32;1m                       [0m[32;1m                 [0m[32;1m u[0m
[32;1m              [0m[32;1m      [0m[32;1m               [0m[32;1m             [0m[32;1m           [0m[32;1m      [0m[32;1m            [0m[32;1m                       [0m[32;1m                 [0m[32;1m n[0m
[32;1m              [0m[32;1m      [0m[32;1m               [0m[32;1m             [0m[32;1m           [0m[32;1m      [0m[32;1m            [0m[32;1m                       [0m[32;1m                 [0m[32;1m t[0m
[32;1m--------      [0m [32;1m-----[0m [32;1m--------------[0m [32;1m------------[0m [32;1m----------[0m [32;1m-----[0m [32;1m-----------[0m [32;1m----------------------[0m [32;1m----------------[0m [32;1m-[0m
no-coordinator     1          False Normal                8     0           0                      3                1 0

Summary CSV: C:\perf\results\vs-green-node-count-clean-server-20260806-111702\vs-green\block-003\attempt-01\N8\benchmark\scenario-summary.csv
HEAD is now at 7eaba546bc Merged PR 766163: Regenerate lscache files in Renovate post-upgrade tasks
BenchmarkRoot: C:\perf\repos\vs-green
RepositoryName: vs-green
BuildPath: server\dirs.proj
TouchFileRelativePath: server\src\CSDevKit.ReliabilityMonitor\Program.cs
DotNetPath: C:\perf\coordinator-bootstrap-staging\f7b4c5716faa-EF3F5C82A926\core\dotnet.exe
MSBuildDllPath: C:\perf\coordinator-bootstrap-staging\f7b4c5716faa-EF3F5C82A926\core\sdk\11.0.100-preview.5.26302.115\MSBuild.dll
WorkRoot: C:\w\vf
OutputRoot: C:\perf\results\vs-green-node-count-clean-server-20260806-111702\vs-green\block-003\attempt-01\N16\setup
Logical processors: 16
NodeBudget: 16
Slice: 4
Reservation: 4
PriorityAgingThreshold: 3
NormalBuildCount: 1
HighBuildCount: 0
Scenarios: no-coordinator
[restore-normal1] C:\perf\coordinator-bootstrap-staging\f7b4c5716faa-EF3F5C82A926\core\dotnet.exe C:\perf\coordinator-bootstrap-staging\f7b4c5716faa-EF3F5C82A926\core\sdk\11.0.100-preview.5.26302.115\MSBuild.dll server\dirs.proj /t:Restore /v:q /nodeReuse:false /p:UseSharedCompilation=false /p:Configuration=Debug
MSBuild version 18.8.0-preview-26302-115+f7b4c5716 for .NET

Build succeeded.
    0 Warning(s)
    0 Error(s)

Time Elapsed 00:00:02.63
Summary CSV: C:\perf\results\vs-green-node-count-clean-server-20260806-111702\vs-green\block-003\attempt-01\N16\setup\scenario-summary.csv
Shutting down MSBuild server...
Shutting down VB/C# compiler server...
VB/C# compiler server shut down successfully.
MSBuild server shut down successfully.
BenchmarkRoot: C:\perf\repos\vs-green
RepositoryName: vs-green-b3-a1-N16
BuildPath: server\dirs.proj
TouchFileRelativePath: server\src\CSDevKit.ReliabilityMonitor\Program.cs
DotNetPath: C:\perf\coordinator-bootstrap-staging\f7b4c5716faa-EF3F5C82A926\core\dotnet.exe
MSBuildDllPath: C:\perf\coordinator-bootstrap-staging\f7b4c5716faa-EF3F5C82A926\core\sdk\11.0.100-preview.5.26302.115\MSBuild.dll
WorkRoot: C:\w\vf
OutputRoot: C:\perf\results\vs-green-node-count-clean-server-20260806-111702\vs-green\block-003\attempt-01\N16\benchmark
Logical processors: 16
NodeBudget: 16
Slice: 0
Reservation: 0
PriorityAgingThreshold: 3
NormalBuildCount: 1
HighBuildCount: 0
Scenarios: no-coordinator
Starting no-coordinator-r1 (coordinator=False, high priority=Normal, /m:16)
[shutdown-no-coordinator-r1] C:\perf\coordinator-bootstrap-staging\f7b4c5716faa-EF3F5C82A926\core\dotnet.exe build-server shutdown
Shutting down MSBuild server...
Shutting down VB/C# compiler server...
VB/C# compiler server shut down successfully.
MSBuild server shut down successfully.
[shutdown-after-no-coordinator-r1] C:\perf\coordinator-bootstrap-staging\f7b4c5716faa-EF3F5C82A926\core\dotnet.exe build-server shutdown
Shutting down MSBuild server...
Shutting down VB/C# compiler server...
VB/C# compiler server shut down successfully.
MSBuild server shut down successfully.

[32;1mscenario      [0m[32;1m round[0m[32;1m useCoordinator[0m[32;1m highPriority[0m[32;1m nodeBudget[0m[32;1m slice[0m[32;1m reservation[0m[32;1m priorityAgingThreshold[0m[32;1m normalBuildCount[0m[32;1m h[0m
[32;1m              [0m[32;1m      [0m[32;1m               [0m[32;1m             [0m[32;1m           [0m[32;1m      [0m[32;1m            [0m[32;1m                       [0m[32;1m                 [0m[32;1m i[0m
[32;1m              [0m[32;1m      [0m[32;1m               [0m[32;1m             [0m[32;1m           [0m[32;1m      [0m[32;1m            [0m[32;1m                       [0m[32;1m                 [0m[32;1m g[0m
[32;1m              [0m[32;1m      [0m[32;1m               [0m[32;1m             [0m[32;1m           [0m[32;1m      [0m[32;1m            [0m[32;1m                       [0m[32;1m                 [0m[32;1m h[0m
[32;1m              [0m[32;1m      [0m[32;1m               [0m[32;1m             [0m[32;1m           [0m[32;1m      [0m[32;1m            [0m[32;1m                       [0m[32;1m                 [0m[32;1m B[0m
[32;1m              [0m[32;1m      [0m[32;1m               [0m[32;1m             [0m[32;1m           [0m[32;1m      [0m[32;1m            [0m[32;1m                       [0m[32;1m                 [0m[32;1m u[0m
[32;1m              [0m[32;1m      [0m[32;1m               [0m[32;1m             [0m[32;1m           [0m[32;1m      [0m[32;1m            [0m[32;1m                       [0m[32;1m                 [0m[32;1m i[0m
[32;1m              [0m[32;1m      [0m[32;1m               [0m[32;1m             [0m[32;1m           [0m[32;1m      [0m[32;1m            [0m[32;1m                       [0m[32;1m                 [0m[32;1m l[0m
[32;1m              [0m[32;1m      [0m[32;1m               [0m[32;1m             [0m[32;1m           [0m[32;1m      [0m[32;1m            [0m[32;1m                       [0m[32;1m                 [0m[32;1m d[0m
[32;1m              [0m[32;1m      [0m[32;1m               [0m[32;1m             [0m[32;1m           [0m[32;1m      [0m[32;1m            [0m[32;1m                       [0m[32;1m                 [0m[32;1m C[0m
[32;1m              [0m[32;1m      [0m[32;1m               [0m[32;1m             [0m[32;1m           [0m[32;1m      [0m[32;1m            [0m[32;1m                       [0m[32;1m                 [0m[32;1m o[0m
[32;1m              [0m[32;1m      [0m[32;1m               [0m[32;1m             [0m[32;1m           [0m[32;1m      [0m[32;1m            [0m[32;1m                       [0m[32;1m                 [0m[32;1m u[0m
[32;1m              [0m[32;1m      [0m[32;1m               [0m[32;1m             [0m[32;1m           [0m[32;1m      [0m[32;1m            [0m[32;1m                       [0m[32;1m                 [0m[32;1m n[0m
[32;1m              [0m[32;1m      [0m[32;1m               [0m[32;1m             [0m[32;1m           [0m[32;1m      [0m[32;1m            [0m[32;1m                       [0m[32;1m                 [0m[32;1m t[0m
[32;1m--------      [0m [32;1m-----[0m [32;1m--------------[0m [32;1m------------[0m [32;1m----------[0m [32;1m-----[0m [32;1m-----------[0m [32;1m----------------------[0m [32;1m----------------[0m [32;1m-[0m
no-coordinator     1          False Normal               16     0           0                      3                1 0

Summary CSV: C:\perf\results\vs-green-node-count-clean-server-20260806-111702\vs-green\block-003\attempt-01\N16\benchmark\scenario-summary.csv
HEAD is now at 7eaba546bc Merged PR 766163: Regenerate lscache files in Renovate post-upgrade tasks
BenchmarkRoot: C:\perf\repos\vs-green
RepositoryName: vs-green
BuildPath: server\dirs.proj
TouchFileRelativePath: server\src\CSDevKit.ReliabilityMonitor\Program.cs
DotNetPath: C:\perf\coordinator-bootstrap-staging\f7b4c5716faa-EF3F5C82A926\core\dotnet.exe
MSBuildDllPath: C:\perf\coordinator-bootstrap-staging\f7b4c5716faa-EF3F5C82A926\core\sdk\11.0.100-preview.5.26302.115\MSBuild.dll
WorkRoot: C:\w\vf
OutputRoot: C:\perf\results\vs-green-node-count-clean-server-20260806-111702\vs-green\block-003\attempt-01\N4\setup
Logical processors: 16
NodeBudget: 4
Slice: 4
Reservation: 4
PriorityAgingThreshold: 3
NormalBuildCount: 1
HighBuildCount: 0
Scenarios: no-coordinator
[restore-normal1] C:\perf\coordinator-bootstrap-staging\f7b4c5716faa-EF3F5C82A926\core\dotnet.exe C:\perf\coordinator-bootstrap-staging\f7b4c5716faa-EF3F5C82A926\core\sdk\11.0.100-preview.5.26302.115\MSBuild.dll server\dirs.proj /t:Restore /v:q /nodeReuse:false /p:UseSharedCompilation=false /p:Configuration=Debug
MSBuild version 18.8.0-preview-26302-115+f7b4c5716 for .NET

Build succeeded.
    0 Warning(s)
    0 Error(s)

Time Elapsed 00:00:02.68
Summary CSV: C:\perf\results\vs-green-node-count-clean-server-20260806-111702\vs-green\block-003\attempt-01\N4\setup\scenario-summary.csv
Shutting down MSBuild server...
Shutting down VB/C# compiler server...
VB/C# compiler server shut down successfully.
MSBuild server shut down successfully.
BenchmarkRoot: C:\perf\repos\vs-green
RepositoryName: vs-green-b3-a1-N4
BuildPath: server\dirs.proj
TouchFileRelativePath: server\src\CSDevKit.ReliabilityMonitor\Program.cs
DotNetPath: C:\perf\coordinator-bootstrap-staging\f7b4c5716faa-EF3F5C82A926\core\dotnet.exe
MSBuildDllPath: C:\perf\coordinator-bootstrap-staging\f7b4c5716faa-EF3F5C82A926\core\sdk\11.0.100-preview.5.26302.115\MSBuild.dll
WorkRoot: C:\w\vf
OutputRoot: C:\perf\results\vs-green-node-count-clean-server-20260806-111702\vs-green\block-003\attempt-01\N4\benchmark
Logical processors: 16
NodeBudget: 4
Slice: 0
Reservation: 0
PriorityAgingThreshold: 3
NormalBuildCount: 1
HighBuildCount: 0
Scenarios: no-coordinator
Starting no-coordinator-r1 (coordinator=False, high priority=Normal, /m:4)
[shutdown-no-coordinator-r1] C:\perf\coordinator-bootstrap-staging\f7b4c5716faa-EF3F5C82A926\core\dotnet.exe build-server shutdown
Shutting down MSBuild server...
Shutting down VB/C# compiler server...
VB/C# compiler server shut down successfully.
MSBuild server shut down successfully.
[shutdown-after-no-coordinator-r1] C:\perf\coordinator-bootstrap-staging\f7b4c5716faa-EF3F5C82A926\core\dotnet.exe build-server shutdown
Shutting down MSBuild server...
Shutting down VB/C# compiler server...
VB/C# compiler server shut down successfully.
MSBuild server shut down successfully.

[32;1mscenario      [0m[32;1m round[0m[32;1m useCoordinator[0m[32;1m highPriority[0m[32;1m nodeBudget[0m[32;1m slice[0m[32;1m reservation[0m[32;1m priorityAgingThreshold[0m[32;1m normalBuildCount[0m[32;1m h[0m
[32;1m              [0m[32;1m      [0m[32;1m               [0m[32;1m             [0m[32;1m           [0m[32;1m      [0m[32;1m            [0m[32;1m                       [0m[32;1m                 [0m[32;1m i[0m
[32;1m              [0m[32;1m      [0m[32;1m               [0m[32;1m             [0m[32;1m           [0m[32;1m      [0m[32;1m            [0m[32;1m                       [0m[32;1m                 [0m[32;1m g[0m
[32;1m              [0m[32;1m      [0m[32;1m               [0m[32;1m             [0m[32;1m           [0m[32;1m      [0m[32;1m            [0m[32;1m                       [0m[32;1m                 [0m[32;1m h[0m
[32;1m              [0m[32;1m      [0m[32;1m               [0m[32;1m             [0m[32;1m           [0m[32;1m      [0m[32;1m            [0m[32;1m                       [0m[32;1m                 [0m[32;1m B[0m
[32;1m              [0m[32;1m      [0m[32;1m               [0m[32;1m             [0m[32;1m           [0m[32;1m      [0m[32;1m            [0m[32;1m                       [0m[32;1m                 [0m[32;1m u[0m
[32;1m              [0m[32;1m      [0m[32;1m               [0m[32;1m             [0m[32;1m           [0m[32;1m      [0m[32;1m            [0m[32;1m                       [0m[32;1m                 [0m[32;1m i[0m
[32;1m              [0m[32;1m      [0m[32;1m               [0m[32;1m             [0m[32;1m           [0m[32;1m      [0m[32;1m            [0m[32;1m                       [0m[32;1m                 [0m[32;1m l[0m
[32;1m              [0m[32;1m      [0m[32;1m               [0m[32;1m             [0m[32;1m           [0m[32;1m      [0m[32;1m            [0m[32;1m                       [0m[32;1m                 [0m[32;1m d[0m
[32;1m              [0m[32;1m      [0m[32;1m               [0m[32;1m             [0m[32;1m           [0m[32;1m      [0m[32;1m            [0m[32;1m                       [0m[32;1m                 [0m[32;1m C[0m
[32;1m              [0m[32;1m      [0m[32;1m               [0m[32;1m             [0m[32;1m           [0m[32;1m      [0m[32;1m            [0m[32;1m                       [0m[32;1m                 [0m[32;1m o[0m
[32;1m              [0m[32;1m      [0m[32;1m               [0m[32;1m             [0m[32;1m           [0m[32;1m      [0m[32;1m            [0m[32;1m                       [0m[32;1m                 [0m[32;1m u[0m
[32;1m              [0m[32;1m      [0m[32;1m               [0m[32;1m             [0m[32;1m           [0m[32;1m      [0m[32;1m            [0m[32;1m                       [0m[32;1m                 [0m[32;1m n[0m
[32;1m              [0m[32;1m      [0m[32;1m               [0m[32;1m             [0m[32;1m           [0m[32;1m      [0m[32;1m            [0m[32;1m                       [0m[32;1m                 [0m[32;1m t[0m
[32;1m--------      [0m [32;1m-----[0m [32;1m--------------[0m [32;1m------------[0m [32;1m----------[0m [32;1m-----[0m [32;1m-----------[0m [32;1m----------------------[0m [32;1m----------------[0m [32;1m-[0m
no-coordinator     1          False Normal                4     0           0                      3                1 0

Summary CSV: C:\perf\results\vs-green-node-count-clean-server-20260806-111702\vs-green\block-003\attempt-01\N4\benchmark\scenario-summary.csv
HEAD is now at 7eaba546bc Merged PR 766163: Regenerate lscache files in Renovate post-upgrade tasks
BenchmarkRoot: C:\perf\repos\vs-green
RepositoryName: vs-green
BuildPath: server\dirs.proj
TouchFileRelativePath: server\src\CSDevKit.ReliabilityMonitor\Program.cs
DotNetPath: C:\perf\coordinator-bootstrap-staging\f7b4c5716faa-EF3F5C82A926\core\dotnet.exe
MSBuildDllPath: C:\perf\coordinator-bootstrap-staging\f7b4c5716faa-EF3F5C82A926\core\sdk\11.0.100-preview.5.26302.115\MSBuild.dll
WorkRoot: C:\w\vf
OutputRoot: C:\perf\results\vs-green-node-count-clean-server-20260806-111702\vs-green\block-004\attempt-01\N16\setup
Logical processors: 16
NodeBudget: 16
Slice: 4
Reservation: 4
PriorityAgingThreshold: 3
NormalBuildCount: 1
HighBuildCount: 0
Scenarios: no-coordinator
[restore-normal1] C:\perf\coordinator-bootstrap-staging\f7b4c5716faa-EF3F5C82A926\core\dotnet.exe C:\perf\coordinator-bootstrap-staging\f7b4c5716faa-EF3F5C82A926\core\sdk\11.0.100-preview.5.26302.115\MSBuild.dll server\dirs.proj /t:Restore /v:q /nodeReuse:false /p:UseSharedCompilation=false /p:Configuration=Debug
MSBuild version 18.8.0-preview-26302-115+f7b4c5716 for .NET

Build succeeded.
    0 Warning(s)
    0 Error(s)

Time Elapsed 00:00:04.87
Summary CSV: C:\perf\results\vs-green-node-count-clean-server-20260806-111702\vs-green\block-004\attempt-01\N16\setup\scenario-summary.csv
Shutting down MSBuild server...
Shutting down VB/C# compiler server...
VB/C# compiler server shut down successfully.
MSBuild server shut down successfully.
BenchmarkRoot: C:\perf\repos\vs-green
RepositoryName: vs-green-b4-a1-N16
BuildPath: server\dirs.proj
TouchFileRelativePath: server\src\CSDevKit.ReliabilityMonitor\Program.cs
DotNetPath: C:\perf\coordinator-bootstrap-staging\f7b4c5716faa-EF3F5C82A926\core\dotnet.exe
MSBuildDllPath: C:\perf\coordinator-bootstrap-staging\f7b4c5716faa-EF3F5C82A926\core\sdk\11.0.100-preview.5.26302.115\MSBuild.dll
WorkRoot: C:\w\vf
OutputRoot: C:\perf\results\vs-green-node-count-clean-server-20260806-111702\vs-green\block-004\attempt-01\N16\benchmark
Logical processors: 16
NodeBudget: 16
Slice: 0
Reservation: 0
PriorityAgingThreshold: 3
NormalBuildCount: 1
HighBuildCount: 0
Scenarios: no-coordinator
Starting no-coordinator-r1 (coordinator=False, high priority=Normal, /m:16)
[shutdown-no-coordinator-r1] C:\perf\coordinator-bootstrap-staging\f7b4c5716faa-EF3F5C82A926\core\dotnet.exe build-server shutdown
Shutting down MSBuild server...
Shutting down VB/C# compiler server...
VB/C# compiler server shut down successfully.
MSBuild server shut down successfully.
[shutdown-after-no-coordinator-r1] C:\perf\coordinator-bootstrap-staging\f7b4c5716faa-EF3F5C82A926\core\dotnet.exe build-server shutdown
Shutting down MSBuild server...
Shutting down VB/C# compiler server...
VB/C# compiler server shut down successfully.
MSBuild server shut down successfully.

[32;1mscenario      [0m[32;1m round[0m[32;1m useCoordinator[0m[32;1m highPriority[0m[32;1m nodeBudget[0m[32;1m slice[0m[32;1m reservation[0m[32;1m priorityAgingThreshold[0m[32;1m normalBuildCount[0m[32;1m h[0m
[32;1m              [0m[32;1m      [0m[32;1m               [0m[32;1m             [0m[32;1m           [0m[32;1m      [0m[32;1m            [0m[32;1m                       [0m[32;1m                 [0m[32;1m i[0m
[32;1m              [0m[32;1m      [0m[32;1m               [0m[32;1m             [0m[32;1m           [0m[32;1m      [0m[32;1m            [0m[32;1m                       [0m[32;1m                 [0m[32;1m g[0m
[32;1m              [0m[32;1m      [0m[32;1m               [0m[32;1m             [0m[32;1m           [0m[32;1m      [0m[32;1m            [0m[32;1m                       [0m[32;1m                 [0m[32;1m h[0m
[32;1m              [0m[32;1m      [0m[32;1m               [0m[32;1m             [0m[32;1m           [0m[32;1m      [0m[32;1m            [0m[32;1m                       [0m[32;1m                 [0m[32;1m B[0m
[32;1m              [0m[32;1m      [0m[32;1m               [0m[32;1m             [0m[32;1m           [0m[32;1m      [0m[32;1m            [0m[32;1m                       [0m[32;1m                 [0m[32;1m u[0m
[32;1m              [0m[32;1m      [0m[32;1m               [0m[32;1m             [0m[32;1m           [0m[32;1m      [0m[32;1m            [0m[32;1m                       [0m[32;1m                 [0m[32;1m i[0m
[32;1m              [0m[32;1m      [0m[32;1m               [0m[32;1m             [0m[32;1m           [0m[32;1m      [0m[32;1m            [0m[32;1m                       [0m[32;1m                 [0m[32;1m l[0m
[32;1m              [0m[32;1m      [0m[32;1m               [0m[32;1m             [0m[32;1m           [0m[32;1m      [0m[32;1m            [0m[32;1m                       [0m[32;1m                 [0m[32;1m d[0m
[32;1m              [0m[32;1m      [0m[32;1m               [0m[32;1m             [0m[32;1m           [0m[32;1m      [0m[32;1m            [0m[32;1m                       [0m[32;1m                 [0m[32;1m C[0m
[32;1m              [0m[32;1m      [0m[32;1m               [0m[32;1m             [0m[32;1m           [0m[32;1m      [0m[32;1m            [0m[32;1m                       [0m[32;1m                 [0m[32;1m o[0m
[32;1m              [0m[32;1m      [0m[32;1m               [0m[32;1m             [0m[32;1m           [0m[32;1m      [0m[32;1m            [0m[32;1m                       [0m[32;1m                 [0m[32;1m u[0m
[32;1m              [0m[32;1m      [0m[32;1m               [0m[32;1m             [0m[32;1m           [0m[32;1m      [0m[32;1m            [0m[32;1m                       [0m[32;1m                 [0m[32;1m n[0m
[32;1m              [0m[32;1m      [0m[32;1m               [0m[32;1m             [0m[32;1m           [0m[32;1m      [0m[32;1m            [0m[32;1m                       [0m[32;1m                 [0m[32;1m t[0m
[32;1m--------      [0m [32;1m-----[0m [32;1m--------------[0m [32;1m------------[0m [32;1m----------[0m [32;1m-----[0m [32;1m-----------[0m [32;1m----------------------[0m [32;1m----------------[0m [32;1m-[0m
no-coordinator     1          False Normal               16     0           0                      3                1 0

Summary CSV: C:\perf\results\vs-green-node-count-clean-server-20260806-111702\vs-green\block-004\attempt-01\N16\benchmark\scenario-summary.csv
HEAD is now at 7eaba546bc Merged PR 766163: Regenerate lscache files in Renovate post-upgrade tasks
BenchmarkRoot: C:\perf\repos\vs-green
RepositoryName: vs-green
BuildPath: server\dirs.proj
TouchFileRelativePath: server\src\CSDevKit.ReliabilityMonitor\Program.cs
DotNetPath: C:\perf\coordinator-bootstrap-staging\f7b4c5716faa-EF3F5C82A926\core\dotnet.exe
MSBuildDllPath: C:\perf\coordinator-bootstrap-staging\f7b4c5716faa-EF3F5C82A926\core\sdk\11.0.100-preview.5.26302.115\MSBuild.dll
WorkRoot: C:\w\vf
OutputRoot: C:\perf\results\vs-green-node-count-clean-server-20260806-111702\vs-green\block-004\attempt-01\N4\setup
Logical processors: 16
NodeBudget: 4
Slice: 4
Reservation: 4
PriorityAgingThreshold: 3
NormalBuildCount: 1
HighBuildCount: 0
Scenarios: no-coordinator
[restore-normal1] C:\perf\coordinator-bootstrap-staging\f7b4c5716faa-EF3F5C82A926\core\dotnet.exe C:\perf\coordinator-bootstrap-staging\f7b4c5716faa-EF3F5C82A926\core\sdk\11.0.100-preview.5.26302.115\MSBuild.dll server\dirs.proj /t:Restore /v:q /nodeReuse:false /p:UseSharedCompilation=false /p:Configuration=Debug
MSBuild version 18.8.0-preview-26302-115+f7b4c5716 for .NET

Build succeeded.
    0 Warning(s)
    0 Error(s)

Time Elapsed 00:00:02.63
Summary CSV: C:\perf\results\vs-green-node-count-clean-server-20260806-111702\vs-green\block-004\attempt-01\N4\setup\scenario-summary.csv
Shutting down MSBuild server...
Shutting down VB/C# compiler server...
VB/C# compiler server shut down successfully.
MSBuild server shut down successfully.
BenchmarkRoot: C:\perf\repos\vs-green
RepositoryName: vs-green-b4-a1-N4
BuildPath: server\dirs.proj
TouchFileRelativePath: server\src\CSDevKit.ReliabilityMonitor\Program.cs
DotNetPath: C:\perf\coordinator-bootstrap-staging\f7b4c5716faa-EF3F5C82A926\core\dotnet.exe
MSBuildDllPath: C:\perf\coordinator-bootstrap-staging\f7b4c5716faa-EF3F5C82A926\core\sdk\11.0.100-preview.5.26302.115\MSBuild.dll
WorkRoot: C:\w\vf
OutputRoot: C:\perf\results\vs-green-node-count-clean-server-20260806-111702\vs-green\block-004\attempt-01\N4\benchmark
Logical processors: 16
NodeBudget: 4
Slice: 0
Reservation: 0
PriorityAgingThreshold: 3
NormalBuildCount: 1
HighBuildCount: 0
Scenarios: no-coordinator
Starting no-coordinator-r1 (coordinator=False, high priority=Normal, /m:4)
[shutdown-no-coordinator-r1] C:\perf\coordinator-bootstrap-staging\f7b4c5716faa-EF3F5C82A926\core\dotnet.exe build-server shutdown
Shutting down MSBuild server...
Shutting down VB/C# compiler server...
VB/C# compiler server shut down successfully.
MSBuild server shut down successfully.
[shutdown-after-no-coordinator-r1] C:\perf\coordinator-bootstrap-staging\f7b4c5716faa-EF3F5C82A926\core\dotnet.exe build-server shutdown
Shutting down MSBuild server...
Shutting down VB/C# compiler server...
VB/C# compiler server shut down successfully.
MSBuild server shut down successfully.

[32;1mscenario      [0m[32;1m round[0m[32;1m useCoordinator[0m[32;1m highPriority[0m[32;1m nodeBudget[0m[32;1m slice[0m[32;1m reservation[0m[32;1m priorityAgingThreshold[0m[32;1m normalBuildCount[0m[32;1m h[0m
[32;1m              [0m[32;1m      [0m[32;1m               [0m[32;1m             [0m[32;1m           [0m[32;1m      [0m[32;1m            [0m[32;1m                       [0m[32;1m                 [0m[32;1m i[0m
[32;1m              [0m[32;1m      [0m[32;1m               [0m[32;1m             [0m[32;1m           [0m[32;1m      [0m[32;1m            [0m[32;1m                       [0m[32;1m                 [0m[32;1m g[0m
[32;1m              [0m[32;1m      [0m[32;1m               [0m[32;1m             [0m[32;1m           [0m[32;1m      [0m[32;1m            [0m[32;1m                       [0m[32;1m                 [0m[32;1m h[0m
[32;1m              [0m[32;1m      [0m[32;1m               [0m[32;1m             [0m[32;1m           [0m[32;1m      [0m[32;1m            [0m[32;1m                       [0m[32;1m                 [0m[32;1m B[0m
[32;1m              [0m[32;1m      [0m[32;1m               [0m[32;1m             [0m[32;1m           [0m[32;1m      [0m[32;1m            [0m[32;1m                       [0m[32;1m                 [0m[32;1m u[0m
[32;1m              [0m[32;1m      [0m[32;1m               [0m[32;1m             [0m[32;1m           [0m[32;1m      [0m[32;1m            [0m[32;1m                       [0m[32;1m                 [0m[32;1m i[0m
[32;1m              [0m[32;1m      [0m[32;1m               [0m[32;1m             [0m[32;1m           [0m[32;1m      [0m[32;1m            [0m[32;1m                       [0m[32;1m                 [0m[32;1m l[0m
[32;1m              [0m[32;1m      [0m[32;1m               [0m[32;1m             [0m[32;1m           [0m[32;1m      [0m[32;1m            [0m[32;1m                       [0m[32;1m                 [0m[32;1m d[0m
[32;1m              [0m[32;1m      [0m[32;1m               [0m[32;1m             [0m[32;1m           [0m[32;1m      [0m[32;1m            [0m[32;1m                       [0m[32;1m                 [0m[32;1m C[0m
[32;1m              [0m[32;1m      [0m[32;1m               [0m[32;1m             [0m[32;1m           [0m[32;1m      [0m[32;1m            [0m[32;1m                       [0m[32;1m                 [0m[32;1m o[0m
[32;1m              [0m[32;1m      [0m[32;1m               [0m[32;1m             [0m[32;1m           [0m[32;1m      [0m[32;1m            [0m[32;1m                       [0m[32;1m                 [0m[32;1m u[0m
[32;1m              [0m[32;1m      [0m[32;1m               [0m[32;1m             [0m[32;1m           [0m[32;1m      [0m[32;1m            [0m[32;1m                       [0m[32;1m                 [0m[32;1m n[0m
[32;1m              [0m[32;1m      [0m[32;1m               [0m[32;1m             [0m[32;1m           [0m[32;1m      [0m[32;1m            [0m[32;1m                       [0m[32;1m                 [0m[32;1m t[0m
[32;1m--------      [0m [32;1m-----[0m [32;1m--------------[0m [32;1m------------[0m [32;1m----------[0m [32;1m-----[0m [32;1m-----------[0m [32;1m----------------------[0m [32;1m----------------[0m [32;1m-[0m
no-coordinator     1          False Normal                4     0           0                      3                1 0

Summary CSV: C:\perf\results\vs-green-node-count-clean-server-20260806-111702\vs-green\block-004\attempt-01\N4\benchmark\scenario-summary.csv
HEAD is now at 7eaba546bc Merged PR 766163: Regenerate lscache files in Renovate post-upgrade tasks
BenchmarkRoot: C:\perf\repos\vs-green
RepositoryName: vs-green
BuildPath: server\dirs.proj
TouchFileRelativePath: server\src\CSDevKit.ReliabilityMonitor\Program.cs
DotNetPath: C:\perf\coordinator-bootstrap-staging\f7b4c5716faa-EF3F5C82A926\core\dotnet.exe
MSBuildDllPath: C:\perf\coordinator-bootstrap-staging\f7b4c5716faa-EF3F5C82A926\core\sdk\11.0.100-preview.5.26302.115\MSBuild.dll
WorkRoot: C:\w\vf
OutputRoot: C:\perf\results\vs-green-node-count-clean-server-20260806-111702\vs-green\block-004\attempt-01\N8\setup
Logical processors: 16
NodeBudget: 8
Slice: 4
Reservation: 4
PriorityAgingThreshold: 3
NormalBuildCount: 1
HighBuildCount: 0
Scenarios: no-coordinator
[restore-normal1] C:\perf\coordinator-bootstrap-staging\f7b4c5716faa-EF3F5C82A926\core\dotnet.exe C:\perf\coordinator-bootstrap-staging\f7b4c5716faa-EF3F5C82A926\core\sdk\11.0.100-preview.5.26302.115\MSBuild.dll server\dirs.proj /t:Restore /v:q /nodeReuse:false /p:UseSharedCompilation=false /p:Configuration=Debug
MSBuild version 18.8.0-preview-26302-115+f7b4c5716 for .NET

Build succeeded.
    0 Warning(s)
    0 Error(s)

Time Elapsed 00:00:02.59
Summary CSV: C:\perf\results\vs-green-node-count-clean-server-20260806-111702\vs-green\block-004\attempt-01\N8\setup\scenario-summary.csv
Shutting down MSBuild server...
Shutting down VB/C# compiler server...
VB/C# compiler server shut down successfully.
MSBuild server shut down successfully.
BenchmarkRoot: C:\perf\repos\vs-green
RepositoryName: vs-green-b4-a1-N8
BuildPath: server\dirs.proj
TouchFileRelativePath: server\src\CSDevKit.ReliabilityMonitor\Program.cs
DotNetPath: C:\perf\coordinator-bootstrap-staging\f7b4c5716faa-EF3F5C82A926\core\dotnet.exe
MSBuildDllPath: C:\perf\coordinator-bootstrap-staging\f7b4c5716faa-EF3F5C82A926\core\sdk\11.0.100-preview.5.26302.115\MSBuild.dll
WorkRoot: C:\w\vf
OutputRoot: C:\perf\results\vs-green-node-count-clean-server-20260806-111702\vs-green\block-004\attempt-01\N8\benchmark
Logical processors: 16
NodeBudget: 8
Slice: 0
Reservation: 0
PriorityAgingThreshold: 3
NormalBuildCount: 1
HighBuildCount: 0
Scenarios: no-coordinator
Starting no-coordinator-r1 (coordinator=False, high priority=Normal, /m:8)
[shutdown-no-coordinator-r1] C:\perf\coordinator-bootstrap-staging\f7b4c5716faa-EF3F5C82A926\core\dotnet.exe build-server shutdown
Shutting down MSBuild server...
Shutting down VB/C# compiler server...
VB/C# compiler server shut down successfully.
MSBuild server shut down successfully.
[shutdown-after-no-coordinator-r1] C:\perf\coordinator-bootstrap-staging\f7b4c5716faa-EF3F5C82A926\core\dotnet.exe build-server shutdown
Shutting down MSBuild server...
Shutting down VB/C# compiler server...
VB/C# compiler server shut down successfully.
MSBuild server shut down successfully.

[32;1mscenario      [0m[32;1m round[0m[32;1m useCoordinator[0m[32;1m highPriority[0m[32;1m nodeBudget[0m[32;1m slice[0m[32;1m reservation[0m[32;1m priorityAgingThreshold[0m[32;1m normalBuildCount[0m[32;1m h[0m
[32;1m              [0m[32;1m      [0m[32;1m               [0m[32;1m             [0m[32;1m           [0m[32;1m      [0m[32;1m            [0m[32;1m                       [0m[32;1m                 [0m[32;1m i[0m
[32;1m              [0m[32;1m      [0m[32;1m               [0m[32;1m             [0m[32;1m           [0m[32;1m      [0m[32;1m            [0m[32;1m                       [0m[32;1m                 [0m[32;1m g[0m
[32;1m              [0m[32;1m      [0m[32;1m               [0m[32;1m             [0m[32;1m           [0m[32;1m      [0m[32;1m            [0m[32;1m                       [0m[32;1m                 [0m[32;1m h[0m
[32;1m              [0m[32;1m      [0m[32;1m               [0m[32;1m             [0m[32;1m           [0m[32;1m      [0m[32;1m            [0m[32;1m                       [0m[32;1m                 [0m[32;1m B[0m
[32;1m              [0m[32;1m      [0m[32;1m               [0m[32;1m             [0m[32;1m           [0m[32;1m      [0m[32;1m            [0m[32;1m                       [0m[32;1m                 [0m[32;1m u[0m
[32;1m              [0m[32;1m      [0m[32;1m               [0m[32;1m             [0m[32;1m           [0m[32;1m      [0m[32;1m            [0m[32;1m                       [0m[32;1m                 [0m[32;1m i[0m
[32;1m              [0m[32;1m      [0m[32;1m               [0m[32;1m             [0m[32;1m           [0m[32;1m      [0m[32;1m            [0m[32;1m                       [0m[32;1m                 [0m[32;1m l[0m
[32;1m              [0m[32;1m      [0m[32;1m               [0m[32;1m             [0m[32;1m           [0m[32;1m      [0m[32;1m            [0m[32;1m                       [0m[32;1m                 [0m[32;1m d[0m
[32;1m              [0m[32;1m      [0m[32;1m               [0m[32;1m             [0m[32;1m           [0m[32;1m      [0m[32;1m            [0m[32;1m                       [0m[32;1m                 [0m[32;1m C[0m
[32;1m              [0m[32;1m      [0m[32;1m               [0m[32;1m             [0m[32;1m           [0m[32;1m      [0m[32;1m            [0m[32;1m                       [0m[32;1m                 [0m[32;1m o[0m
[32;1m              [0m[32;1m      [0m[32;1m               [0m[32;1m             [0m[32;1m           [0m[32;1m      [0m[32;1m            [0m[32;1m                       [0m[32;1m                 [0m[32;1m u[0m
[32;1m              [0m[32;1m      [0m[32;1m               [0m[32;1m             [0m[32;1m           [0m[32;1m      [0m[32;1m            [0m[32;1m                       [0m[32;1m                 [0m[32;1m n[0m
[32;1m              [0m[32;1m      [0m[32;1m               [0m[32;1m             [0m[32;1m           [0m[32;1m      [0m[32;1m            [0m[32;1m                       [0m[32;1m                 [0m[32;1m t[0m
[32;1m--------      [0m [32;1m-----[0m [32;1m--------------[0m [32;1m------------[0m [32;1m----------[0m [32;1m-----[0m [32;1m-----------[0m [32;1m----------------------[0m [32;1m----------------[0m [32;1m-[0m
no-coordinator     1          False Normal                8     0           0                      3                1 0

Summary CSV: C:\perf\results\vs-green-node-count-clean-server-20260806-111702\vs-green\block-004\attempt-01\N8\benchmark\scenario-summary.csv
HEAD is now at 7eaba546bc Merged PR 766163: Regenerate lscache files in Renovate post-upgrade tasks
BenchmarkRoot: C:\perf\repos\vs-green
RepositoryName: vs-green
BuildPath: server\dirs.proj
TouchFileRelativePath: server\src\CSDevKit.ReliabilityMonitor\Program.cs
DotNetPath: C:\perf\coordinator-bootstrap-staging\f7b4c5716faa-EF3F5C82A926\core\dotnet.exe
MSBuildDllPath: C:\perf\coordinator-bootstrap-staging\f7b4c5716faa-EF3F5C82A926\core\sdk\11.0.100-preview.5.26302.115\MSBuild.dll
WorkRoot: C:\w\vf
OutputRoot: C:\perf\results\vs-green-node-count-clean-server-20260806-111702\vs-green\block-005\attempt-01\N16\setup
Logical processors: 16
NodeBudget: 16
Slice: 4
Reservation: 4
PriorityAgingThreshold: 3
NormalBuildCount: 1
HighBuildCount: 0
Scenarios: no-coordinator
[restore-normal1] C:\perf\coordinator-bootstrap-staging\f7b4c5716faa-EF3F5C82A926\core\dotnet.exe C:\perf\coordinator-bootstrap-staging\f7b4c5716faa-EF3F5C82A926\core\sdk\11.0.100-preview.5.26302.115\MSBuild.dll server\dirs.proj /t:Restore /v:q /nodeReuse:false /p:UseSharedCompilation=false /p:Configuration=Debug
MSBuild version 18.8.0-preview-26302-115+f7b4c5716 for .NET

Build succeeded.
    0 Warning(s)
    0 Error(s)

Time Elapsed 00:00:02.64
Summary CSV: C:\perf\results\vs-green-node-count-clean-server-20260806-111702\vs-green\block-005\attempt-01\N16\setup\scenario-summary.csv
Shutting down MSBuild server...
Shutting down VB/C# compiler server...
VB/C# compiler server shut down successfully.
MSBuild server shut down successfully.
BenchmarkRoot: C:\perf\repos\vs-green
RepositoryName: vs-green-b5-a1-N16
BuildPath: server\dirs.proj
TouchFileRelativePath: server\src\CSDevKit.ReliabilityMonitor\Program.cs
DotNetPath: C:\perf\coordinator-bootstrap-staging\f7b4c5716faa-EF3F5C82A926\core\dotnet.exe
MSBuildDllPath: C:\perf\coordinator-bootstrap-staging\f7b4c5716faa-EF3F5C82A926\core\sdk\11.0.100-preview.5.26302.115\MSBuild.dll
WorkRoot: C:\w\vf
OutputRoot: C:\perf\results\vs-green-node-count-clean-server-20260806-111702\vs-green\block-005\attempt-01\N16\benchmark
Logical processors: 16
NodeBudget: 16
Slice: 0
Reservation: 0
PriorityAgingThreshold: 3
NormalBuildCount: 1
HighBuildCount: 0
Scenarios: no-coordinator
Starting no-coordinator-r1 (coordinator=False, high priority=Normal, /m:16)
[shutdown-no-coordinator-r1] C:\perf\coordinator-bootstrap-staging\f7b4c5716faa-EF3F5C82A926\core\dotnet.exe build-server shutdown
Shutting down MSBuild server...
Shutting down VB/C# compiler server...
VB/C# compiler server shut down successfully.
MSBuild server shut down successfully.
[shutdown-after-no-coordinator-r1] C:\perf\coordinator-bootstrap-staging\f7b4c5716faa-EF3F5C82A926\core\dotnet.exe build-server shutdown
Shutting down MSBuild server...
Shutting down VB/C# compiler server...
VB/C# compiler server shut down successfully.
MSBuild server shut down successfully.

[32;1mscenario      [0m[32;1m round[0m[32;1m useCoordinator[0m[32;1m highPriority[0m[32;1m nodeBudget[0m[32;1m slice[0m[32;1m reservation[0m[32;1m priorityAgingThreshold[0m[32;1m normalBuildCount[0m[32;1m h[0m
[32;1m              [0m[32;1m      [0m[32;1m               [0m[32;1m             [0m[32;1m           [0m[32;1m      [0m[32;1m            [0m[32;1m                       [0m[32;1m                 [0m[32;1m i[0m
[32;1m              [0m[32;1m      [0m[32;1m               [0m[32;1m             [0m[32;1m           [0m[32;1m      [0m[32;1m            [0m[32;1m                       [0m[32;1m                 [0m[32;1m g[0m
[32;1m              [0m[32;1m      [0m[32;1m               [0m[32;1m             [0m[32;1m           [0m[32;1m      [0m[32;1m            [0m[32;1m                       [0m[32;1m                 [0m[32;1m h[0m
[32;1m              [0m[32;1m      [0m[32;1m               [0m[32;1m             [0m[32;1m           [0m[32;1m      [0m[32;1m            [0m[32;1m                       [0m[32;1m                 [0m[32;1m B[0m
[32;1m              [0m[32;1m      [0m[32;1m               [0m[32;1m             [0m[32;1m           [0m[32;1m      [0m[32;1m            [0m[32;1m                       [0m[32;1m                 [0m[32;1m u[0m
[32;1m              [0m[32;1m      [0m[32;1m               [0m[32;1m             [0m[32;1m           [0m[32;1m      [0m[32;1m            [0m[32;1m                       [0m[32;1m                 [0m[32;1m i[0m
[32;1m              [0m[32;1m      [0m[32;1m               [0m[32;1m             [0m[32;1m           [0m[32;1m      [0m[32;1m            [0m[32;1m                       [0m[32;1m                 [0m[32;1m l[0m
[32;1m              [0m[32;1m      [0m[32;1m               [0m[32;1m             [0m[32;1m           [0m[32;1m      [0m[32;1m            [0m[32;1m                       [0m[32;1m                 [0m[32;1m d[0m
[32;1m              [0m[32;1m      [0m[32;1m               [0m[32;1m             [0m[32;1m           [0m[32;1m      [0m[32;1m            [0m[32;1m                       [0m[32;1m                 [0m[32;1m C[0m
[32;1m              [0m[32;1m      [0m[32;1m               [0m[32;1m             [0m[32;1m           [0m[32;1m      [0m[32;1m            [0m[32;1m                       [0m[32;1m                 [0m[32;1m o[0m
[32;1m              [0m[32;1m      [0m[32;1m               [0m[32;1m             [0m[32;1m           [0m[32;1m      [0m[32;1m            [0m[32;1m                       [0m[32;1m                 [0m[32;1m u[0m
[32;1m              [0m[32;1m      [0m[32;1m               [0m[32;1m             [0m[32;1m           [0m[32;1m      [0m[32;1m            [0m[32;1m                       [0m[32;1m                 [0m[32;1m n[0m
[32;1m              [0m[32;1m      [0m[32;1m               [0m[32;1m             [0m[32;1m           [0m[32;1m      [0m[32;1m            [0m[32;1m                       [0m[32;1m                 [0m[32;1m t[0m
[32;1m--------      [0m [32;1m-----[0m [32;1m--------------[0m [32;1m------------[0m [32;1m----------[0m [32;1m-----[0m [32;1m-----------[0m [32;1m----------------------[0m [32;1m----------------[0m [32;1m-[0m
no-coordinator     1          False Normal               16     0           0                      3                1 0

Summary CSV: C:\perf\results\vs-green-node-count-clean-server-20260806-111702\vs-green\block-005\attempt-01\N16\benchmark\scenario-summary.csv
HEAD is now at 7eaba546bc Merged PR 766163: Regenerate lscache files in Renovate post-upgrade tasks
BenchmarkRoot: C:\perf\repos\vs-green
RepositoryName: vs-green
BuildPath: server\dirs.proj
TouchFileRelativePath: server\src\CSDevKit.ReliabilityMonitor\Program.cs
DotNetPath: C:\perf\coordinator-bootstrap-staging\f7b4c5716faa-EF3F5C82A926\core\dotnet.exe
MSBuildDllPath: C:\perf\coordinator-bootstrap-staging\f7b4c5716faa-EF3F5C82A926\core\sdk\11.0.100-preview.5.26302.115\MSBuild.dll
WorkRoot: C:\w\vf
OutputRoot: C:\perf\results\vs-green-node-count-clean-server-20260806-111702\vs-green\block-005\attempt-01\N8\setup
Logical processors: 16
NodeBudget: 8
Slice: 4
Reservation: 4
PriorityAgingThreshold: 3
NormalBuildCount: 1
HighBuildCount: 0
Scenarios: no-coordinator
[restore-normal1] C:\perf\coordinator-bootstrap-staging\f7b4c5716faa-EF3F5C82A926\core\dotnet.exe C:\perf\coordinator-bootstrap-staging\f7b4c5716faa-EF3F5C82A926\core\sdk\11.0.100-preview.5.26302.115\MSBuild.dll server\dirs.proj /t:Restore /v:q /nodeReuse:false /p:UseSharedCompilation=false /p:Configuration=Debug
MSBuild version 18.8.0-preview-26302-115+f7b4c5716 for .NET

Build succeeded.
    0 Warning(s)
    0 Error(s)

Time Elapsed 00:00:02.71
Summary CSV: C:\perf\results\vs-green-node-count-clean-server-20260806-111702\vs-green\block-005\attempt-01\N8\setup\scenario-summary.csv
Shutting down MSBuild server...
Shutting down VB/C# compiler server...
VB/C# compiler server shut down successfully.
MSBuild server shut down successfully.
BenchmarkRoot: C:\perf\repos\vs-green
RepositoryName: vs-green-b5-a1-N8
BuildPath: server\dirs.proj
TouchFileRelativePath: server\src\CSDevKit.ReliabilityMonitor\Program.cs
DotNetPath: C:\perf\coordinator-bootstrap-staging\f7b4c5716faa-EF3F5C82A926\core\dotnet.exe
MSBuildDllPath: C:\perf\coordinator-bootstrap-staging\f7b4c5716faa-EF3F5C82A926\core\sdk\11.0.100-preview.5.26302.115\MSBuild.dll
WorkRoot: C:\w\vf
OutputRoot: C:\perf\results\vs-green-node-count-clean-server-20260806-111702\vs-green\block-005\attempt-01\N8\benchmark
Logical processors: 16
NodeBudget: 8
Slice: 0
Reservation: 0
PriorityAgingThreshold: 3
NormalBuildCount: 1
HighBuildCount: 0
Scenarios: no-coordinator
Starting no-coordinator-r1 (coordinator=False, high priority=Normal, /m:8)
[shutdown-no-coordinator-r1] C:\perf\coordinator-bootstrap-staging\f7b4c5716faa-EF3F5C82A926\core\dotnet.exe build-server shutdown
Shutting down MSBuild server...
Shutting down VB/C# compiler server...
VB/C# compiler server shut down successfully.
MSBuild server shut down successfully.
[shutdown-after-no-coordinator-r1] C:\perf\coordinator-bootstrap-staging\f7b4c5716faa-EF3F5C82A926\core\dotnet.exe build-server shutdown
Shutting down MSBuild server...
Shutting down VB/C# compiler server...
VB/C# compiler server shut down successfully.
MSBuild server shut down successfully.

[32;1mscenario      [0m[32;1m round[0m[32;1m useCoordinator[0m[32;1m highPriority[0m[32;1m nodeBudget[0m[32;1m slice[0m[32;1m reservation[0m[32;1m priorityAgingThreshold[0m[32;1m normalBuildCount[0m[32;1m h[0m
[32;1m              [0m[32;1m      [0m[32;1m               [0m[32;1m             [0m[32;1m           [0m[32;1m      [0m[32;1m            [0m[32;1m                       [0m[32;1m                 [0m[32;1m i[0m
[32;1m              [0m[32;1m      [0m[32;1m               [0m[32;1m             [0m[32;1m           [0m[32;1m      [0m[32;1m            [0m[32;1m                       [0m[32;1m                 [0m[32;1m g[0m
[32;1m              [0m[32;1m      [0m[32;1m               [0m[32;1m             [0m[32;1m           [0m[32;1m      [0m[32;1m            [0m[32;1m                       [0m[32;1m                 [0m[32;1m h[0m
[32;1m              [0m[32;1m      [0m[32;1m               [0m[32;1m             [0m[32;1m           [0m[32;1m      [0m[32;1m            [0m[32;1m                       [0m[32;1m                 [0m[32;1m B[0m
[32;1m              [0m[32;1m      [0m[32;1m               [0m[32;1m             [0m[32;1m           [0m[32;1m      [0m[32;1m            [0m[32;1m                       [0m[32;1m                 [0m[32;1m u[0m
[32;1m              [0m[32;1m      [0m[32;1m               [0m[32;1m             [0m[32;1m           [0m[32;1m      [0m[32;1m            [0m[32;1m                       [0m[32;1m                 [0m[32;1m i[0m
[32;1m              [0m[32;1m      [0m[32;1m               [0m[32;1m             [0m[32;1m           [0m[32;1m      [0m[32;1m            [0m[32;1m                       [0m[32;1m                 [0m[32;1m l[0m
[32;1m              [0m[32;1m      [0m[32;1m               [0m[32;1m             [0m[32;1m           [0m[32;1m      [0m[32;1m            [0m[32;1m                       [0m[32;1m                 [0m[32;1m d[0m
[32;1m              [0m[32;1m      [0m[32;1m               [0m[32;1m             [0m[32;1m           [0m[32;1m      [0m[32;1m            [0m[32;1m                       [0m[32;1m                 [0m[32;1m C[0m
[32;1m              [0m[32;1m      [0m[32;1m               [0m[32;1m             [0m[32;1m           [0m[32;1m      [0m[32;1m            [0m[32;1m                       [0m[32;1m                 [0m[32;1m o[0m
[32;1m              [0m[32;1m      [0m[32;1m               [0m[32;1m             [0m[32;1m           [0m[32;1m      [0m[32;1m            [0m[32;1m                       [0m[32;1m                 [0m[32;1m u[0m
[32;1m              [0m[32;1m      [0m[32;1m               [0m[32;1m             [0m[32;1m           [0m[32;1m      [0m[32;1m            [0m[32;1m                       [0m[32;1m                 [0m[32;1m n[0m
[32;1m              [0m[32;1m      [0m[32;1m               [0m[32;1m             [0m[32;1m           [0m[32;1m      [0m[32;1m            [0m[32;1m                       [0m[32;1m                 [0m[32;1m t[0m
[32;1m--------      [0m [32;1m-----[0m [32;1m--------------[0m [32;1m------------[0m [32;1m----------[0m [32;1m-----[0m [32;1m-----------[0m [32;1m----------------------[0m [32;1m----------------[0m [32;1m-[0m
no-coordinator     1          False Normal                8     0           0                      3                1 0

Summary CSV: C:\perf\results\vs-green-node-count-clean-server-20260806-111702\vs-green\block-005\attempt-01\N8\benchmark\scenario-summary.csv
HEAD is now at 7eaba546bc Merged PR 766163: Regenerate lscache files in Renovate post-upgrade tasks
BenchmarkRoot: C:\perf\repos\vs-green
RepositoryName: vs-green
BuildPath: server\dirs.proj
TouchFileRelativePath: server\src\CSDevKit.ReliabilityMonitor\Program.cs
DotNetPath: C:\perf\coordinator-bootstrap-staging\f7b4c5716faa-EF3F5C82A926\core\dotnet.exe
MSBuildDllPath: C:\perf\coordinator-bootstrap-staging\f7b4c5716faa-EF3F5C82A926\core\sdk\11.0.100-preview.5.26302.115\MSBuild.dll
WorkRoot: C:\w\vf
OutputRoot: C:\perf\results\vs-green-node-count-clean-server-20260806-111702\vs-green\block-005\attempt-01\N4\setup
Logical processors: 16
NodeBudget: 4
Slice: 4
Reservation: 4
PriorityAgingThreshold: 3
NormalBuildCount: 1
HighBuildCount: 0
Scenarios: no-coordinator
[restore-normal1] C:\perf\coordinator-bootstrap-staging\f7b4c5716faa-EF3F5C82A926\core\dotnet.exe C:\perf\coordinator-bootstrap-staging\f7b4c5716faa-EF3F5C82A926\core\sdk\11.0.100-preview.5.26302.115\MSBuild.dll server\dirs.proj /t:Restore /v:q /nodeReuse:false /p:UseSharedCompilation=false /p:Configuration=Debug
MSBuild version 18.8.0-preview-26302-115+f7b4c5716 for .NET

Build succeeded.
    0 Warning(s)
    0 Error(s)

Time Elapsed 00:00:02.63
Summary CSV: C:\perf\results\vs-green-node-count-clean-server-20260806-111702\vs-green\block-005\attempt-01\N4\setup\scenario-summary.csv
Shutting down MSBuild server...
Shutting down VB/C# compiler server...
VB/C# compiler server shut down successfully.
MSBuild server shut down successfully.
BenchmarkRoot: C:\perf\repos\vs-green
RepositoryName: vs-green-b5-a1-N4
BuildPath: server\dirs.proj
TouchFileRelativePath: server\src\CSDevKit.ReliabilityMonitor\Program.cs
DotNetPath: C:\perf\coordinator-bootstrap-staging\f7b4c5716faa-EF3F5C82A926\core\dotnet.exe
MSBuildDllPath: C:\perf\coordinator-bootstrap-staging\f7b4c5716faa-EF3F5C82A926\core\sdk\11.0.100-preview.5.26302.115\MSBuild.dll
WorkRoot: C:\w\vf
OutputRoot: C:\perf\results\vs-green-node-count-clean-server-20260806-111702\vs-green\block-005\attempt-01\N4\benchmark
Logical processors: 16
NodeBudget: 4
Slice: 0
Reservation: 0
PriorityAgingThreshold: 3
NormalBuildCount: 1
HighBuildCount: 0
Scenarios: no-coordinator
Starting no-coordinator-r1 (coordinator=False, high priority=Normal, /m:4)
[shutdown-no-coordinator-r1] C:\perf\coordinator-bootstrap-staging\f7b4c5716faa-EF3F5C82A926\core\dotnet.exe build-server shutdown
Shutting down MSBuild server...
Shutting down VB/C# compiler server...
VB/C# compiler server shut down successfully.
MSBuild server shut down successfully.
[shutdown-after-no-coordinator-r1] C:\perf\coordinator-bootstrap-staging\f7b4c5716faa-EF3F5C82A926\core\dotnet.exe build-server shutdown
Shutting down MSBuild server...
Shutting down VB/C# compiler server...
VB/C# compiler server shut down successfully.
MSBuild server shut down successfully.

[32;1mscenario      [0m[32;1m round[0m[32;1m useCoordinator[0m[32;1m highPriority[0m[32;1m nodeBudget[0m[32;1m slice[0m[32;1m reservation[0m[32;1m priorityAgingThreshold[0m[32;1m normalBuildCount[0m[32;1m h[0m
[32;1m              [0m[32;1m      [0m[32;1m               [0m[32;1m             [0m[32;1m           [0m[32;1m      [0m[32;1m            [0m[32;1m                       [0m[32;1m                 [0m[32;1m i[0m
[32;1m              [0m[32;1m      [0m[32;1m               [0m[32;1m             [0m[32;1m           [0m[32;1m      [0m[32;1m            [0m[32;1m                       [0m[32;1m                 [0m[32;1m g[0m
[32;1m              [0m[32;1m      [0m[32;1m               [0m[32;1m             [0m[32;1m           [0m[32;1m      [0m[32;1m            [0m[32;1m                       [0m[32;1m                 [0m[32;1m h[0m
[32;1m              [0m[32;1m      [0m[32;1m               [0m[32;1m             [0m[32;1m           [0m[32;1m      [0m[32;1m            [0m[32;1m                       [0m[32;1m                 [0m[32;1m B[0m
[32;1m              [0m[32;1m      [0m[32;1m               [0m[32;1m             [0m[32;1m           [0m[32;1m      [0m[32;1m            [0m[32;1m                       [0m[32;1m                 [0m[32;1m u[0m
[32;1m              [0m[32;1m      [0m[32;1m               [0m[32;1m             [0m[32;1m           [0m[32;1m      [0m[32;1m            [0m[32;1m                       [0m[32;1m                 [0m[32;1m i[0m
[32;1m              [0m[32;1m      [0m[32;1m               [0m[32;1m             [0m[32;1m           [0m[32;1m      [0m[32;1m            [0m[32;1m                       [0m[32;1m                 [0m[32;1m l[0m
[32;1m              [0m[32;1m      [0m[32;1m               [0m[32;1m             [0m[32;1m           [0m[32;1m      [0m[32;1m            [0m[32;1m                       [0m[32;1m                 [0m[32;1m d[0m
[32;1m              [0m[32;1m      [0m[32;1m               [0m[32;1m             [0m[32;1m           [0m[32;1m      [0m[32;1m            [0m[32;1m                       [0m[32;1m                 [0m[32;1m C[0m
[32;1m              [0m[32;1m      [0m[32;1m               [0m[32;1m             [0m[32;1m           [0m[32;1m      [0m[32;1m            [0m[32;1m                       [0m[32;1m                 [0m[32;1m o[0m
[32;1m              [0m[32;1m      [0m[32;1m               [0m[32;1m             [0m[32;1m           [0m[32;1m      [0m[32;1m            [0m[32;1m                       [0m[32;1m                 [0m[32;1m u[0m
[32;1m              [0m[32;1m      [0m[32;1m               [0m[32;1m             [0m[32;1m           [0m[32;1m      [0m[32;1m            [0m[32;1m                       [0m[32;1m                 [0m[32;1m n[0m
[32;1m              [0m[32;1m      [0m[32;1m               [0m[32;1m             [0m[32;1m           [0m[32;1m      [0m[32;1m            [0m[32;1m                       [0m[32;1m                 [0m[32;1m t[0m
[32;1m--------      [0m [32;1m-----[0m [32;1m--------------[0m [32;1m------------[0m [32;1m----------[0m [32;1m-----[0m [32;1m-----------[0m [32;1m----------------------[0m [32;1m----------------[0m [32;1m-[0m
no-coordinator     1          False Normal                4     0           0                      3                1 0

Summary CSV: C:\perf\results\vs-green-node-count-clean-server-20260806-111702\vs-green\block-005\attempt-01\N4\benchmark\scenario-summary.csv
HEAD is now at 7eaba546bc Merged PR 766163: Regenerate lscache files in Renovate post-upgrade tasks
BenchmarkRoot: C:\perf\repos\vs-green
RepositoryName: vs-green
BuildPath: server\dirs.proj
TouchFileRelativePath: server\src\CSDevKit.ReliabilityMonitor\Program.cs
DotNetPath: C:\perf\coordinator-bootstrap-staging\f7b4c5716faa-EF3F5C82A926\core\dotnet.exe
MSBuildDllPath: C:\perf\coordinator-bootstrap-staging\f7b4c5716faa-EF3F5C82A926\core\sdk\11.0.100-preview.5.26302.115\MSBuild.dll
WorkRoot: C:\w\vf
OutputRoot: C:\perf\results\vs-green-node-count-clean-server-20260806-111702\vs-green\block-006\attempt-01\N4\setup
Logical processors: 16
NodeBudget: 4
Slice: 4
Reservation: 4
PriorityAgingThreshold: 3
NormalBuildCount: 1
HighBuildCount: 0
Scenarios: no-coordinator
[restore-normal1] C:\perf\coordinator-bootstrap-staging\f7b4c5716faa-EF3F5C82A926\core\dotnet.exe C:\perf\coordinator-bootstrap-staging\f7b4c5716faa-EF3F5C82A926\core\sdk\11.0.100-preview.5.26302.115\MSBuild.dll server\dirs.proj /t:Restore /v:q /nodeReuse:false /p:UseSharedCompilation=false /p:Configuration=Debug
MSBuild version 18.8.0-preview-26302-115+f7b4c5716 for .NET

Build succeeded.
    0 Warning(s)
    0 Error(s)

Time Elapsed 00:00:03.74
Summary CSV: C:\perf\results\vs-green-node-count-clean-server-20260806-111702\vs-green\block-006\attempt-01\N4\setup\scenario-summary.csv
Shutting down MSBuild server...
Shutting down VB/C# compiler server...
VB/C# compiler server shut down successfully.
MSBuild server shut down successfully.
BenchmarkRoot: C:\perf\repos\vs-green
RepositoryName: vs-green-b6-a1-N4
BuildPath: server\dirs.proj
TouchFileRelativePath: server\src\CSDevKit.ReliabilityMonitor\Program.cs
DotNetPath: C:\perf\coordinator-bootstrap-staging\f7b4c5716faa-EF3F5C82A926\core\dotnet.exe
MSBuildDllPath: C:\perf\coordinator-bootstrap-staging\f7b4c5716faa-EF3F5C82A926\core\sdk\11.0.100-preview.5.26302.115\MSBuild.dll
WorkRoot: C:\w\vf
OutputRoot: C:\perf\results\vs-green-node-count-clean-server-20260806-111702\vs-green\block-006\attempt-01\N4\benchmark
Logical processors: 16
NodeBudget: 4
Slice: 0
Reservation: 0
PriorityAgingThreshold: 3
NormalBuildCount: 1
HighBuildCount: 0
Scenarios: no-coordinator
Starting no-coordinator-r1 (coordinator=False, high priority=Normal, /m:4)
[shutdown-no-coordinator-r1] C:\perf\coordinator-bootstrap-staging\f7b4c5716faa-EF3F5C82A926\core\dotnet.exe build-server shutdown
Shutting down MSBuild server...
Shutting down VB/C# compiler server...
VB/C# compiler server shut down successfully.
MSBuild server shut down successfully.
[shutdown-after-no-coordinator-r1] C:\perf\coordinator-bootstrap-staging\f7b4c5716faa-EF3F5C82A926\core\dotnet.exe build-server shutdown
Shutting down MSBuild server...
Shutting down VB/C# compiler server...
VB/C# compiler server shut down successfully.
MSBuild server shut down successfully.

[32;1mscenario      [0m[32;1m round[0m[32;1m useCoordinator[0m[32;1m highPriority[0m[32;1m nodeBudget[0m[32;1m slice[0m[32;1m reservation[0m[32;1m priorityAgingThreshold[0m[32;1m normalBuildCount[0m[32;1m h[0m
[32;1m              [0m[32;1m      [0m[32;1m               [0m[32;1m             [0m[32;1m           [0m[32;1m      [0m[32;1m            [0m[32;1m                       [0m[32;1m                 [0m[32;1m i[0m
[32;1m              [0m[32;1m      [0m[32;1m               [0m[32;1m             [0m[32;1m           [0m[32;1m      [0m[32;1m            [0m[32;1m                       [0m[32;1m                 [0m[32;1m g[0m
[32;1m              [0m[32;1m      [0m[32;1m               [0m[32;1m             [0m[32;1m           [0m[32;1m      [0m[32;1m            [0m[32;1m                       [0m[32;1m                 [0m[32;1m h[0m
[32;1m              [0m[32;1m      [0m[32;1m               [0m[32;1m             [0m[32;1m           [0m[32;1m      [0m[32;1m            [0m[32;1m                       [0m[32;1m                 [0m[32;1m B[0m
[32;1m              [0m[32;1m      [0m[32;1m               [0m[32;1m             [0m[32;1m           [0m[32;1m      [0m[32;1m            [0m[32;1m                       [0m[32;1m                 [0m[32;1m u[0m
[32;1m              [0m[32;1m      [0m[32;1m               [0m[32;1m             [0m[32;1m           [0m[32;1m      [0m[32;1m            [0m[32;1m                       [0m[32;1m                 [0m[32;1m i[0m
[32;1m              [0m[32;1m      [0m[32;1m               [0m[32;1m             [0m[32;1m           [0m[32;1m      [0m[32;1m            [0m[32;1m                       [0m[32;1m                 [0m[32;1m l[0m
[32;1m              [0m[32;1m      [0m[32;1m               [0m[32;1m             [0m[32;1m           [0m[32;1m      [0m[32;1m            [0m[32;1m                       [0m[32;1m                 [0m[32;1m d[0m
[32;1m              [0m[32;1m      [0m[32;1m               [0m[32;1m             [0m[32;1m           [0m[32;1m      [0m[32;1m            [0m[32;1m                       [0m[32;1m                 [0m[32;1m C[0m
[32;1m              [0m[32;1m      [0m[32;1m               [0m[32;1m             [0m[32;1m           [0m[32;1m      [0m[32;1m            [0m[32;1m                       [0m[32;1m                 [0m[32;1m o[0m
[32;1m              [0m[32;1m      [0m[32;1m               [0m[32;1m             [0m[32;1m           [0m[32;1m      [0m[32;1m            [0m[32;1m                       [0m[32;1m                 [0m[32;1m u[0m
[32;1m              [0m[32;1m      [0m[32;1m               [0m[32;1m             [0m[32;1m           [0m[32;1m      [0m[32;1m            [0m[32;1m                       [0m[32;1m                 [0m[32;1m n[0m
[32;1m              [0m[32;1m      [0m[32;1m               [0m[32;1m             [0m[32;1m           [0m[32;1m      [0m[32;1m            [0m[32;1m                       [0m[32;1m                 [0m[32;1m t[0m
[32;1m--------      [0m [32;1m-----[0m [32;1m--------------[0m [32;1m------------[0m [32;1m----------[0m [32;1m-----[0m [32;1m-----------[0m [32;1m----------------------[0m [32;1m----------------[0m [32;1m-[0m
no-coordinator     1          False Normal                4     0           0                      3                1 0

Summary CSV: C:\perf\results\vs-green-node-count-clean-server-20260806-111702\vs-green\block-006\attempt-01\N4\benchmark\scenario-summary.csv
HEAD is now at 7eaba546bc Merged PR 766163: Regenerate lscache files in Renovate post-upgrade tasks
BenchmarkRoot: C:\perf\repos\vs-green
RepositoryName: vs-green
BuildPath: server\dirs.proj
TouchFileRelativePath: server\src\CSDevKit.ReliabilityMonitor\Program.cs
DotNetPath: C:\perf\coordinator-bootstrap-staging\f7b4c5716faa-EF3F5C82A926\core\dotnet.exe
MSBuildDllPath: C:\perf\coordinator-bootstrap-staging\f7b4c5716faa-EF3F5C82A926\core\sdk\11.0.100-preview.5.26302.115\MSBuild.dll
WorkRoot: C:\w\vf
OutputRoot: C:\perf\results\vs-green-node-count-clean-server-20260806-111702\vs-green\block-006\attempt-01\N16\setup
Logical processors: 16
NodeBudget: 16
Slice: 4
Reservation: 4
PriorityAgingThreshold: 3
NormalBuildCount: 1
HighBuildCount: 0
Scenarios: no-coordinator
[restore-normal1] C:\perf\coordinator-bootstrap-staging\f7b4c5716faa-EF3F5C82A926\core\dotnet.exe C:\perf\coordinator-bootstrap-staging\f7b4c5716faa-EF3F5C82A926\core\sdk\11.0.100-preview.5.26302.115\MSBuild.dll server\dirs.proj /t:Restore /v:q /nodeReuse:false /p:UseSharedCompilation=false /p:Configuration=Debug
MSBuild version 18.8.0-preview-26302-115+f7b4c5716 for .NET

Build succeeded.
    0 Warning(s)
    0 Error(s)

Time Elapsed 00:00:02.66
Summary CSV: C:\perf\results\vs-green-node-count-clean-server-20260806-111702\vs-green\block-006\attempt-01\N16\setup\scenario-summary.csv
Shutting down MSBuild server...
Shutting down VB/C# compiler server...
VB/C# compiler server shut down successfully.
MSBuild server shut down successfully.
BenchmarkRoot: C:\perf\repos\vs-green
RepositoryName: vs-green-b6-a1-N16
BuildPath: server\dirs.proj
TouchFileRelativePath: server\src\CSDevKit.ReliabilityMonitor\Program.cs
DotNetPath: C:\perf\coordinator-bootstrap-staging\f7b4c5716faa-EF3F5C82A926\core\dotnet.exe
MSBuildDllPath: C:\perf\coordinator-bootstrap-staging\f7b4c5716faa-EF3F5C82A926\core\sdk\11.0.100-preview.5.26302.115\MSBuild.dll
WorkRoot: C:\w\vf
OutputRoot: C:\perf\results\vs-green-node-count-clean-server-20260806-111702\vs-green\block-006\attempt-01\N16\benchmark
Logical processors: 16
NodeBudget: 16
Slice: 0
Reservation: 0
PriorityAgingThreshold: 3
NormalBuildCount: 1
HighBuildCount: 0
Scenarios: no-coordinator
Starting no-coordinator-r1 (coordinator=False, high priority=Normal, /m:16)
[shutdown-no-coordinator-r1] C:\perf\coordinator-bootstrap-staging\f7b4c5716faa-EF3F5C82A926\core\dotnet.exe build-server shutdown
Shutting down MSBuild server...
Shutting down VB/C# compiler server...
VB/C# compiler server shut down successfully.
MSBuild server shut down successfully.
[shutdown-after-no-coordinator-r1] C:\perf\coordinator-bootstrap-staging\f7b4c5716faa-EF3F5C82A926\core\dotnet.exe build-server shutdown
Shutting down MSBuild server...
Shutting down VB/C# compiler server...
VB/C# compiler server shut down successfully.
MSBuild server shut down successfully.

[32;1mscenario      [0m[32;1m round[0m[32;1m useCoordinator[0m[32;1m highPriority[0m[32;1m nodeBudget[0m[32;1m slice[0m[32;1m reservation[0m[32;1m priorityAgingThreshold[0m[32;1m normalBuildCount[0m[32;1m h[0m
[32;1m              [0m[32;1m      [0m[32;1m               [0m[32;1m             [0m[32;1m           [0m[32;1m      [0m[32;1m            [0m[32;1m                       [0m[32;1m                 [0m[32;1m i[0m
[32;1m              [0m[32;1m      [0m[32;1m               [0m[32;1m             [0m[32;1m           [0m[32;1m      [0m[32;1m            [0m[32;1m                       [0m[32;1m                 [0m[32;1m g[0m
[32;1m              [0m[32;1m      [0m[32;1m               [0m[32;1m             [0m[32;1m           [0m[32;1m      [0m[32;1m            [0m[32;1m                       [0m[32;1m                 [0m[32;1m h[0m
[32;1m              [0m[32;1m      [0m[32;1m               [0m[32;1m             [0m[32;1m           [0m[32;1m      [0m[32;1m            [0m[32;1m                       [0m[32;1m                 [0m[32;1m B[0m
[32;1m              [0m[32;1m      [0m[32;1m               [0m[32;1m             [0m[32;1m           [0m[32;1m      [0m[32;1m            [0m[32;1m                       [0m[32;1m                 [0m[32;1m u[0m
[32;1m              [0m[32;1m      [0m[32;1m               [0m[32;1m             [0m[32;1m           [0m[32;1m      [0m[32;1m            [0m[32;1m                       [0m[32;1m                 [0m[32;1m i[0m
[32;1m              [0m[32;1m      [0m[32;1m               [0m[32;1m             [0m[32;1m           [0m[32;1m      [0m[32;1m            [0m[32;1m                       [0m[32;1m                 [0m[32;1m l[0m
[32;1m              [0m[32;1m      [0m[32;1m               [0m[32;1m             [0m[32;1m           [0m[32;1m      [0m[32;1m            [0m[32;1m                       [0m[32;1m                 [0m[32;1m d[0m
[32;1m              [0m[32;1m      [0m[32;1m               [0m[32;1m             [0m[32;1m           [0m[32;1m      [0m[32;1m            [0m[32;1m                       [0m[32;1m                 [0m[32;1m C[0m
[32;1m              [0m[32;1m      [0m[32;1m               [0m[32;1m             [0m[32;1m           [0m[32;1m      [0m[32;1m            [0m[32;1m                       [0m[32;1m                 [0m[32;1m o[0m
[32;1m              [0m[32;1m      [0m[32;1m               [0m[32;1m             [0m[32;1m           [0m[32;1m      [0m[32;1m            [0m[32;1m                       [0m[32;1m                 [0m[32;1m u[0m
[32;1m              [0m[32;1m      [0m[32;1m               [0m[32;1m             [0m[32;1m           [0m[32;1m      [0m[32;1m            [0m[32;1m                       [0m[32;1m                 [0m[32;1m n[0m
[32;1m              [0m[32;1m      [0m[32;1m               [0m[32;1m             [0m[32;1m           [0m[32;1m      [0m[32;1m            [0m[32;1m                       [0m[32;1m                 [0m[32;1m t[0m
[32;1m--------      [0m [32;1m-----[0m [32;1m--------------[0m [32;1m------------[0m [32;1m----------[0m [32;1m-----[0m [32;1m-----------[0m [32;1m----------------------[0m [32;1m----------------[0m [32;1m-[0m
no-coordinator     1          False Normal               16     0           0                      3                1 0

Summary CSV: C:\perf\results\vs-green-node-count-clean-server-20260806-111702\vs-green\block-006\attempt-01\N16\benchmark\scenario-summary.csv
HEAD is now at 7eaba546bc Merged PR 766163: Regenerate lscache files in Renovate post-upgrade tasks
BenchmarkRoot: C:\perf\repos\vs-green
RepositoryName: vs-green
BuildPath: server\dirs.proj
TouchFileRelativePath: server\src\CSDevKit.ReliabilityMonitor\Program.cs
DotNetPath: C:\perf\coordinator-bootstrap-staging\f7b4c5716faa-EF3F5C82A926\core\dotnet.exe
MSBuildDllPath: C:\perf\coordinator-bootstrap-staging\f7b4c5716faa-EF3F5C82A926\core\sdk\11.0.100-preview.5.26302.115\MSBuild.dll
WorkRoot: C:\w\vf
OutputRoot: C:\perf\results\vs-green-node-count-clean-server-20260806-111702\vs-green\block-006\attempt-01\N8\setup
Logical processors: 16
NodeBudget: 8
Slice: 4
Reservation: 4
PriorityAgingThreshold: 3
NormalBuildCount: 1
HighBuildCount: 0
Scenarios: no-coordinator
[restore-normal1] C:\perf\coordinator-bootstrap-staging\f7b4c5716faa-EF3F5C82A926\core\dotnet.exe C:\perf\coordinator-bootstrap-staging\f7b4c5716faa-EF3F5C82A926\core\sdk\11.0.100-preview.5.26302.115\MSBuild.dll server\dirs.proj /t:Restore /v:q /nodeReuse:false /p:UseSharedCompilation=false /p:Configuration=Debug
MSBuild version 18.8.0-preview-26302-115+f7b4c5716 for .NET

Build succeeded.
    0 Warning(s)
    0 Error(s)

Time Elapsed 00:00:02.69
Summary CSV: C:\perf\results\vs-green-node-count-clean-server-20260806-111702\vs-green\block-006\attempt-01\N8\setup\scenario-summary.csv
Shutting down MSBuild server...
Shutting down VB/C# compiler server...
VB/C# compiler server shut down successfully.
MSBuild server shut down successfully.
BenchmarkRoot: C:\perf\repos\vs-green
RepositoryName: vs-green-b6-a1-N8
BuildPath: server\dirs.proj
TouchFileRelativePath: server\src\CSDevKit.ReliabilityMonitor\Program.cs
DotNetPath: C:\perf\coordinator-bootstrap-staging\f7b4c5716faa-EF3F5C82A926\core\dotnet.exe
MSBuildDllPath: C:\perf\coordinator-bootstrap-staging\f7b4c5716faa-EF3F5C82A926\core\sdk\11.0.100-preview.5.26302.115\MSBuild.dll
WorkRoot: C:\w\vf
OutputRoot: C:\perf\results\vs-green-node-count-clean-server-20260806-111702\vs-green\block-006\attempt-01\N8\benchmark
Logical processors: 16
NodeBudget: 8
Slice: 0
Reservation: 0
PriorityAgingThreshold: 3
NormalBuildCount: 1
HighBuildCount: 0
Scenarios: no-coordinator
Starting no-coordinator-r1 (coordinator=False, high priority=Normal, /m:8)
[shutdown-no-coordinator-r1] C:\perf\coordinator-bootstrap-staging\f7b4c5716faa-EF3F5C82A926\core\dotnet.exe build-server shutdown
Shutting down MSBuild server...
Shutting down VB/C# compiler server...
MSBuild server shut down successfully.
VB/C# compiler server shut down successfully.
[shutdown-after-no-coordinator-r1] C:\perf\coordinator-bootstrap-staging\f7b4c5716faa-EF3F5C82A926\core\dotnet.exe build-server shutdown
Shutting down MSBuild server...
Shutting down VB/C# compiler server...
VB/C# compiler server shut down successfully.
MSBuild server shut down successfully.

[32;1mscenario      [0m[32;1m round[0m[32;1m useCoordinator[0m[32;1m highPriority[0m[32;1m nodeBudget[0m[32;1m slice[0m[32;1m reservation[0m[32;1m priorityAgingThreshold[0m[32;1m normalBuildCount[0m[32;1m h[0m
[32;1m              [0m[32;1m      [0m[32;1m               [0m[32;1m             [0m[32;1m           [0m[32;1m      [0m[32;1m            [0m[32;1m                       [0m[32;1m                 [0m[32;1m i[0m
[32;1m              [0m[32;1m      [0m[32;1m               [0m[32;1m             [0m[32;1m           [0m[32;1m      [0m[32;1m            [0m[32;1m                       [0m[32;1m                 [0m[32;1m g[0m
[32;1m              [0m[32;1m      [0m[32;1m               [0m[32;1m             [0m[32;1m           [0m[32;1m      [0m[32;1m            [0m[32;1m                       [0m[32;1m                 [0m[32;1m h[0m
[32;1m              [0m[32;1m      [0m[32;1m               [0m[32;1m             [0m[32;1m           [0m[32;1m      [0m[32;1m            [0m[32;1m                       [0m[32;1m                 [0m[32;1m B[0m
[32;1m              [0m[32;1m      [0m[32;1m               [0m[32;1m             [0m[32;1m           [0m[32;1m      [0m[32;1m            [0m[32;1m                       [0m[32;1m                 [0m[32;1m u[0m
[32;1m              [0m[32;1m      [0m[32;1m               [0m[32;1m             [0m[32;1m           [0m[32;1m      [0m[32;1m            [0m[32;1m                       [0m[32;1m                 [0m[32;1m i[0m
[32;1m              [0m[32;1m      [0m[32;1m               [0m[32;1m             [0m[32;1m           [0m[32;1m      [0m[32;1m            [0m[32;1m                       [0m[32;1m                 [0m[32;1m l[0m
[32;1m              [0m[32;1m      [0m[32;1m               [0m[32;1m             [0m[32;1m           [0m[32;1m      [0m[32;1m            [0m[32;1m                       [0m[32;1m                 [0m[32;1m d[0m
[32;1m              [0m[32;1m      [0m[32;1m               [0m[32;1m             [0m[32;1m           [0m[32;1m      [0m[32;1m            [0m[32;1m                       [0m[32;1m                 [0m[32;1m C[0m
[32;1m              [0m[32;1m      [0m[32;1m               [0m[32;1m             [0m[32;1m           [0m[32;1m      [0m[32;1m            [0m[32;1m                       [0m[32;1m                 [0m[32;1m o[0m
[32;1m              [0m[32;1m      [0m[32;1m               [0m[32;1m             [0m[32;1m           [0m[32;1m      [0m[32;1m            [0m[32;1m                       [0m[32;1m                 [0m[32;1m u[0m
[32;1m              [0m[32;1m      [0m[32;1m               [0m[32;1m             [0m[32;1m           [0m[32;1m      [0m[32;1m            [0m[32;1m                       [0m[32;1m                 [0m[32;1m n[0m
[32;1m              [0m[32;1m      [0m[32;1m               [0m[32;1m             [0m[32;1m           [0m[32;1m      [0m[32;1m            [0m[32;1m                       [0m[32;1m                 [0m[32;1m t[0m
[32;1m--------      [0m [32;1m-----[0m [32;1m--------------[0m [32;1m------------[0m [32;1m----------[0m [32;1m-----[0m [32;1m-----------[0m [32;1m----------------------[0m [32;1m----------------[0m [32;1m-[0m
no-coordinator     1          False Normal                8     0           0                      3                1 0

Summary CSV: C:\perf\results\vs-green-node-count-clean-server-20260806-111702\vs-green\block-006\attempt-01\N8\benchmark\scenario-summary.csv
HEAD is now at 7eaba546bc Merged PR 766163: Regenerate lscache files in Renovate post-upgrade tasks
BenchmarkRoot: C:\perf\repos\vs-green
RepositoryName: vs-green
BuildPath: server\dirs.proj
TouchFileRelativePath: server\src\CSDevKit.ReliabilityMonitor\Program.cs
DotNetPath: C:\perf\coordinator-bootstrap-staging\f7b4c5716faa-EF3F5C82A926\core\dotnet.exe
MSBuildDllPath: C:\perf\coordinator-bootstrap-staging\f7b4c5716faa-EF3F5C82A926\core\sdk\11.0.100-preview.5.26302.115\MSBuild.dll
WorkRoot: C:\w\vf
OutputRoot: C:\perf\results\vs-green-node-count-clean-server-20260806-111702\vs-green\block-007\attempt-01\N8\setup
Logical processors: 16
NodeBudget: 8
Slice: 4
Reservation: 4
PriorityAgingThreshold: 3
NormalBuildCount: 1
HighBuildCount: 0
Scenarios: no-coordinator
[restore-normal1] C:\perf\coordinator-bootstrap-staging\f7b4c5716faa-EF3F5C82A926\core\dotnet.exe C:\perf\coordinator-bootstrap-staging\f7b4c5716faa-EF3F5C82A926\core\sdk\11.0.100-preview.5.26302.115\MSBuild.dll server\dirs.proj /t:Restore /v:q /nodeReuse:false /p:UseSharedCompilation=false /p:Configuration=Debug
MSBuild version 18.8.0-preview-26302-115+f7b4c5716 for .NET

Build succeeded.
    0 Warning(s)
    0 Error(s)

Time Elapsed 00:00:02.65
Summary CSV: C:\perf\results\vs-green-node-count-clean-server-20260806-111702\vs-green\block-007\attempt-01\N8\setup\scenario-summary.csv
Shutting down MSBuild server...
Shutting down VB/C# compiler server...
VB/C# compiler server shut down successfully.
MSBuild server shut down successfully.
BenchmarkRoot: C:\perf\repos\vs-green
RepositoryName: vs-green-b7-a1-N8
BuildPath: server\dirs.proj
TouchFileRelativePath: server\src\CSDevKit.ReliabilityMonitor\Program.cs
DotNetPath: C:\perf\coordinator-bootstrap-staging\f7b4c5716faa-EF3F5C82A926\core\dotnet.exe
MSBuildDllPath: C:\perf\coordinator-bootstrap-staging\f7b4c5716faa-EF3F5C82A926\core\sdk\11.0.100-preview.5.26302.115\MSBuild.dll
WorkRoot: C:\w\vf
OutputRoot: C:\perf\results\vs-green-node-count-clean-server-20260806-111702\vs-green\block-007\attempt-01\N8\benchmark
Logical processors: 16
NodeBudget: 8
Slice: 0
Reservation: 0
PriorityAgingThreshold: 3
NormalBuildCount: 1
HighBuildCount: 0
Scenarios: no-coordinator
Starting no-coordinator-r1 (coordinator=False, high priority=Normal, /m:8)
[shutdown-no-coordinator-r1] C:\perf\coordinator-bootstrap-staging\f7b4c5716faa-EF3F5C82A926\core\dotnet.exe build-server shutdown
Shutting down MSBuild server...
Shutting down VB/C# compiler server...
VB/C# compiler server shut down successfully.
MSBuild server shut down successfully.
[shutdown-after-no-coordinator-r1] C:\perf\coordinator-bootstrap-staging\f7b4c5716faa-EF3F5C82A926\core\dotnet.exe build-server shutdown
Shutting down MSBuild server...
Shutting down VB/C# compiler server...
VB/C# compiler server shut down successfully.
MSBuild server shut down successfully.

[32;1mscenario      [0m[32;1m round[0m[32;1m useCoordinator[0m[32;1m highPriority[0m[32;1m nodeBudget[0m[32;1m slice[0m[32;1m reservation[0m[32;1m priorityAgingThreshold[0m[32;1m normalBuildCount[0m[32;1m h[0m
[32;1m              [0m[32;1m      [0m[32;1m               [0m[32;1m             [0m[32;1m           [0m[32;1m      [0m[32;1m            [0m[32;1m                       [0m[32;1m                 [0m[32;1m i[0m
[32;1m              [0m[32;1m      [0m[32;1m               [0m[32;1m             [0m[32;1m           [0m[32;1m      [0m[32;1m            [0m[32;1m                       [0m[32;1m                 [0m[32;1m g[0m
[32;1m              [0m[32;1m      [0m[32;1m               [0m[32;1m             [0m[32;1m           [0m[32;1m      [0m[32;1m            [0m[32;1m                       [0m[32;1m                 [0m[32;1m h[0m
[32;1m              [0m[32;1m      [0m[32;1m               [0m[32;1m             [0m[32;1m           [0m[32;1m      [0m[32;1m            [0m[32;1m                       [0m[32;1m                 [0m[32;1m B[0m
[32;1m              [0m[32;1m      [0m[32;1m               [0m[32;1m             [0m[32;1m           [0m[32;1m      [0m[32;1m            [0m[32;1m                       [0m[32;1m                 [0m[32;1m u[0m
[32;1m              [0m[32;1m      [0m[32;1m               [0m[32;1m             [0m[32;1m           [0m[32;1m      [0m[32;1m            [0m[32;1m                       [0m[32;1m                 [0m[32;1m i[0m
[32;1m              [0m[32;1m      [0m[32;1m               [0m[32;1m             [0m[32;1m           [0m[32;1m      [0m[32;1m            [0m[32;1m                       [0m[32;1m                 [0m[32;1m l[0m
[32;1m              [0m[32;1m      [0m[32;1m               [0m[32;1m             [0m[32;1m           [0m[32;1m      [0m[32;1m            [0m[32;1m                       [0m[32;1m                 [0m[32;1m d[0m
[32;1m              [0m[32;1m      [0m[32;1m               [0m[32;1m             [0m[32;1m           [0m[32;1m      [0m[32;1m            [0m[32;1m                       [0m[32;1m                 [0m[32;1m C[0m
[32;1m              [0m[32;1m      [0m[32;1m               [0m[32;1m             [0m[32;1m           [0m[32;1m      [0m[32;1m            [0m[32;1m                       [0m[32;1m                 [0m[32;1m o[0m
[32;1m              [0m[32;1m      [0m[32;1m               [0m[32;1m             [0m[32;1m           [0m[32;1m      [0m[32;1m            [0m[32;1m                       [0m[32;1m                 [0m[32;1m u[0m
[32;1m              [0m[32;1m      [0m[32;1m               [0m[32;1m             [0m[32;1m           [0m[32;1m      [0m[32;1m            [0m[32;1m                       [0m[32;1m                 [0m[32;1m n[0m
[32;1m              [0m[32;1m      [0m[32;1m               [0m[32;1m             [0m[32;1m           [0m[32;1m      [0m[32;1m            [0m[32;1m                       [0m[32;1m                 [0m[32;1m t[0m
[32;1m--------      [0m [32;1m-----[0m [32;1m--------------[0m [32;1m------------[0m [32;1m----------[0m [32;1m-----[0m [32;1m-----------[0m [32;1m----------------------[0m [32;1m----------------[0m [32;1m-[0m
no-coordinator     1          False Normal                8     0           0                      3                1 0

Summary CSV: C:\perf\results\vs-green-node-count-clean-server-20260806-111702\vs-green\block-007\attempt-01\N8\benchmark\scenario-summary.csv
HEAD is now at 7eaba546bc Merged PR 766163: Regenerate lscache files in Renovate post-upgrade tasks
BenchmarkRoot: C:\perf\repos\vs-green
RepositoryName: vs-green
BuildPath: server\dirs.proj
TouchFileRelativePath: server\src\CSDevKit.ReliabilityMonitor\Program.cs
DotNetPath: C:\perf\coordinator-bootstrap-staging\f7b4c5716faa-EF3F5C82A926\core\dotnet.exe
MSBuildDllPath: C:\perf\coordinator-bootstrap-staging\f7b4c5716faa-EF3F5C82A926\core\sdk\11.0.100-preview.5.26302.115\MSBuild.dll
WorkRoot: C:\w\vf
OutputRoot: C:\perf\results\vs-green-node-count-clean-server-20260806-111702\vs-green\block-007\attempt-01\N4\setup
Logical processors: 16
NodeBudget: 4
Slice: 4
Reservation: 4
PriorityAgingThreshold: 3
NormalBuildCount: 1
HighBuildCount: 0
Scenarios: no-coordinator
[restore-normal1] C:\perf\coordinator-bootstrap-staging\f7b4c5716faa-EF3F5C82A926\core\dotnet.exe C:\perf\coordinator-bootstrap-staging\f7b4c5716faa-EF3F5C82A926\core\sdk\11.0.100-preview.5.26302.115\MSBuild.dll server\dirs.proj /t:Restore /v:q /nodeReuse:false /p:UseSharedCompilation=false /p:Configuration=Debug
MSBuild version 18.8.0-preview-26302-115+f7b4c5716 for .NET

Build succeeded.
    0 Warning(s)
    0 Error(s)

Time Elapsed 00:00:03.43
Summary CSV: C:\perf\results\vs-green-node-count-clean-server-20260806-111702\vs-green\block-007\attempt-01\N4\setup\scenario-summary.csv
Shutting down MSBuild server...
Shutting down VB/C# compiler server...
VB/C# compiler server shut down successfully.
MSBuild server shut down successfully.
BenchmarkRoot: C:\perf\repos\vs-green
RepositoryName: vs-green-b7-a1-N4
BuildPath: server\dirs.proj
TouchFileRelativePath: server\src\CSDevKit.ReliabilityMonitor\Program.cs
DotNetPath: C:\perf\coordinator-bootstrap-staging\f7b4c5716faa-EF3F5C82A926\core\dotnet.exe
MSBuildDllPath: C:\perf\coordinator-bootstrap-staging\f7b4c5716faa-EF3F5C82A926\core\sdk\11.0.100-preview.5.26302.115\MSBuild.dll
WorkRoot: C:\w\vf
OutputRoot: C:\perf\results\vs-green-node-count-clean-server-20260806-111702\vs-green\block-007\attempt-01\N4\benchmark
Logical processors: 16
NodeBudget: 4
Slice: 0
Reservation: 0
PriorityAgingThreshold: 3
NormalBuildCount: 1
HighBuildCount: 0
Scenarios: no-coordinator
Starting no-coordinator-r1 (coordinator=False, high priority=Normal, /m:4)
[shutdown-no-coordinator-r1] C:\perf\coordinator-bootstrap-staging\f7b4c5716faa-EF3F5C82A926\core\dotnet.exe build-server shutdown
Shutting down MSBuild server...
Shutting down VB/C# compiler server...
VB/C# compiler server shut down successfully.
MSBuild server shut down successfully.
[shutdown-after-no-coordinator-r1] C:\perf\coordinator-bootstrap-staging\f7b4c5716faa-EF3F5C82A926\core\dotnet.exe build-server shutdown
Shutting down MSBuild server...
Shutting down VB/C# compiler server...
VB/C# compiler server shut down successfully.
MSBuild server shut down successfully.

[32;1mscenario      [0m[32;1m round[0m[32;1m useCoordinator[0m[32;1m highPriority[0m[32;1m nodeBudget[0m[32;1m slice[0m[32;1m reservation[0m[32;1m priorityAgingThreshold[0m[32;1m normalBuildCount[0m[32;1m h[0m
[32;1m              [0m[32;1m      [0m[32;1m               [0m[32;1m             [0m[32;1m           [0m[32;1m      [0m[32;1m            [0m[32;1m                       [0m[32;1m                 [0m[32;1m i[0m
[32;1m              [0m[32;1m      [0m[32;1m               [0m[32;1m             [0m[32;1m           [0m[32;1m      [0m[32;1m            [0m[32;1m                       [0m[32;1m                 [0m[32;1m g[0m
[32;1m              [0m[32;1m      [0m[32;1m               [0m[32;1m             [0m[32;1m           [0m[32;1m      [0m[32;1m            [0m[32;1m                       [0m[32;1m                 [0m[32;1m h[0m
[32;1m              [0m[32;1m      [0m[32;1m               [0m[32;1m             [0m[32;1m           [0m[32;1m      [0m[32;1m            [0m[32;1m                       [0m[32;1m                 [0m[32;1m B[0m
[32;1m              [0m[32;1m      [0m[32;1m               [0m[32;1m             [0m[32;1m           [0m[32;1m      [0m[32;1m            [0m[32;1m                       [0m[32;1m                 [0m[32;1m u[0m
[32;1m              [0m[32;1m      [0m[32;1m               [0m[32;1m             [0m[32;1m           [0m[32;1m      [0m[32;1m            [0m[32;1m                       [0m[32;1m                 [0m[32;1m i[0m
[32;1m              [0m[32;1m      [0m[32;1m               [0m[32;1m             [0m[32;1m           [0m[32;1m      [0m[32;1m            [0m[32;1m                       [0m[32;1m                 [0m[32;1m l[0m
[32;1m              [0m[32;1m      [0m[32;1m               [0m[32;1m             [0m[32;1m           [0m[32;1m      [0m[32;1m            [0m[32;1m                       [0m[32;1m                 [0m[32;1m d[0m
[32;1m              [0m[32;1m      [0m[32;1m               [0m[32;1m             [0m[32;1m           [0m[32;1m      [0m[32;1m            [0m[32;1m                       [0m[32;1m                 [0m[32;1m C[0m
[32;1m              [0m[32;1m      [0m[32;1m               [0m[32;1m             [0m[32;1m           [0m[32;1m      [0m[32;1m            [0m[32;1m                       [0m[32;1m                 [0m[32;1m o[0m
[32;1m              [0m[32;1m      [0m[32;1m               [0m[32;1m             [0m[32;1m           [0m[32;1m      [0m[32;1m            [0m[32;1m                       [0m[32;1m                 [0m[32;1m u[0m
[32;1m              [0m[32;1m      [0m[32;1m               [0m[32;1m             [0m[32;1m           [0m[32;1m      [0m[32;1m            [0m[32;1m                       [0m[32;1m                 [0m[32;1m n[0m
[32;1m              [0m[32;1m      [0m[32;1m               [0m[32;1m             [0m[32;1m           [0m[32;1m      [0m[32;1m            [0m[32;1m                       [0m[32;1m                 [0m[32;1m t[0m
[32;1m--------      [0m [32;1m-----[0m [32;1m--------------[0m [32;1m------------[0m [32;1m----------[0m [32;1m-----[0m [32;1m-----------[0m [32;1m----------------------[0m [32;1m----------------[0m [32;1m-[0m
no-coordinator     1          False Normal                4     0           0                      3                1 0

Summary CSV: C:\perf\results\vs-green-node-count-clean-server-20260806-111702\vs-green\block-007\attempt-01\N4\benchmark\scenario-summary.csv
HEAD is now at 7eaba546bc Merged PR 766163: Regenerate lscache files in Renovate post-upgrade tasks
BenchmarkRoot: C:\perf\repos\vs-green
RepositoryName: vs-green
BuildPath: server\dirs.proj
TouchFileRelativePath: server\src\CSDevKit.ReliabilityMonitor\Program.cs
DotNetPath: C:\perf\coordinator-bootstrap-staging\f7b4c5716faa-EF3F5C82A926\core\dotnet.exe
MSBuildDllPath: C:\perf\coordinator-bootstrap-staging\f7b4c5716faa-EF3F5C82A926\core\sdk\11.0.100-preview.5.26302.115\MSBuild.dll
WorkRoot: C:\w\vf
OutputRoot: C:\perf\results\vs-green-node-count-clean-server-20260806-111702\vs-green\block-007\attempt-01\N16\setup
Logical processors: 16
NodeBudget: 16
Slice: 4
Reservation: 4
PriorityAgingThreshold: 3
NormalBuildCount: 1
HighBuildCount: 0
Scenarios: no-coordinator
[restore-normal1] C:\perf\coordinator-bootstrap-staging\f7b4c5716faa-EF3F5C82A926\core\dotnet.exe C:\perf\coordinator-bootstrap-staging\f7b4c5716faa-EF3F5C82A926\core\sdk\11.0.100-preview.5.26302.115\MSBuild.dll server\dirs.proj /t:Restore /v:q /nodeReuse:false /p:UseSharedCompilation=false /p:Configuration=Debug
MSBuild version 18.8.0-preview-26302-115+f7b4c5716 for .NET

Build succeeded.
    0 Warning(s)
    0 Error(s)

Time Elapsed 00:00:02.57
Summary CSV: C:\perf\results\vs-green-node-count-clean-server-20260806-111702\vs-green\block-007\attempt-01\N16\setup\scenario-summary.csv
Shutting down MSBuild server...
Shutting down VB/C# compiler server...
VB/C# compiler server shut down successfully.
MSBuild server shut down successfully.
BenchmarkRoot: C:\perf\repos\vs-green
RepositoryName: vs-green-b7-a1-N16
BuildPath: server\dirs.proj
TouchFileRelativePath: server\src\CSDevKit.ReliabilityMonitor\Program.cs
DotNetPath: C:\perf\coordinator-bootstrap-staging\f7b4c5716faa-EF3F5C82A926\core\dotnet.exe
MSBuildDllPath: C:\perf\coordinator-bootstrap-staging\f7b4c5716faa-EF3F5C82A926\core\sdk\11.0.100-preview.5.26302.115\MSBuild.dll
WorkRoot: C:\w\vf
OutputRoot: C:\perf\results\vs-green-node-count-clean-server-20260806-111702\vs-green\block-007\attempt-01\N16\benchmark
Logical processors: 16
NodeBudget: 16
Slice: 0
Reservation: 0
PriorityAgingThreshold: 3
NormalBuildCount: 1
HighBuildCount: 0
Scenarios: no-coordinator
Starting no-coordinator-r1 (coordinator=False, high priority=Normal, /m:16)
[shutdown-no-coordinator-r1] C:\perf\coordinator-bootstrap-staging\f7b4c5716faa-EF3F5C82A926\core\dotnet.exe build-server shutdown
Shutting down MSBuild server...
Shutting down VB/C# compiler server...
VB/C# compiler server shut down successfully.
MSBuild server shut down successfully.
[shutdown-after-no-coordinator-r1] C:\perf\coordinator-bootstrap-staging\f7b4c5716faa-EF3F5C82A926\core\dotnet.exe build-server shutdown
Shutting down MSBuild server...
Shutting down VB/C# compiler server...
VB/C# compiler server shut down successfully.
MSBuild server shut down successfully.

[32;1mscenario      [0m[32;1m round[0m[32;1m useCoordinator[0m[32;1m highPriority[0m[32;1m nodeBudget[0m[32;1m slice[0m[32;1m reservation[0m[32;1m priorityAgingThreshold[0m[32;1m normalBuildCount[0m[32;1m h[0m
[32;1m              [0m[32;1m      [0m[32;1m               [0m[32;1m             [0m[32;1m           [0m[32;1m      [0m[32;1m            [0m[32;1m                       [0m[32;1m                 [0m[32;1m i[0m
[32;1m              [0m[32;1m      [0m[32;1m               [0m[32;1m             [0m[32;1m           [0m[32;1m      [0m[32;1m            [0m[32;1m                       [0m[32;1m                 [0m[32;1m g[0m
[32;1m              [0m[32;1m      [0m[32;1m               [0m[32;1m             [0m[32;1m           [0m[32;1m      [0m[32;1m            [0m[32;1m                       [0m[32;1m                 [0m[32;1m h[0m
[32;1m              [0m[32;1m      [0m[32;1m               [0m[32;1m             [0m[32;1m           [0m[32;1m      [0m[32;1m            [0m[32;1m                       [0m[32;1m                 [0m[32;1m B[0m
[32;1m              [0m[32;1m      [0m[32;1m               [0m[32;1m             [0m[32;1m           [0m[32;1m      [0m[32;1m            [0m[32;1m                       [0m[32;1m                 [0m[32;1m u[0m
[32;1m              [0m[32;1m      [0m[32;1m               [0m[32;1m             [0m[32;1m           [0m[32;1m      [0m[32;1m            [0m[32;1m                       [0m[32;1m                 [0m[32;1m i[0m
[32;1m              [0m[32;1m      [0m[32;1m               [0m[32;1m             [0m[32;1m           [0m[32;1m      [0m[32;1m            [0m[32;1m                       [0m[32;1m                 [0m[32;1m l[0m
[32;1m              [0m[32;1m      [0m[32;1m               [0m[32;1m             [0m[32;1m           [0m[32;1m      [0m[32;1m            [0m[32;1m                       [0m[32;1m                 [0m[32;1m d[0m
[32;1m              [0m[32;1m      [0m[32;1m               [0m[32;1m             [0m[32;1m           [0m[32;1m      [0m[32;1m            [0m[32;1m                       [0m[32;1m                 [0m[32;1m C[0m
[32;1m              [0m[32;1m      [0m[32;1m               [0m[32;1m             [0m[32;1m           [0m[32;1m      [0m[32;1m            [0m[32;1m                       [0m[32;1m                 [0m[32;1m o[0m
[32;1m              [0m[32;1m      [0m[32;1m               [0m[32;1m             [0m[32;1m           [0m[32;1m      [0m[32;1m            [0m[32;1m                       [0m[32;1m                 [0m[32;1m u[0m
[32;1m              [0m[32;1m      [0m[32;1m               [0m[32;1m             [0m[32;1m           [0m[32;1m      [0m[32;1m            [0m[32;1m                       [0m[32;1m                 [0m[32;1m n[0m
[32;1m              [0m[32;1m      [0m[32;1m               [0m[32;1m             [0m[32;1m           [0m[32;1m      [0m[32;1m            [0m[32;1m                       [0m[32;1m                 [0m[32;1m t[0m
[32;1m--------      [0m [32;1m-----[0m [32;1m--------------[0m [32;1m------------[0m [32;1m----------[0m [32;1m-----[0m [32;1m-----------[0m [32;1m----------------------[0m [32;1m----------------[0m [32;1m-[0m
no-coordinator     1          False Normal               16     0           0                      3                1 0

Summary CSV: C:\perf\results\vs-green-node-count-clean-server-20260806-111702\vs-green\block-007\attempt-01\N16\benchmark\scenario-summary.csv
HEAD is now at 7eaba546bc Merged PR 766163: Regenerate lscache files in Renovate post-upgrade tasks
BenchmarkRoot: C:\perf\repos\vs-green
RepositoryName: vs-green
BuildPath: server\dirs.proj
TouchFileRelativePath: server\src\CSDevKit.ReliabilityMonitor\Program.cs
DotNetPath: C:\perf\coordinator-bootstrap-staging\f7b4c5716faa-EF3F5C82A926\core\dotnet.exe
MSBuildDllPath: C:\perf\coordinator-bootstrap-staging\f7b4c5716faa-EF3F5C82A926\core\sdk\11.0.100-preview.5.26302.115\MSBuild.dll
WorkRoot: C:\w\vf
OutputRoot: C:\perf\results\vs-green-node-count-clean-server-20260806-111702\vs-green\block-008\attempt-01\N4\setup
Logical processors: 16
NodeBudget: 4
Slice: 4
Reservation: 4
PriorityAgingThreshold: 3
NormalBuildCount: 1
HighBuildCount: 0
Scenarios: no-coordinator
[restore-normal1] C:\perf\coordinator-bootstrap-staging\f7b4c5716faa-EF3F5C82A926\core\dotnet.exe C:\perf\coordinator-bootstrap-staging\f7b4c5716faa-EF3F5C82A926\core\sdk\11.0.100-preview.5.26302.115\MSBuild.dll server\dirs.proj /t:Restore /v:q /nodeReuse:false /p:UseSharedCompilation=false /p:Configuration=Debug
MSBuild version 18.8.0-preview-26302-115+f7b4c5716 for .NET

Build succeeded.
    0 Warning(s)
    0 Error(s)

Time Elapsed 00:00:02.56
Summary CSV: C:\perf\results\vs-green-node-count-clean-server-20260806-111702\vs-green\block-008\attempt-01\N4\setup\scenario-summary.csv
Shutting down MSBuild server...
Shutting down VB/C# compiler server...
VB/C# compiler server shut down successfully.
MSBuild server shut down successfully.
BenchmarkRoot: C:\perf\repos\vs-green
RepositoryName: vs-green-b8-a1-N4
BuildPath: server\dirs.proj
TouchFileRelativePath: server\src\CSDevKit.ReliabilityMonitor\Program.cs
DotNetPath: C:\perf\coordinator-bootstrap-staging\f7b4c5716faa-EF3F5C82A926\core\dotnet.exe
MSBuildDllPath: C:\perf\coordinator-bootstrap-staging\f7b4c5716faa-EF3F5C82A926\core\sdk\11.0.100-preview.5.26302.115\MSBuild.dll
WorkRoot: C:\w\vf
OutputRoot: C:\perf\results\vs-green-node-count-clean-server-20260806-111702\vs-green\block-008\attempt-01\N4\benchmark
Logical processors: 16
NodeBudget: 4
Slice: 0
Reservation: 0
PriorityAgingThreshold: 3
NormalBuildCount: 1
HighBuildCount: 0
Scenarios: no-coordinator
Starting no-coordinator-r1 (coordinator=False, high priority=Normal, /m:4)
[shutdown-no-coordinator-r1] C:\perf\coordinator-bootstrap-staging\f7b4c5716faa-EF3F5C82A926\core\dotnet.exe build-server shutdown
Shutting down MSBuild server...
Shutting down VB/C# compiler server...
MSBuild server shut down successfully.
VB/C# compiler server shut down successfully.
[shutdown-after-no-coordinator-r1] C:\perf\coordinator-bootstrap-staging\f7b4c5716faa-EF3F5C82A926\core\dotnet.exe build-server shutdown
Shutting down MSBuild server...
Shutting down VB/C# compiler server...
VB/C# compiler server shut down successfully.
MSBuild server shut down successfully.

[32;1mscenario      [0m[32;1m round[0m[32;1m useCoordinator[0m[32;1m highPriority[0m[32;1m nodeBudget[0m[32;1m slice[0m[32;1m reservation[0m[32;1m priorityAgingThreshold[0m[32;1m normalBuildCount[0m[32;1m h[0m
[32;1m              [0m[32;1m      [0m[32;1m               [0m[32;1m             [0m[32;1m           [0m[32;1m      [0m[32;1m            [0m[32;1m                       [0m[32;1m                 [0m[32;1m i[0m
[32;1m              [0m[32;1m      [0m[32;1m               [0m[32;1m             [0m[32;1m           [0m[32;1m      [0m[32;1m            [0m[32;1m                       [0m[32;1m                 [0m[32;1m g[0m
[32;1m              [0m[32;1m      [0m[32;1m               [0m[32;1m             [0m[32;1m           [0m[32;1m      [0m[32;1m            [0m[32;1m                       [0m[32;1m                 [0m[32;1m h[0m
[32;1m              [0m[32;1m      [0m[32;1m               [0m[32;1m             [0m[32;1m           [0m[32;1m      [0m[32;1m            [0m[32;1m                       [0m[32;1m                 [0m[32;1m B[0m
[32;1m              [0m[32;1m      [0m[32;1m               [0m[32;1m             [0m[32;1m           [0m[32;1m      [0m[32;1m            [0m[32;1m                       [0m[32;1m                 [0m[32;1m u[0m
[32;1m              [0m[32;1m      [0m[32;1m               [0m[32;1m             [0m[32;1m           [0m[32;1m      [0m[32;1m            [0m[32;1m                       [0m[32;1m                 [0m[32;1m i[0m
[32;1m              [0m[32;1m      [0m[32;1m               [0m[32;1m             [0m[32;1m           [0m[32;1m      [0m[32;1m            [0m[32;1m                       [0m[32;1m                 [0m[32;1m l[0m
[32;1m              [0m[32;1m      [0m[32;1m               [0m[32;1m             [0m[32;1m           [0m[32;1m      [0m[32;1m            [0m[32;1m                       [0m[32;1m                 [0m[32;1m d[0m
[32;1m              [0m[32;1m      [0m[32;1m               [0m[32;1m             [0m[32;1m           [0m[32;1m      [0m[32;1m            [0m[32;1m                       [0m[32;1m                 [0m[32;1m C[0m
[32;1m              [0m[32;1m      [0m[32;1m               [0m[32;1m             [0m[32;1m           [0m[32;1m      [0m[32;1m            [0m[32;1m                       [0m[32;1m                 [0m[32;1m o[0m
[32;1m              [0m[32;1m      [0m[32;1m               [0m[32;1m             [0m[32;1m           [0m[32;1m      [0m[32;1m            [0m[32;1m                       [0m[32;1m                 [0m[32;1m u[0m
[32;1m              [0m[32;1m      [0m[32;1m               [0m[32;1m             [0m[32;1m           [0m[32;1m      [0m[32;1m            [0m[32;1m                       [0m[32;1m                 [0m[32;1m n[0m
[32;1m              [0m[32;1m      [0m[32;1m               [0m[32;1m             [0m[32;1m           [0m[32;1m      [0m[32;1m            [0m[32;1m                       [0m[32;1m                 [0m[32;1m t[0m
[32;1m--------      [0m [32;1m-----[0m [32;1m--------------[0m [32;1m------------[0m [32;1m----------[0m [32;1m-----[0m [32;1m-----------[0m [32;1m----------------------[0m [32;1m----------------[0m [32;1m-[0m
no-coordinator     1          False Normal                4     0           0                      3                1 0

Summary CSV: C:\perf\results\vs-green-node-count-clean-server-20260806-111702\vs-green\block-008\attempt-01\N4\benchmark\scenario-summary.csv
HEAD is now at 7eaba546bc Merged PR 766163: Regenerate lscache files in Renovate post-upgrade tasks
BenchmarkRoot: C:\perf\repos\vs-green
RepositoryName: vs-green
BuildPath: server\dirs.proj
TouchFileRelativePath: server\src\CSDevKit.ReliabilityMonitor\Program.cs
DotNetPath: C:\perf\coordinator-bootstrap-staging\f7b4c5716faa-EF3F5C82A926\core\dotnet.exe
MSBuildDllPath: C:\perf\coordinator-bootstrap-staging\f7b4c5716faa-EF3F5C82A926\core\sdk\11.0.100-preview.5.26302.115\MSBuild.dll
WorkRoot: C:\w\vf
OutputRoot: C:\perf\results\vs-green-node-count-clean-server-20260806-111702\vs-green\block-008\attempt-01\N8\setup
Logical processors: 16
NodeBudget: 8
Slice: 4
Reservation: 4
PriorityAgingThreshold: 3
NormalBuildCount: 1
HighBuildCount: 0
Scenarios: no-coordinator
[restore-normal1] C:\perf\coordinator-bootstrap-staging\f7b4c5716faa-EF3F5C82A926\core\dotnet.exe C:\perf\coordinator-bootstrap-staging\f7b4c5716faa-EF3F5C82A926\core\sdk\11.0.100-preview.5.26302.115\MSBuild.dll server\dirs.proj /t:Restore /v:q /nodeReuse:false /p:UseSharedCompilation=false /p:Configuration=Debug
MSBuild version 18.8.0-preview-26302-115+f7b4c5716 for .NET

Build succeeded.
    0 Warning(s)
    0 Error(s)

Time Elapsed 00:00:02.61
Summary CSV: C:\perf\results\vs-green-node-count-clean-server-20260806-111702\vs-green\block-008\attempt-01\N8\setup\scenario-summary.csv
Shutting down MSBuild server...
Shutting down VB/C# compiler server...
VB/C# compiler server shut down successfully.
MSBuild server shut down successfully.
BenchmarkRoot: C:\perf\repos\vs-green
RepositoryName: vs-green-b8-a1-N8
BuildPath: server\dirs.proj
TouchFileRelativePath: server\src\CSDevKit.ReliabilityMonitor\Program.cs
DotNetPath: C:\perf\coordinator-bootstrap-staging\f7b4c5716faa-EF3F5C82A926\core\dotnet.exe
MSBuildDllPath: C:\perf\coordinator-bootstrap-staging\f7b4c5716faa-EF3F5C82A926\core\sdk\11.0.100-preview.5.26302.115\MSBuild.dll
WorkRoot: C:\w\vf
OutputRoot: C:\perf\results\vs-green-node-count-clean-server-20260806-111702\vs-green\block-008\attempt-01\N8\benchmark
Logical processors: 16
NodeBudget: 8
Slice: 0
Reservation: 0
PriorityAgingThreshold: 3
NormalBuildCount: 1
HighBuildCount: 0
Scenarios: no-coordinator
Starting no-coordinator-r1 (coordinator=False, high priority=Normal, /m:8)
[shutdown-no-coordinator-r1] C:\perf\coordinator-bootstrap-staging\f7b4c5716faa-EF3F5C82A926\core\dotnet.exe build-server shutdown
Shutting down MSBuild server...
Shutting down VB/C# compiler server...
VB/C# compiler server shut down successfully.
MSBuild server shut down successfully.
[shutdown-after-no-coordinator-r1] C:\perf\coordinator-bootstrap-staging\f7b4c5716faa-EF3F5C82A926\core\dotnet.exe build-server shutdown
Shutting down MSBuild server...
Shutting down VB/C# compiler server...
VB/C# compiler server shut down successfully.
MSBuild server shut down successfully.

[32;1mscenario      [0m[32;1m round[0m[32;1m useCoordinator[0m[32;1m highPriority[0m[32;1m nodeBudget[0m[32;1m slice[0m[32;1m reservation[0m[32;1m priorityAgingThreshold[0m[32;1m normalBuildCount[0m[32;1m h[0m
[32;1m              [0m[32;1m      [0m[32;1m               [0m[32;1m             [0m[32;1m           [0m[32;1m      [0m[32;1m            [0m[32;1m                       [0m[32;1m                 [0m[32;1m i[0m
[32;1m              [0m[32;1m      [0m[32;1m               [0m[32;1m             [0m[32;1m           [0m[32;1m      [0m[32;1m            [0m[32;1m                       [0m[32;1m                 [0m[32;1m g[0m
[32;1m              [0m[32;1m      [0m[32;1m               [0m[32;1m             [0m[32;1m           [0m[32;1m      [0m[32;1m            [0m[32;1m                       [0m[32;1m                 [0m[32;1m h[0m
[32;1m              [0m[32;1m      [0m[32;1m               [0m[32;1m             [0m[32;1m           [0m[32;1m      [0m[32;1m            [0m[32;1m                       [0m[32;1m                 [0m[32;1m B[0m
[32;1m              [0m[32;1m      [0m[32;1m               [0m[32;1m             [0m[32;1m           [0m[32;1m      [0m[32;1m            [0m[32;1m                       [0m[32;1m                 [0m[32;1m u[0m
[32;1m              [0m[32;1m      [0m[32;1m               [0m[32;1m             [0m[32;1m           [0m[32;1m      [0m[32;1m            [0m[32;1m                       [0m[32;1m                 [0m[32;1m i[0m
[32;1m              [0m[32;1m      [0m[32;1m               [0m[32;1m             [0m[32;1m           [0m[32;1m      [0m[32;1m            [0m[32;1m                       [0m[32;1m                 [0m[32;1m l[0m
[32;1m              [0m[32;1m      [0m[32;1m               [0m[32;1m             [0m[32;1m           [0m[32;1m      [0m[32;1m            [0m[32;1m                       [0m[32;1m                 [0m[32;1m d[0m
[32;1m              [0m[32;1m      [0m[32;1m               [0m[32;1m             [0m[32;1m           [0m[32;1m      [0m[32;1m            [0m[32;1m                       [0m[32;1m                 [0m[32;1m C[0m
[32;1m              [0m[32;1m      [0m[32;1m               [0m[32;1m             [0m[32;1m           [0m[32;1m      [0m[32;1m            [0m[32;1m                       [0m[32;1m                 [0m[32;1m o[0m
[32;1m              [0m[32;1m      [0m[32;1m               [0m[32;1m             [0m[32;1m           [0m[32;1m      [0m[32;1m            [0m[32;1m                       [0m[32;1m                 [0m[32;1m u[0m
[32;1m              [0m[32;1m      [0m[32;1m               [0m[32;1m             [0m[32;1m           [0m[32;1m      [0m[32;1m            [0m[32;1m                       [0m[32;1m                 [0m[32;1m n[0m
[32;1m              [0m[32;1m      [0m[32;1m               [0m[32;1m             [0m[32;1m           [0m[32;1m      [0m[32;1m            [0m[32;1m                       [0m[32;1m                 [0m[32;1m t[0m
[32;1m--------      [0m [32;1m-----[0m [32;1m--------------[0m [32;1m------------[0m [32;1m----------[0m [32;1m-----[0m [32;1m-----------[0m [32;1m----------------------[0m [32;1m----------------[0m [32;1m-[0m
no-coordinator     1          False Normal                8     0           0                      3                1 0

Summary CSV: C:\perf\results\vs-green-node-count-clean-server-20260806-111702\vs-green\block-008\attempt-01\N8\benchmark\scenario-summary.csv
HEAD is now at 7eaba546bc Merged PR 766163: Regenerate lscache files in Renovate post-upgrade tasks
BenchmarkRoot: C:\perf\repos\vs-green
RepositoryName: vs-green
BuildPath: server\dirs.proj
TouchFileRelativePath: server\src\CSDevKit.ReliabilityMonitor\Program.cs
DotNetPath: C:\perf\coordinator-bootstrap-staging\f7b4c5716faa-EF3F5C82A926\core\dotnet.exe
MSBuildDllPath: C:\perf\coordinator-bootstrap-staging\f7b4c5716faa-EF3F5C82A926\core\sdk\11.0.100-preview.5.26302.115\MSBuild.dll
WorkRoot: C:\w\vf
OutputRoot: C:\perf\results\vs-green-node-count-clean-server-20260806-111702\vs-green\block-008\attempt-01\N16\setup
Logical processors: 16
NodeBudget: 16
Slice: 4
Reservation: 4
PriorityAgingThreshold: 3
NormalBuildCount: 1
HighBuildCount: 0
Scenarios: no-coordinator
[restore-normal1] C:\perf\coordinator-bootstrap-staging\f7b4c5716faa-EF3F5C82A926\core\dotnet.exe C:\perf\coordinator-bootstrap-staging\f7b4c5716faa-EF3F5C82A926\core\sdk\11.0.100-preview.5.26302.115\MSBuild.dll server\dirs.proj /t:Restore /v:q /nodeReuse:false /p:UseSharedCompilation=false /p:Configuration=Debug
MSBuild version 18.8.0-preview-26302-115+f7b4c5716 for .NET

Build succeeded.
    0 Warning(s)
    0 Error(s)

Time Elapsed 00:00:05.11
Summary CSV: C:\perf\results\vs-green-node-count-clean-server-20260806-111702\vs-green\block-008\attempt-01\N16\setup\scenario-summary.csv
Shutting down MSBuild server...
Shutting down VB/C# compiler server...
VB/C# compiler server shut down successfully.
MSBuild server shut down successfully.
BenchmarkRoot: C:\perf\repos\vs-green
RepositoryName: vs-green-b8-a1-N16
BuildPath: server\dirs.proj
TouchFileRelativePath: server\src\CSDevKit.ReliabilityMonitor\Program.cs
DotNetPath: C:\perf\coordinator-bootstrap-staging\f7b4c5716faa-EF3F5C82A926\core\dotnet.exe
MSBuildDllPath: C:\perf\coordinator-bootstrap-staging\f7b4c5716faa-EF3F5C82A926\core\sdk\11.0.100-preview.5.26302.115\MSBuild.dll
WorkRoot: C:\w\vf
OutputRoot: C:\perf\results\vs-green-node-count-clean-server-20260806-111702\vs-green\block-008\attempt-01\N16\benchmark
Logical processors: 16
NodeBudget: 16
Slice: 0
Reservation: 0
PriorityAgingThreshold: 3
NormalBuildCount: 1
HighBuildCount: 0
Scenarios: no-coordinator
Starting no-coordinator-r1 (coordinator=False, high priority=Normal, /m:16)
[shutdown-no-coordinator-r1] C:\perf\coordinator-bootstrap-staging\f7b4c5716faa-EF3F5C82A926\core\dotnet.exe build-server shutdown
Shutting down MSBuild server...
Shutting down VB/C# compiler server...
VB/C# compiler server shut down successfully.
MSBuild server shut down successfully.
[shutdown-after-no-coordinator-r1] C:\perf\coordinator-bootstrap-staging\f7b4c5716faa-EF3F5C82A926\core\dotnet.exe build-server shutdown
Shutting down MSBuild server...
Shutting down VB/C# compiler server...
VB/C# compiler server shut down successfully.
MSBuild server shut down successfully.

[32;1mscenario      [0m[32;1m round[0m[32;1m useCoordinator[0m[32;1m highPriority[0m[32;1m nodeBudget[0m[32;1m slice[0m[32;1m reservation[0m[32;1m priorityAgingThreshold[0m[32;1m normalBuildCount[0m[32;1m h[0m
[32;1m              [0m[32;1m      [0m[32;1m               [0m[32;1m             [0m[32;1m           [0m[32;1m      [0m[32;1m            [0m[32;1m                       [0m[32;1m                 [0m[32;1m i[0m
[32;1m              [0m[32;1m      [0m[32;1m               [0m[32;1m             [0m[32;1m           [0m[32;1m      [0m[32;1m            [0m[32;1m                       [0m[32;1m                 [0m[32;1m g[0m
[32;1m              [0m[32;1m      [0m[32;1m               [0m[32;1m             [0m[32;1m           [0m[32;1m      [0m[32;1m            [0m[32;1m                       [0m[32;1m                 [0m[32;1m h[0m
[32;1m              [0m[32;1m      [0m[32;1m               [0m[32;1m             [0m[32;1m           [0m[32;1m      [0m[32;1m            [0m[32;1m                       [0m[32;1m                 [0m[32;1m B[0m
[32;1m              [0m[32;1m      [0m[32;1m               [0m[32;1m             [0m[32;1m           [0m[32;1m      [0m[32;1m            [0m[32;1m                       [0m[32;1m                 [0m[32;1m u[0m
[32;1m              [0m[32;1m      [0m[32;1m               [0m[32;1m             [0m[32;1m           [0m[32;1m      [0m[32;1m            [0m[32;1m                       [0m[32;1m                 [0m[32;1m i[0m
[32;1m              [0m[32;1m      [0m[32;1m               [0m[32;1m             [0m[32;1m           [0m[32;1m      [0m[32;1m            [0m[32;1m                       [0m[32;1m                 [0m[32;1m l[0m
[32;1m              [0m[32;1m      [0m[32;1m               [0m[32;1m             [0m[32;1m           [0m[32;1m      [0m[32;1m            [0m[32;1m                       [0m[32;1m                 [0m[32;1m d[0m
[32;1m              [0m[32;1m      [0m[32;1m               [0m[32;1m             [0m[32;1m           [0m[32;1m      [0m[32;1m            [0m[32;1m                       [0m[32;1m                 [0m[32;1m C[0m
[32;1m              [0m[32;1m      [0m[32;1m               [0m[32;1m             [0m[32;1m           [0m[32;1m      [0m[32;1m            [0m[32;1m                       [0m[32;1m                 [0m[32;1m o[0m
[32;1m              [0m[32;1m      [0m[32;1m               [0m[32;1m             [0m[32;1m           [0m[32;1m      [0m[32;1m            [0m[32;1m                       [0m[32;1m                 [0m[32;1m u[0m
[32;1m              [0m[32;1m      [0m[32;1m               [0m[32;1m             [0m[32;1m           [0m[32;1m      [0m[32;1m            [0m[32;1m                       [0m[32;1m                 [0m[32;1m n[0m
[32;1m              [0m[32;1m      [0m[32;1m               [0m[32;1m             [0m[32;1m           [0m[32;1m      [0m[32;1m            [0m[32;1m                       [0m[32;1m                 [0m[32;1m t[0m
[32;1m--------      [0m [32;1m-----[0m [32;1m--------------[0m [32;1m------------[0m [32;1m----------[0m [32;1m-----[0m [32;1m-----------[0m [32;1m----------------------[0m [32;1m----------------[0m [32;1m-[0m
no-coordinator     1          False Normal               16     0           0                      3                1 0

Summary CSV: C:\perf\results\vs-green-node-count-clean-server-20260806-111702\vs-green\block-008\attempt-01\N16\benchmark\scenario-summary.csv
HEAD is now at 7eaba546bc Merged PR 766163: Regenerate lscache files in Renovate post-upgrade tasks
BenchmarkRoot: C:\perf\repos\vs-green
RepositoryName: vs-green
BuildPath: server\dirs.proj
TouchFileRelativePath: server\src\CSDevKit.ReliabilityMonitor\Program.cs
DotNetPath: C:\perf\coordinator-bootstrap-staging\f7b4c5716faa-EF3F5C82A926\core\dotnet.exe
MSBuildDllPath: C:\perf\coordinator-bootstrap-staging\f7b4c5716faa-EF3F5C82A926\core\sdk\11.0.100-preview.5.26302.115\MSBuild.dll
WorkRoot: C:\w\vf
OutputRoot: C:\perf\results\vs-green-node-count-clean-server-20260806-111702\vs-green\block-009\attempt-01\N8\setup
Logical processors: 16
NodeBudget: 8
Slice: 4
Reservation: 4
PriorityAgingThreshold: 3
NormalBuildCount: 1
HighBuildCount: 0
Scenarios: no-coordinator
[restore-normal1] C:\perf\coordinator-bootstrap-staging\f7b4c5716faa-EF3F5C82A926\core\dotnet.exe C:\perf\coordinator-bootstrap-staging\f7b4c5716faa-EF3F5C82A926\core\sdk\11.0.100-preview.5.26302.115\MSBuild.dll server\dirs.proj /t:Restore /v:q /nodeReuse:false /p:UseSharedCompilation=false /p:Configuration=Debug
MSBuild version 18.8.0-preview-26302-115+f7b4c5716 for .NET

Build succeeded.
    0 Warning(s)
    0 Error(s)

Time Elapsed 00:00:02.58
Summary CSV: C:\perf\results\vs-green-node-count-clean-server-20260806-111702\vs-green\block-009\attempt-01\N8\setup\scenario-summary.csv
Shutting down MSBuild server...
Shutting down VB/C# compiler server...
VB/C# compiler server shut down successfully.
MSBuild server shut down successfully.
BenchmarkRoot: C:\perf\repos\vs-green
RepositoryName: vs-green-b9-a1-N8
BuildPath: server\dirs.proj
TouchFileRelativePath: server\src\CSDevKit.ReliabilityMonitor\Program.cs
DotNetPath: C:\perf\coordinator-bootstrap-staging\f7b4c5716faa-EF3F5C82A926\core\dotnet.exe
MSBuildDllPath: C:\perf\coordinator-bootstrap-staging\f7b4c5716faa-EF3F5C82A926\core\sdk\11.0.100-preview.5.26302.115\MSBuild.dll
WorkRoot: C:\w\vf
OutputRoot: C:\perf\results\vs-green-node-count-clean-server-20260806-111702\vs-green\block-009\attempt-01\N8\benchmark
Logical processors: 16
NodeBudget: 8
Slice: 0
Reservation: 0
PriorityAgingThreshold: 3
NormalBuildCount: 1
HighBuildCount: 0
Scenarios: no-coordinator
Starting no-coordinator-r1 (coordinator=False, high priority=Normal, /m:8)
[shutdown-no-coordinator-r1] C:\perf\coordinator-bootstrap-staging\f7b4c5716faa-EF3F5C82A926\core\dotnet.exe build-server shutdown
Shutting down MSBuild server...
Shutting down VB/C# compiler server...
VB/C# compiler server shut down successfully.
MSBuild server shut down successfully.
[shutdown-after-no-coordinator-r1] C:\perf\coordinator-bootstrap-staging\f7b4c5716faa-EF3F5C82A926\core\dotnet.exe build-server shutdown
Shutting down MSBuild server...
Shutting down VB/C# compiler server...
VB/C# compiler server shut down successfully.
MSBuild server shut down successfully.

[32;1mscenario      [0m[32;1m round[0m[32;1m useCoordinator[0m[32;1m highPriority[0m[32;1m nodeBudget[0m[32;1m slice[0m[32;1m reservation[0m[32;1m priorityAgingThreshold[0m[32;1m normalBuildCount[0m[32;1m h[0m
[32;1m              [0m[32;1m      [0m[32;1m               [0m[32;1m             [0m[32;1m           [0m[32;1m      [0m[32;1m            [0m[32;1m                       [0m[32;1m                 [0m[32;1m i[0m
[32;1m              [0m[32;1m      [0m[32;1m               [0m[32;1m             [0m[32;1m           [0m[32;1m      [0m[32;1m            [0m[32;1m                       [0m[32;1m                 [0m[32;1m g[0m
[32;1m              [0m[32;1m      [0m[32;1m               [0m[32;1m             [0m[32;1m           [0m[32;1m      [0m[32;1m            [0m[32;1m                       [0m[32;1m                 [0m[32;1m h[0m
[32;1m              [0m[32;1m      [0m[32;1m               [0m[32;1m             [0m[32;1m           [0m[32;1m      [0m[32;1m            [0m[32;1m                       [0m[32;1m                 [0m[32;1m B[0m
[32;1m              [0m[32;1m      [0m[32;1m               [0m[32;1m             [0m[32;1m           [0m[32;1m      [0m[32;1m            [0m[32;1m                       [0m[32;1m                 [0m[32;1m u[0m
[32;1m              [0m[32;1m      [0m[32;1m               [0m[32;1m             [0m[32;1m           [0m[32;1m      [0m[32;1m            [0m[32;1m                       [0m[32;1m                 [0m[32;1m i[0m
[32;1m              [0m[32;1m      [0m[32;1m               [0m[32;1m             [0m[32;1m           [0m[32;1m      [0m[32;1m            [0m[32;1m                       [0m[32;1m                 [0m[32;1m l[0m
[32;1m              [0m[32;1m      [0m[32;1m               [0m[32;1m             [0m[32;1m           [0m[32;1m      [0m[32;1m            [0m[32;1m                       [0m[32;1m                 [0m[32;1m d[0m
[32;1m              [0m[32;1m      [0m[32;1m               [0m[32;1m             [0m[32;1m           [0m[32;1m      [0m[32;1m            [0m[32;1m                       [0m[32;1m                 [0m[32;1m C[0m
[32;1m              [0m[32;1m      [0m[32;1m               [0m[32;1m             [0m[32;1m           [0m[32;1m      [0m[32;1m            [0m[32;1m                       [0m[32;1m                 [0m[32;1m o[0m
[32;1m              [0m[32;1m      [0m[32;1m               [0m[32;1m             [0m[32;1m           [0m[32;1m      [0m[32;1m            [0m[32;1m                       [0m[32;1m                 [0m[32;1m u[0m
[32;1m              [0m[32;1m      [0m[32;1m               [0m[32;1m             [0m[32;1m           [0m[32;1m      [0m[32;1m            [0m[32;1m                       [0m[32;1m                 [0m[32;1m n[0m
[32;1m              [0m[32;1m      [0m[32;1m               [0m[32;1m             [0m[32;1m           [0m[32;1m      [0m[32;1m            [0m[32;1m                       [0m[32;1m                 [0m[32;1m t[0m
[32;1m--------      [0m [32;1m-----[0m [32;1m--------------[0m [32;1m------------[0m [32;1m----------[0m [32;1m-----[0m [32;1m-----------[0m [32;1m----------------------[0m [32;1m----------------[0m [32;1m-[0m
no-coordinator     1          False Normal                8     0           0                      3                1 0

Summary CSV: C:\perf\results\vs-green-node-count-clean-server-20260806-111702\vs-green\block-009\attempt-01\N8\benchmark\scenario-summary.csv
HEAD is now at 7eaba546bc Merged PR 766163: Regenerate lscache files in Renovate post-upgrade tasks
BenchmarkRoot: C:\perf\repos\vs-green
RepositoryName: vs-green
BuildPath: server\dirs.proj
TouchFileRelativePath: server\src\CSDevKit.ReliabilityMonitor\Program.cs
DotNetPath: C:\perf\coordinator-bootstrap-staging\f7b4c5716faa-EF3F5C82A926\core\dotnet.exe
MSBuildDllPath: C:\perf\coordinator-bootstrap-staging\f7b4c5716faa-EF3F5C82A926\core\sdk\11.0.100-preview.5.26302.115\MSBuild.dll
WorkRoot: C:\w\vf
OutputRoot: C:\perf\results\vs-green-node-count-clean-server-20260806-111702\vs-green\block-009\attempt-01\N16\setup
Logical processors: 16
NodeBudget: 16
Slice: 4
Reservation: 4
PriorityAgingThreshold: 3
NormalBuildCount: 1
HighBuildCount: 0
Scenarios: no-coordinator
[restore-normal1] C:\perf\coordinator-bootstrap-staging\f7b4c5716faa-EF3F5C82A926\core\dotnet.exe C:\perf\coordinator-bootstrap-staging\f7b4c5716faa-EF3F5C82A926\core\sdk\11.0.100-preview.5.26302.115\MSBuild.dll server\dirs.proj /t:Restore /v:q /nodeReuse:false /p:UseSharedCompilation=false /p:Configuration=Debug
MSBuild version 18.8.0-preview-26302-115+f7b4c5716 for .NET

Build succeeded.
    0 Warning(s)
    0 Error(s)

Time Elapsed 00:00:04.59
Summary CSV: C:\perf\results\vs-green-node-count-clean-server-20260806-111702\vs-green\block-009\attempt-01\N16\setup\scenario-summary.csv
Shutting down MSBuild server...
Shutting down VB/C# compiler server...
VB/C# compiler server shut down successfully.
MSBuild server shut down successfully.
BenchmarkRoot: C:\perf\repos\vs-green
RepositoryName: vs-green-b9-a1-N16
BuildPath: server\dirs.proj
TouchFileRelativePath: server\src\CSDevKit.ReliabilityMonitor\Program.cs
DotNetPath: C:\perf\coordinator-bootstrap-staging\f7b4c5716faa-EF3F5C82A926\core\dotnet.exe
MSBuildDllPath: C:\perf\coordinator-bootstrap-staging\f7b4c5716faa-EF3F5C82A926\core\sdk\11.0.100-preview.5.26302.115\MSBuild.dll
WorkRoot: C:\w\vf
OutputRoot: C:\perf\results\vs-green-node-count-clean-server-20260806-111702\vs-green\block-009\attempt-01\N16\benchmark
Logical processors: 16
NodeBudget: 16
Slice: 0
Reservation: 0
PriorityAgingThreshold: 3
NormalBuildCount: 1
HighBuildCount: 0
Scenarios: no-coordinator
Starting no-coordinator-r1 (coordinator=False, high priority=Normal, /m:16)
[shutdown-no-coordinator-r1] C:\perf\coordinator-bootstrap-staging\f7b4c5716faa-EF3F5C82A926\core\dotnet.exe build-server shutdown
Shutting down MSBuild server...
Shutting down VB/C# compiler server...
MSBuild server shut down successfully.
VB/C# compiler server shut down successfully.
[shutdown-after-no-coordinator-r1] C:\perf\coordinator-bootstrap-staging\f7b4c5716faa-EF3F5C82A926\core\dotnet.exe build-server shutdown
Shutting down MSBuild server...
Shutting down VB/C# compiler server...
VB/C# compiler server shut down successfully.
MSBuild server shut down successfully.

[32;1mscenario      [0m[32;1m round[0m[32;1m useCoordinator[0m[32;1m highPriority[0m[32;1m nodeBudget[0m[32;1m slice[0m[32;1m reservation[0m[32;1m priorityAgingThreshold[0m[32;1m normalBuildCount[0m[32;1m h[0m
[32;1m              [0m[32;1m      [0m[32;1m               [0m[32;1m             [0m[32;1m           [0m[32;1m      [0m[32;1m            [0m[32;1m                       [0m[32;1m                 [0m[32;1m i[0m
[32;1m              [0m[32;1m      [0m[32;1m               [0m[32;1m             [0m[32;1m           [0m[32;1m      [0m[32;1m            [0m[32;1m                       [0m[32;1m                 [0m[32;1m g[0m
[32;1m              [0m[32;1m      [0m[32;1m               [0m[32;1m             [0m[32;1m           [0m[32;1m      [0m[32;1m            [0m[32;1m                       [0m[32;1m                 [0m[32;1m h[0m
[32;1m              [0m[32;1m      [0m[32;1m               [0m[32;1m             [0m[32;1m           [0m[32;1m      [0m[32;1m            [0m[32;1m                       [0m[32;1m                 [0m[32;1m B[0m
[32;1m              [0m[32;1m      [0m[32;1m               [0m[32;1m             [0m[32;1m           [0m[32;1m      [0m[32;1m            [0m[32;1m                       [0m[32;1m                 [0m[32;1m u[0m
[32;1m              [0m[32;1m      [0m[32;1m               [0m[32;1m             [0m[32;1m           [0m[32;1m      [0m[32;1m            [0m[32;1m                       [0m[32;1m                 [0m[32;1m i[0m
[32;1m              [0m[32;1m      [0m[32;1m               [0m[32;1m             [0m[32;1m           [0m[32;1m      [0m[32;1m            [0m[32;1m                       [0m[32;1m                 [0m[32;1m l[0m
[32;1m              [0m[32;1m      [0m[32;1m               [0m[32;1m             [0m[32;1m           [0m[32;1m      [0m[32;1m            [0m[32;1m                       [0m[32;1m                 [0m[32;1m d[0m
[32;1m              [0m[32;1m      [0m[32;1m               [0m[32;1m             [0m[32;1m           [0m[32;1m      [0m[32;1m            [0m[32;1m                       [0m[32;1m                 [0m[32;1m C[0m
[32;1m              [0m[32;1m      [0m[32;1m               [0m[32;1m             [0m[32;1m           [0m[32;1m      [0m[32;1m            [0m[32;1m                       [0m[32;1m                 [0m[32;1m o[0m
[32;1m              [0m[32;1m      [0m[32;1m               [0m[32;1m             [0m[32;1m           [0m[32;1m      [0m[32;1m            [0m[32;1m                       [0m[32;1m                 [0m[32;1m u[0m
[32;1m              [0m[32;1m      [0m[32;1m               [0m[32;1m             [0m[32;1m           [0m[32;1m      [0m[32;1m            [0m[32;1m                       [0m[32;1m                 [0m[32;1m n[0m
[32;1m              [0m[32;1m      [0m[32;1m               [0m[32;1m             [0m[32;1m           [0m[32;1m      [0m[32;1m            [0m[32;1m                       [0m[32;1m                 [0m[32;1m t[0m
[32;1m--------      [0m [32;1m-----[0m [32;1m--------------[0m [32;1m------------[0m [32;1m----------[0m [32;1m-----[0m [32;1m-----------[0m [32;1m----------------------[0m [32;1m----------------[0m [32;1m-[0m
no-coordinator     1          False Normal               16     0           0                      3                1 0

Summary CSV: C:\perf\results\vs-green-node-count-clean-server-20260806-111702\vs-green\block-009\attempt-01\N16\benchmark\scenario-summary.csv
HEAD is now at 7eaba546bc Merged PR 766163: Regenerate lscache files in Renovate post-upgrade tasks
BenchmarkRoot: C:\perf\repos\vs-green
RepositoryName: vs-green
BuildPath: server\dirs.proj
TouchFileRelativePath: server\src\CSDevKit.ReliabilityMonitor\Program.cs
DotNetPath: C:\perf\coordinator-bootstrap-staging\f7b4c5716faa-EF3F5C82A926\core\dotnet.exe
MSBuildDllPath: C:\perf\coordinator-bootstrap-staging\f7b4c5716faa-EF3F5C82A926\core\sdk\11.0.100-preview.5.26302.115\MSBuild.dll
WorkRoot: C:\w\vf
OutputRoot: C:\perf\results\vs-green-node-count-clean-server-20260806-111702\vs-green\block-009\attempt-01\N4\setup
Logical processors: 16
NodeBudget: 4
Slice: 4
Reservation: 4
PriorityAgingThreshold: 3
NormalBuildCount: 1
HighBuildCount: 0
Scenarios: no-coordinator
[restore-normal1] C:\perf\coordinator-bootstrap-staging\f7b4c5716faa-EF3F5C82A926\core\dotnet.exe C:\perf\coordinator-bootstrap-staging\f7b4c5716faa-EF3F5C82A926\core\sdk\11.0.100-preview.5.26302.115\MSBuild.dll server\dirs.proj /t:Restore /v:q /nodeReuse:false /p:UseSharedCompilation=false /p:Configuration=Debug
MSBuild version 18.8.0-preview-26302-115+f7b4c5716 for .NET

Build succeeded.
    0 Warning(s)
    0 Error(s)

Time Elapsed 00:00:02.66
Summary CSV: C:\perf\results\vs-green-node-count-clean-server-20260806-111702\vs-green\block-009\attempt-01\N4\setup\scenario-summary.csv
Shutting down MSBuild server...
Shutting down VB/C# compiler server...
VB/C# compiler server shut down successfully.
MSBuild server shut down successfully.
BenchmarkRoot: C:\perf\repos\vs-green
RepositoryName: vs-green-b9-a1-N4
BuildPath: server\dirs.proj
TouchFileRelativePath: server\src\CSDevKit.ReliabilityMonitor\Program.cs
DotNetPath: C:\perf\coordinator-bootstrap-staging\f7b4c5716faa-EF3F5C82A926\core\dotnet.exe
MSBuildDllPath: C:\perf\coordinator-bootstrap-staging\f7b4c5716faa-EF3F5C82A926\core\sdk\11.0.100-preview.5.26302.115\MSBuild.dll
WorkRoot: C:\w\vf
OutputRoot: C:\perf\results\vs-green-node-count-clean-server-20260806-111702\vs-green\block-009\attempt-01\N4\benchmark
Logical processors: 16
NodeBudget: 4
Slice: 0
Reservation: 0
PriorityAgingThreshold: 3
NormalBuildCount: 1
HighBuildCount: 0
Scenarios: no-coordinator
Starting no-coordinator-r1 (coordinator=False, high priority=Normal, /m:4)
[shutdown-no-coordinator-r1] C:\perf\coordinator-bootstrap-staging\f7b4c5716faa-EF3F5C82A926\core\dotnet.exe build-server shutdown
Shutting down MSBuild server...
Shutting down VB/C# compiler server...
VB/C# compiler server shut down successfully.
MSBuild server shut down successfully.
[shutdown-after-no-coordinator-r1] C:\perf\coordinator-bootstrap-staging\f7b4c5716faa-EF3F5C82A926\core\dotnet.exe build-server shutdown
Shutting down MSBuild server...
Shutting down VB/C# compiler server...
VB/C# compiler server shut down successfully.
MSBuild server shut down successfully.

[32;1mscenario      [0m[32;1m round[0m[32;1m useCoordinator[0m[32;1m highPriority[0m[32;1m nodeBudget[0m[32;1m slice[0m[32;1m reservation[0m[32;1m priorityAgingThreshold[0m[32;1m normalBuildCount[0m[32;1m h[0m
[32;1m              [0m[32;1m      [0m[32;1m               [0m[32;1m             [0m[32;1m           [0m[32;1m      [0m[32;1m            [0m[32;1m                       [0m[32;1m                 [0m[32;1m i[0m
[32;1m              [0m[32;1m      [0m[32;1m               [0m[32;1m             [0m[32;1m           [0m[32;1m      [0m[32;1m            [0m[32;1m                       [0m[32;1m                 [0m[32;1m g[0m
[32;1m              [0m[32;1m      [0m[32;1m               [0m[32;1m             [0m[32;1m           [0m[32;1m      [0m[32;1m            [0m[32;1m                       [0m[32;1m                 [0m[32;1m h[0m
[32;1m              [0m[32;1m      [0m[32;1m               [0m[32;1m             [0m[32;1m           [0m[32;1m      [0m[32;1m            [0m[32;1m                       [0m[32;1m                 [0m[32;1m B[0m
[32;1m              [0m[32;1m      [0m[32;1m               [0m[32;1m             [0m[32;1m           [0m[32;1m      [0m[32;1m            [0m[32;1m                       [0m[32;1m                 [0m[32;1m u[0m
[32;1m              [0m[32;1m      [0m[32;1m               [0m[32;1m             [0m[32;1m           [0m[32;1m      [0m[32;1m            [0m[32;1m                       [0m[32;1m                 [0m[32;1m i[0m
[32;1m              [0m[32;1m      [0m[32;1m               [0m[32;1m             [0m[32;1m           [0m[32;1m      [0m[32;1m            [0m[32;1m                       [0m[32;1m                 [0m[32;1m l[0m
[32;1m              [0m[32;1m      [0m[32;1m               [0m[32;1m             [0m[32;1m           [0m[32;1m      [0m[32;1m            [0m[32;1m                       [0m[32;1m                 [0m[32;1m d[0m
[32;1m              [0m[32;1m      [0m[32;1m               [0m[32;1m             [0m[32;1m           [0m[32;1m      [0m[32;1m            [0m[32;1m                       [0m[32;1m                 [0m[32;1m C[0m
[32;1m              [0m[32;1m      [0m[32;1m               [0m[32;1m             [0m[32;1m           [0m[32;1m      [0m[32;1m            [0m[32;1m                       [0m[32;1m                 [0m[32;1m o[0m
[32;1m              [0m[32;1m      [0m[32;1m               [0m[32;1m             [0m[32;1m           [0m[32;1m      [0m[32;1m            [0m[32;1m                       [0m[32;1m                 [0m[32;1m u[0m
[32;1m              [0m[32;1m      [0m[32;1m               [0m[32;1m             [0m[32;1m           [0m[32;1m      [0m[32;1m            [0m[32;1m                       [0m[32;1m                 [0m[32;1m n[0m
[32;1m              [0m[32;1m      [0m[32;1m               [0m[32;1m             [0m[32;1m           [0m[32;1m      [0m[32;1m            [0m[32;1m                       [0m[32;1m                 [0m[32;1m t[0m
[32;1m--------      [0m [32;1m-----[0m [32;1m--------------[0m [32;1m------------[0m [32;1m----------[0m [32;1m-----[0m [32;1m-----------[0m [32;1m----------------------[0m [32;1m----------------[0m [32;1m-[0m
no-coordinator     1          False Normal                4     0           0                      3                1 0

Summary CSV: C:\perf\results\vs-green-node-count-clean-server-20260806-111702\vs-green\block-009\attempt-01\N4\benchmark\scenario-summary.csv
HEAD is now at 7eaba546bc Merged PR 766163: Regenerate lscache files in Renovate post-upgrade tasks
BenchmarkRoot: C:\perf\repos\vs-green
RepositoryName: vs-green
BuildPath: server\dirs.proj
TouchFileRelativePath: server\src\CSDevKit.ReliabilityMonitor\Program.cs
DotNetPath: C:\perf\coordinator-bootstrap-staging\f7b4c5716faa-EF3F5C82A926\core\dotnet.exe
MSBuildDllPath: C:\perf\coordinator-bootstrap-staging\f7b4c5716faa-EF3F5C82A926\core\sdk\11.0.100-preview.5.26302.115\MSBuild.dll
WorkRoot: C:\w\vf
OutputRoot: C:\perf\results\vs-green-node-count-clean-server-20260806-111702\vs-green\block-010\attempt-01\N16\setup
Logical processors: 16
NodeBudget: 16
Slice: 4
Reservation: 4
PriorityAgingThreshold: 3
NormalBuildCount: 1
HighBuildCount: 0
Scenarios: no-coordinator
[restore-normal1] C:\perf\coordinator-bootstrap-staging\f7b4c5716faa-EF3F5C82A926\core\dotnet.exe C:\perf\coordinator-bootstrap-staging\f7b4c5716faa-EF3F5C82A926\core\sdk\11.0.100-preview.5.26302.115\MSBuild.dll server\dirs.proj /t:Restore /v:q /nodeReuse:false /p:UseSharedCompilation=false /p:Configuration=Debug
MSBuild version 18.8.0-preview-26302-115+f7b4c5716 for .NET

Build succeeded.
    0 Warning(s)
    0 Error(s)

Time Elapsed 00:00:02.71
Summary CSV: C:\perf\results\vs-green-node-count-clean-server-20260806-111702\vs-green\block-010\attempt-01\N16\setup\scenario-summary.csv
Shutting down MSBuild server...
Shutting down VB/C# compiler server...
VB/C# compiler server shut down successfully.
MSBuild server shut down successfully.
BenchmarkRoot: C:\perf\repos\vs-green
RepositoryName: vs-green-b10-a1-N16
BuildPath: server\dirs.proj
TouchFileRelativePath: server\src\CSDevKit.ReliabilityMonitor\Program.cs
DotNetPath: C:\perf\coordinator-bootstrap-staging\f7b4c5716faa-EF3F5C82A926\core\dotnet.exe
MSBuildDllPath: C:\perf\coordinator-bootstrap-staging\f7b4c5716faa-EF3F5C82A926\core\sdk\11.0.100-preview.5.26302.115\MSBuild.dll
WorkRoot: C:\w\vf
OutputRoot: C:\perf\results\vs-green-node-count-clean-server-20260806-111702\vs-green\block-010\attempt-01\N16\benchmark
Logical processors: 16
NodeBudget: 16
Slice: 0
Reservation: 0
PriorityAgingThreshold: 3
NormalBuildCount: 1
HighBuildCount: 0
Scenarios: no-coordinator
Starting no-coordinator-r1 (coordinator=False, high priority=Normal, /m:16)
[shutdown-no-coordinator-r1] C:\perf\coordinator-bootstrap-staging\f7b4c5716faa-EF3F5C82A926\core\dotnet.exe build-server shutdown
Shutting down MSBuild server...
Shutting down VB/C# compiler server...
VB/C# compiler server shut down successfully.
MSBuild server shut down successfully.
[shutdown-after-no-coordinator-r1] C:\perf\coordinator-bootstrap-staging\f7b4c5716faa-EF3F5C82A926\core\dotnet.exe build-server shutdown
Shutting down MSBuild server...
Shutting down VB/C# compiler server...
VB/C# compiler server shut down successfully.
MSBuild server shut down successfully.

[32;1mscenario      [0m[32;1m round[0m[32;1m useCoordinator[0m[32;1m highPriority[0m[32;1m nodeBudget[0m[32;1m slice[0m[32;1m reservation[0m[32;1m priorityAgingThreshold[0m[32;1m normalBuildCount[0m[32;1m h[0m
[32;1m              [0m[32;1m      [0m[32;1m               [0m[32;1m             [0m[32;1m           [0m[32;1m      [0m[32;1m            [0m[32;1m                       [0m[32;1m                 [0m[32;1m i[0m
[32;1m              [0m[32;1m      [0m[32;1m               [0m[32;1m             [0m[32;1m           [0m[32;1m      [0m[32;1m            [0m[32;1m                       [0m[32;1m                 [0m[32;1m g[0m
[32;1m              [0m[32;1m      [0m[32;1m               [0m[32;1m             [0m[32;1m           [0m[32;1m      [0m[32;1m            [0m[32;1m                       [0m[32;1m                 [0m[32;1m h[0m
[32;1m              [0m[32;1m      [0m[32;1m               [0m[32;1m             [0m[32;1m           [0m[32;1m      [0m[32;1m            [0m[32;1m                       [0m[32;1m                 [0m[32;1m B[0m
[32;1m              [0m[32;1m      [0m[32;1m               [0m[32;1m             [0m[32;1m           [0m[32;1m      [0m[32;1m            [0m[32;1m                       [0m[32;1m                 [0m[32;1m u[0m
[32;1m              [0m[32;1m      [0m[32;1m               [0m[32;1m             [0m[32;1m           [0m[32;1m      [0m[32;1m            [0m[32;1m                       [0m[32;1m                 [0m[32;1m i[0m
[32;1m              [0m[32;1m      [0m[32;1m               [0m[32;1m             [0m[32;1m           [0m[32;1m      [0m[32;1m            [0m[32;1m                       [0m[32;1m                 [0m[32;1m l[0m
[32;1m              [0m[32;1m      [0m[32;1m               [0m[32;1m             [0m[32;1m           [0m[32;1m      [0m[32;1m            [0m[32;1m                       [0m[32;1m                 [0m[32;1m d[0m
[32;1m              [0m[32;1m      [0m[32;1m               [0m[32;1m             [0m[32;1m           [0m[32;1m      [0m[32;1m            [0m[32;1m                       [0m[32;1m                 [0m[32;1m C[0m
[32;1m              [0m[32;1m      [0m[32;1m               [0m[32;1m             [0m[32;1m           [0m[32;1m      [0m[32;1m            [0m[32;1m                       [0m[32;1m                 [0m[32;1m o[0m
[32;1m              [0m[32;1m      [0m[32;1m               [0m[32;1m             [0m[32;1m           [0m[32;1m      [0m[32;1m            [0m[32;1m                       [0m[32;1m                 [0m[32;1m u[0m
[32;1m              [0m[32;1m      [0m[32;1m               [0m[32;1m             [0m[32;1m           [0m[32;1m      [0m[32;1m            [0m[32;1m                       [0m[32;1m                 [0m[32;1m n[0m
[32;1m              [0m[32;1m      [0m[32;1m               [0m[32;1m             [0m[32;1m           [0m[32;1m      [0m[32;1m            [0m[32;1m                       [0m[32;1m                 [0m[32;1m t[0m
[32;1m--------      [0m [32;1m-----[0m [32;1m--------------[0m [32;1m------------[0m [32;1m----------[0m [32;1m-----[0m [32;1m-----------[0m [32;1m----------------------[0m [32;1m----------------[0m [32;1m-[0m
no-coordinator     1          False Normal               16     0           0                      3                1 0

Summary CSV: C:\perf\results\vs-green-node-count-clean-server-20260806-111702\vs-green\block-010\attempt-01\N16\benchmark\scenario-summary.csv
HEAD is now at 7eaba546bc Merged PR 766163: Regenerate lscache files in Renovate post-upgrade tasks
BenchmarkRoot: C:\perf\repos\vs-green
RepositoryName: vs-green
BuildPath: server\dirs.proj
TouchFileRelativePath: server\src\CSDevKit.ReliabilityMonitor\Program.cs
DotNetPath: C:\perf\coordinator-bootstrap-staging\f7b4c5716faa-EF3F5C82A926\core\dotnet.exe
MSBuildDllPath: C:\perf\coordinator-bootstrap-staging\f7b4c5716faa-EF3F5C82A926\core\sdk\11.0.100-preview.5.26302.115\MSBuild.dll
WorkRoot: C:\w\vf
OutputRoot: C:\perf\results\vs-green-node-count-clean-server-20260806-111702\vs-green\block-010\attempt-01\N4\setup
Logical processors: 16
NodeBudget: 4
Slice: 4
Reservation: 4
PriorityAgingThreshold: 3
NormalBuildCount: 1
HighBuildCount: 0
Scenarios: no-coordinator
[restore-normal1] C:\perf\coordinator-bootstrap-staging\f7b4c5716faa-EF3F5C82A926\core\dotnet.exe C:\perf\coordinator-bootstrap-staging\f7b4c5716faa-EF3F5C82A926\core\sdk\11.0.100-preview.5.26302.115\MSBuild.dll server\dirs.proj /t:Restore /v:q /nodeReuse:false /p:UseSharedCompilation=false /p:Configuration=Debug
MSBuild version 18.8.0-preview-26302-115+f7b4c5716 for .NET

Build succeeded.
    0 Warning(s)
    0 Error(s)

Time Elapsed 00:00:04.76
Summary CSV: C:\perf\results\vs-green-node-count-clean-server-20260806-111702\vs-green\block-010\attempt-01\N4\setup\scenario-summary.csv
Shutting down MSBuild server...
Shutting down VB/C# compiler server...
VB/C# compiler server shut down successfully.
MSBuild server shut down successfully.
BenchmarkRoot: C:\perf\repos\vs-green
RepositoryName: vs-green-b10-a1-N4
BuildPath: server\dirs.proj
TouchFileRelativePath: server\src\CSDevKit.ReliabilityMonitor\Program.cs
DotNetPath: C:\perf\coordinator-bootstrap-staging\f7b4c5716faa-EF3F5C82A926\core\dotnet.exe
MSBuildDllPath: C:\perf\coordinator-bootstrap-staging\f7b4c5716faa-EF3F5C82A926\core\sdk\11.0.100-preview.5.26302.115\MSBuild.dll
WorkRoot: C:\w\vf
OutputRoot: C:\perf\results\vs-green-node-count-clean-server-20260806-111702\vs-green\block-010\attempt-01\N4\benchmark
Logical processors: 16
NodeBudget: 4
Slice: 0
Reservation: 0
PriorityAgingThreshold: 3
NormalBuildCount: 1
HighBuildCount: 0
Scenarios: no-coordinator
Starting no-coordinator-r1 (coordinator=False, high priority=Normal, /m:4)
[shutdown-no-coordinator-r1] C:\perf\coordinator-bootstrap-staging\f7b4c5716faa-EF3F5C82A926\core\dotnet.exe build-server shutdown
Shutting down MSBuild server...
Shutting down VB/C# compiler server...
VB/C# compiler server shut down successfully.
MSBuild server shut down successfully.
[shutdown-after-no-coordinator-r1] C:\perf\coordinator-bootstrap-staging\f7b4c5716faa-EF3F5C82A926\core\dotnet.exe build-server shutdown
Shutting down MSBuild server...
Shutting down VB/C# compiler server...
VB/C# compiler server shut down successfully.
MSBuild server shut down successfully.

[32;1mscenario      [0m[32;1m round[0m[32;1m useCoordinator[0m[32;1m highPriority[0m[32;1m nodeBudget[0m[32;1m slice[0m[32;1m reservation[0m[32;1m priorityAgingThreshold[0m[32;1m normalBuildCount[0m[32;1m h[0m
[32;1m              [0m[32;1m      [0m[32;1m               [0m[32;1m             [0m[32;1m           [0m[32;1m      [0m[32;1m            [0m[32;1m                       [0m[32;1m                 [0m[32;1m i[0m
[32;1m              [0m[32;1m      [0m[32;1m               [0m[32;1m             [0m[32;1m           [0m[32;1m      [0m[32;1m            [0m[32;1m                       [0m[32;1m                 [0m[32;1m g[0m
[32;1m              [0m[32;1m      [0m[32;1m               [0m[32;1m             [0m[32;1m           [0m[32;1m      [0m[32;1m            [0m[32;1m                       [0m[32;1m                 [0m[32;1m h[0m
[32;1m              [0m[32;1m      [0m[32;1m               [0m[32;1m             [0m[32;1m           [0m[32;1m      [0m[32;1m            [0m[32;1m                       [0m[32;1m                 [0m[32;1m B[0m
[32;1m              [0m[32;1m      [0m[32;1m               [0m[32;1m             [0m[32;1m           [0m[32;1m      [0m[32;1m            [0m[32;1m                       [0m[32;1m                 [0m[32;1m u[0m
[32;1m              [0m[32;1m      [0m[32;1m               [0m[32;1m             [0m[32;1m           [0m[32;1m      [0m[32;1m            [0m[32;1m                       [0m[32;1m                 [0m[32;1m i[0m
[32;1m              [0m[32;1m      [0m[32;1m               [0m[32;1m             [0m[32;1m           [0m[32;1m      [0m[32;1m            [0m[32;1m                       [0m[32;1m                 [0m[32;1m l[0m
[32;1m              [0m[32;1m      [0m[32;1m               [0m[32;1m             [0m[32;1m           [0m[32;1m      [0m[32;1m            [0m[32;1m                       [0m[32;1m                 [0m[32;1m d[0m
[32;1m              [0m[32;1m      [0m[32;1m               [0m[32;1m             [0m[32;1m           [0m[32;1m      [0m[32;1m            [0m[32;1m                       [0m[32;1m                 [0m[32;1m C[0m
[32;1m              [0m[32;1m      [0m[32;1m               [0m[32;1m             [0m[32;1m           [0m[32;1m      [0m[32;1m            [0m[32;1m                       [0m[32;1m                 [0m[32;1m o[0m
[32;1m              [0m[32;1m      [0m[32;1m               [0m[32;1m             [0m[32;1m           [0m[32;1m      [0m[32;1m            [0m[32;1m                       [0m[32;1m                 [0m[32;1m u[0m
[32;1m              [0m[32;1m      [0m[32;1m               [0m[32;1m             [0m[32;1m           [0m[32;1m      [0m[32;1m            [0m[32;1m                       [0m[32;1m                 [0m[32;1m n[0m
[32;1m              [0m[32;1m      [0m[32;1m               [0m[32;1m             [0m[32;1m           [0m[32;1m      [0m[32;1m            [0m[32;1m                       [0m[32;1m                 [0m[32;1m t[0m
[32;1m--------      [0m [32;1m-----[0m [32;1m--------------[0m [32;1m------------[0m [32;1m----------[0m [32;1m-----[0m [32;1m-----------[0m [32;1m----------------------[0m [32;1m----------------[0m [32;1m-[0m
no-coordinator     1          False Normal                4     0           0                      3                1 0

Summary CSV: C:\perf\results\vs-green-node-count-clean-server-20260806-111702\vs-green\block-010\attempt-01\N4\benchmark\scenario-summary.csv
HEAD is now at 7eaba546bc Merged PR 766163: Regenerate lscache files in Renovate post-upgrade tasks
BenchmarkRoot: C:\perf\repos\vs-green
RepositoryName: vs-green
BuildPath: server\dirs.proj
TouchFileRelativePath: server\src\CSDevKit.ReliabilityMonitor\Program.cs
DotNetPath: C:\perf\coordinator-bootstrap-staging\f7b4c5716faa-EF3F5C82A926\core\dotnet.exe
MSBuildDllPath: C:\perf\coordinator-bootstrap-staging\f7b4c5716faa-EF3F5C82A926\core\sdk\11.0.100-preview.5.26302.115\MSBuild.dll
WorkRoot: C:\w\vf
OutputRoot: C:\perf\results\vs-green-node-count-clean-server-20260806-111702\vs-green\block-010\attempt-01\N8\setup
Logical processors: 16
NodeBudget: 8
Slice: 4
Reservation: 4
PriorityAgingThreshold: 3
NormalBuildCount: 1
HighBuildCount: 0
Scenarios: no-coordinator
[restore-normal1] C:\perf\coordinator-bootstrap-staging\f7b4c5716faa-EF3F5C82A926\core\dotnet.exe C:\perf\coordinator-bootstrap-staging\f7b4c5716faa-EF3F5C82A926\core\sdk\11.0.100-preview.5.26302.115\MSBuild.dll server\dirs.proj /t:Restore /v:q /nodeReuse:false /p:UseSharedCompilation=false /p:Configuration=Debug
MSBuild version 18.8.0-preview-26302-115+f7b4c5716 for .NET

Build succeeded.
    0 Warning(s)
    0 Error(s)

Time Elapsed 00:00:02.63
Summary CSV: C:\perf\results\vs-green-node-count-clean-server-20260806-111702\vs-green\block-010\attempt-01\N8\setup\scenario-summary.csv
Shutting down MSBuild server...
Shutting down VB/C# compiler server...
VB/C# compiler server shut down successfully.
MSBuild server shut down successfully.
BenchmarkRoot: C:\perf\repos\vs-green
RepositoryName: vs-green-b10-a1-N8
BuildPath: server\dirs.proj
TouchFileRelativePath: server\src\CSDevKit.ReliabilityMonitor\Program.cs
DotNetPath: C:\perf\coordinator-bootstrap-staging\f7b4c5716faa-EF3F5C82A926\core\dotnet.exe
MSBuildDllPath: C:\perf\coordinator-bootstrap-staging\f7b4c5716faa-EF3F5C82A926\core\sdk\11.0.100-preview.5.26302.115\MSBuild.dll
WorkRoot: C:\w\vf
OutputRoot: C:\perf\results\vs-green-node-count-clean-server-20260806-111702\vs-green\block-010\attempt-01\N8\benchmark
Logical processors: 16
NodeBudget: 8
Slice: 0
Reservation: 0
PriorityAgingThreshold: 3
NormalBuildCount: 1
HighBuildCount: 0
Scenarios: no-coordinator
Starting no-coordinator-r1 (coordinator=False, high priority=Normal, /m:8)
[shutdown-no-coordinator-r1] C:\perf\coordinator-bootstrap-staging\f7b4c5716faa-EF3F5C82A926\core\dotnet.exe build-server shutdown
Shutting down MSBuild server...
Shutting down VB/C# compiler server...
VB/C# compiler server shut down successfully.
MSBuild server shut down successfully.
[shutdown-after-no-coordinator-r1] C:\perf\coordinator-bootstrap-staging\f7b4c5716faa-EF3F5C82A926\core\dotnet.exe build-server shutdown
Shutting down MSBuild server...
Shutting down VB/C# compiler server...
VB/C# compiler server shut down successfully.
MSBuild server shut down successfully.

[32;1mscenario      [0m[32;1m round[0m[32;1m useCoordinator[0m[32;1m highPriority[0m[32;1m nodeBudget[0m[32;1m slice[0m[32;1m reservation[0m[32;1m priorityAgingThreshold[0m[32;1m normalBuildCount[0m[32;1m h[0m
[32;1m              [0m[32;1m      [0m[32;1m               [0m[32;1m             [0m[32;1m           [0m[32;1m      [0m[32;1m            [0m[32;1m                       [0m[32;1m                 [0m[32;1m i[0m
[32;1m              [0m[32;1m      [0m[32;1m               [0m[32;1m             [0m[32;1m           [0m[32;1m      [0m[32;1m            [0m[32;1m                       [0m[32;1m                 [0m[32;1m g[0m
[32;1m              [0m[32;1m      [0m[32;1m               [0m[32;1m             [0m[32;1m           [0m[32;1m      [0m[32;1m            [0m[32;1m                       [0m[32;1m                 [0m[32;1m h[0m
[32;1m              [0m[32;1m      [0m[32;1m               [0m[32;1m             [0m[32;1m           [0m[32;1m      [0m[32;1m            [0m[32;1m                       [0m[32;1m                 [0m[32;1m B[0m
[32;1m              [0m[32;1m      [0m[32;1m               [0m[32;1m             [0m[32;1m           [0m[32;1m      [0m[32;1m            [0m[32;1m                       [0m[32;1m                 [0m[32;1m u[0m
[32;1m              [0m[32;1m      [0m[32;1m               [0m[32;1m             [0m[32;1m           [0m[32;1m      [0m[32;1m            [0m[32;1m                       [0m[32;1m                 [0m[32;1m i[0m
[32;1m              [0m[32;1m      [0m[32;1m               [0m[32;1m             [0m[32;1m           [0m[32;1m      [0m[32;1m            [0m[32;1m                       [0m[32;1m                 [0m[32;1m l[0m
[32;1m              [0m[32;1m      [0m[32;1m               [0m[32;1m             [0m[32;1m           [0m[32;1m      [0m[32;1m            [0m[32;1m                       [0m[32;1m                 [0m[32;1m d[0m
[32;1m              [0m[32;1m      [0m[32;1m               [0m[32;1m             [0m[32;1m           [0m[32;1m      [0m[32;1m            [0m[32;1m                       [0m[32;1m                 [0m[32;1m C[0m
[32;1m              [0m[32;1m      [0m[32;1m               [0m[32;1m             [0m[32;1m           [0m[32;1m      [0m[32;1m            [0m[32;1m                       [0m[32;1m                 [0m[32;1m o[0m
[32;1m              [0m[32;1m      [0m[32;1m               [0m[32;1m             [0m[32;1m           [0m[32;1m      [0m[32;1m            [0m[32;1m                       [0m[32;1m                 [0m[32;1m u[0m
[32;1m              [0m[32;1m      [0m[32;1m               [0m[32;1m             [0m[32;1m           [0m[32;1m      [0m[32;1m            [0m[32;1m                       [0m[32;1m                 [0m[32;1m n[0m
[32;1m              [0m[32;1m      [0m[32;1m               [0m[32;1m             [0m[32;1m           [0m[32;1m      [0m[32;1m            [0m[32;1m                       [0m[32;1m                 [0m[32;1m t[0m
[32;1m--------      [0m [32;1m-----[0m [32;1m--------------[0m [32;1m------------[0m [32;1m----------[0m [32;1m-----[0m [32;1m-----------[0m [32;1m----------------------[0m [32;1m----------------[0m [32;1m-[0m
no-coordinator     1          False Normal                8     0           0                      3                1 0

Summary CSV: C:\perf\results\vs-green-node-count-clean-server-20260806-111702\vs-green\block-010\attempt-01\N8\benchmark\scenario-summary.csv
HEAD is now at 7eaba546bc Merged PR 766163: Regenerate lscache files in Renovate post-upgrade tasks
BenchmarkRoot: C:\perf\repos\vs-green
RepositoryName: vs-green
BuildPath: server\dirs.proj
TouchFileRelativePath: server\src\CSDevKit.ReliabilityMonitor\Program.cs
DotNetPath: C:\perf\coordinator-bootstrap-staging\f7b4c5716faa-EF3F5C82A926\core\dotnet.exe
MSBuildDllPath: C:\perf\coordinator-bootstrap-staging\f7b4c5716faa-EF3F5C82A926\core\sdk\11.0.100-preview.5.26302.115\MSBuild.dll
WorkRoot: C:\w\vf
OutputRoot: C:\perf\results\vs-green-node-count-clean-server-20260806-111702\vs-green\block-011\attempt-01\N16\setup
Logical processors: 16
NodeBudget: 16
Slice: 4
Reservation: 4
PriorityAgingThreshold: 3
NormalBuildCount: 1
HighBuildCount: 0
Scenarios: no-coordinator
[restore-normal1] C:\perf\coordinator-bootstrap-staging\f7b4c5716faa-EF3F5C82A926\core\dotnet.exe C:\perf\coordinator-bootstrap-staging\f7b4c5716faa-EF3F5C82A926\core\sdk\11.0.100-preview.5.26302.115\MSBuild.dll server\dirs.proj /t:Restore /v:q /nodeReuse:false /p:UseSharedCompilation=false /p:Configuration=Debug
MSBuild version 18.8.0-preview-26302-115+f7b4c5716 for .NET

Build succeeded.
    0 Warning(s)
    0 Error(s)

Time Elapsed 00:00:02.73
Summary CSV: C:\perf\results\vs-green-node-count-clean-server-20260806-111702\vs-green\block-011\attempt-01\N16\setup\scenario-summary.csv
Shutting down MSBuild server...
Shutting down VB/C# compiler server...
VB/C# compiler server shut down successfully.
MSBuild server shut down successfully.
BenchmarkRoot: C:\perf\repos\vs-green
RepositoryName: vs-green-b11-a1-N16
BuildPath: server\dirs.proj
TouchFileRelativePath: server\src\CSDevKit.ReliabilityMonitor\Program.cs
DotNetPath: C:\perf\coordinator-bootstrap-staging\f7b4c5716faa-EF3F5C82A926\core\dotnet.exe
MSBuildDllPath: C:\perf\coordinator-bootstrap-staging\f7b4c5716faa-EF3F5C82A926\core\sdk\11.0.100-preview.5.26302.115\MSBuild.dll
WorkRoot: C:\w\vf
OutputRoot: C:\perf\results\vs-green-node-count-clean-server-20260806-111702\vs-green\block-011\attempt-01\N16\benchmark
Logical processors: 16
NodeBudget: 16
Slice: 0
Reservation: 0
PriorityAgingThreshold: 3
NormalBuildCount: 1
HighBuildCount: 0
Scenarios: no-coordinator
Starting no-coordinator-r1 (coordinator=False, high priority=Normal, /m:16)
[shutdown-no-coordinator-r1] C:\perf\coordinator-bootstrap-staging\f7b4c5716faa-EF3F5C82A926\core\dotnet.exe build-server shutdown
Shutting down MSBuild server...
Shutting down VB/C# compiler server...
VB/C# compiler server shut down successfully.
MSBuild server shut down successfully.
[shutdown-after-no-coordinator-r1] C:\perf\coordinator-bootstrap-staging\f7b4c5716faa-EF3F5C82A926\core\dotnet.exe build-server shutdown
Shutting down MSBuild server...
Shutting down VB/C# compiler server...
VB/C# compiler server shut down successfully.
MSBuild server shut down successfully.

[32;1mscenario      [0m[32;1m round[0m[32;1m useCoordinator[0m[32;1m highPriority[0m[32;1m nodeBudget[0m[32;1m slice[0m[32;1m reservation[0m[32;1m priorityAgingThreshold[0m[32;1m normalBuildCount[0m[32;1m h[0m
[32;1m              [0m[32;1m      [0m[32;1m               [0m[32;1m             [0m[32;1m           [0m[32;1m      [0m[32;1m            [0m[32;1m                       [0m[32;1m                 [0m[32;1m i[0m
[32;1m              [0m[32;1m      [0m[32;1m               [0m[32;1m             [0m[32;1m           [0m[32;1m      [0m[32;1m            [0m[32;1m                       [0m[32;1m                 [0m[32;1m g[0m
[32;1m              [0m[32;1m      [0m[32;1m               [0m[32;1m             [0m[32;1m           [0m[32;1m      [0m[32;1m            [0m[32;1m                       [0m[32;1m                 [0m[32;1m h[0m
[32;1m              [0m[32;1m      [0m[32;1m               [0m[32;1m             [0m[32;1m           [0m[32;1m      [0m[32;1m            [0m[32;1m                       [0m[32;1m                 [0m[32;1m B[0m
[32;1m              [0m[32;1m      [0m[32;1m               [0m[32;1m             [0m[32;1m           [0m[32;1m      [0m[32;1m            [0m[32;1m                       [0m[32;1m                 [0m[32;1m u[0m
[32;1m              [0m[32;1m      [0m[32;1m               [0m[32;1m             [0m[32;1m           [0m[32;1m      [0m[32;1m            [0m[32;1m                       [0m[32;1m                 [0m[32;1m i[0m
[32;1m              [0m[32;1m      [0m[32;1m               [0m[32;1m             [0m[32;1m           [0m[32;1m      [0m[32;1m            [0m[32;1m                       [0m[32;1m                 [0m[32;1m l[0m
[32;1m              [0m[32;1m      [0m[32;1m               [0m[32;1m             [0m[32;1m           [0m[32;1m      [0m[32;1m            [0m[32;1m                       [0m[32;1m                 [0m[32;1m d[0m
[32;1m              [0m[32;1m      [0m[32;1m               [0m[32;1m             [0m[32;1m           [0m[32;1m      [0m[32;1m            [0m[32;1m                       [0m[32;1m                 [0m[32;1m C[0m
[32;1m              [0m[32;1m      [0m[32;1m               [0m[32;1m             [0m[32;1m           [0m[32;1m      [0m[32;1m            [0m[32;1m                       [0m[32;1m                 [0m[32;1m o[0m
[32;1m              [0m[32;1m      [0m[32;1m               [0m[32;1m             [0m[32;1m           [0m[32;1m      [0m[32;1m            [0m[32;1m                       [0m[32;1m                 [0m[32;1m u[0m
[32;1m              [0m[32;1m      [0m[32;1m               [0m[32;1m             [0m[32;1m           [0m[32;1m      [0m[32;1m            [0m[32;1m                       [0m[32;1m                 [0m[32;1m n[0m
[32;1m              [0m[32;1m      [0m[32;1m               [0m[32;1m             [0m[32;1m           [0m[32;1m      [0m[32;1m            [0m[32;1m                       [0m[32;1m                 [0m[32;1m t[0m
[32;1m--------      [0m [32;1m-----[0m [32;1m--------------[0m [32;1m------------[0m [32;1m----------[0m [32;1m-----[0m [32;1m-----------[0m [32;1m----------------------[0m [32;1m----------------[0m [32;1m-[0m
no-coordinator     1          False Normal               16     0           0                      3                1 0

Summary CSV: C:\perf\results\vs-green-node-count-clean-server-20260806-111702\vs-green\block-011\attempt-01\N16\benchmark\scenario-summary.csv
HEAD is now at 7eaba546bc Merged PR 766163: Regenerate lscache files in Renovate post-upgrade tasks
BenchmarkRoot: C:\perf\repos\vs-green
RepositoryName: vs-green
BuildPath: server\dirs.proj
TouchFileRelativePath: server\src\CSDevKit.ReliabilityMonitor\Program.cs
DotNetPath: C:\perf\coordinator-bootstrap-staging\f7b4c5716faa-EF3F5C82A926\core\dotnet.exe
MSBuildDllPath: C:\perf\coordinator-bootstrap-staging\f7b4c5716faa-EF3F5C82A926\core\sdk\11.0.100-preview.5.26302.115\MSBuild.dll
WorkRoot: C:\w\vf
OutputRoot: C:\perf\results\vs-green-node-count-clean-server-20260806-111702\vs-green\block-011\attempt-01\N8\setup
Logical processors: 16
NodeBudget: 8
Slice: 4
Reservation: 4
PriorityAgingThreshold: 3
NormalBuildCount: 1
HighBuildCount: 0
Scenarios: no-coordinator
[restore-normal1] C:\perf\coordinator-bootstrap-staging\f7b4c5716faa-EF3F5C82A926\core\dotnet.exe C:\perf\coordinator-bootstrap-staging\f7b4c5716faa-EF3F5C82A926\core\sdk\11.0.100-preview.5.26302.115\MSBuild.dll server\dirs.proj /t:Restore /v:q /nodeReuse:false /p:UseSharedCompilation=false /p:Configuration=Debug
MSBuild version 18.8.0-preview-26302-115+f7b4c5716 for .NET

Build succeeded.
    0 Warning(s)
    0 Error(s)

Time Elapsed 00:00:02.68
Summary CSV: C:\perf\results\vs-green-node-count-clean-server-20260806-111702\vs-green\block-011\attempt-01\N8\setup\scenario-summary.csv
Shutting down MSBuild server...
Shutting down VB/C# compiler server...
VB/C# compiler server shut down successfully.
MSBuild server shut down successfully.
BenchmarkRoot: C:\perf\repos\vs-green
RepositoryName: vs-green-b11-a1-N8
BuildPath: server\dirs.proj
TouchFileRelativePath: server\src\CSDevKit.ReliabilityMonitor\Program.cs
DotNetPath: C:\perf\coordinator-bootstrap-staging\f7b4c5716faa-EF3F5C82A926\core\dotnet.exe
MSBuildDllPath: C:\perf\coordinator-bootstrap-staging\f7b4c5716faa-EF3F5C82A926\core\sdk\11.0.100-preview.5.26302.115\MSBuild.dll
WorkRoot: C:\w\vf
OutputRoot: C:\perf\results\vs-green-node-count-clean-server-20260806-111702\vs-green\block-011\attempt-01\N8\benchmark
Logical processors: 16
NodeBudget: 8
Slice: 0
Reservation: 0
PriorityAgingThreshold: 3
NormalBuildCount: 1
HighBuildCount: 0
Scenarios: no-coordinator
Starting no-coordinator-r1 (coordinator=False, high priority=Normal, /m:8)
[shutdown-no-coordinator-r1] C:\perf\coordinator-bootstrap-staging\f7b4c5716faa-EF3F5C82A926\core\dotnet.exe build-server shutdown
Shutting down MSBuild server...
Shutting down VB/C# compiler server...
VB/C# compiler server shut down successfully.
MSBuild server shut down successfully.
[shutdown-after-no-coordinator-r1] C:\perf\coordinator-bootstrap-staging\f7b4c5716faa-EF3F5C82A926\core\dotnet.exe build-server shutdown
Shutting down MSBuild server...
Shutting down VB/C# compiler server...
VB/C# compiler server shut down successfully.
MSBuild server shut down successfully.

[32;1mscenario      [0m[32;1m round[0m[32;1m useCoordinator[0m[32;1m highPriority[0m[32;1m nodeBudget[0m[32;1m slice[0m[32;1m reservation[0m[32;1m priorityAgingThreshold[0m[32;1m normalBuildCount[0m[32;1m h[0m
[32;1m              [0m[32;1m      [0m[32;1m               [0m[32;1m             [0m[32;1m           [0m[32;1m      [0m[32;1m            [0m[32;1m                       [0m[32;1m                 [0m[32;1m i[0m
[32;1m              [0m[32;1m      [0m[32;1m               [0m[32;1m             [0m[32;1m           [0m[32;1m      [0m[32;1m            [0m[32;1m                       [0m[32;1m                 [0m[32;1m g[0m
[32;1m              [0m[32;1m      [0m[32;1m               [0m[32;1m             [0m[32;1m           [0m[32;1m      [0m[32;1m            [0m[32;1m                       [0m[32;1m                 [0m[32;1m h[0m
[32;1m              [0m[32;1m      [0m[32;1m               [0m[32;1m             [0m[32;1m           [0m[32;1m      [0m[32;1m            [0m[32;1m                       [0m[32;1m                 [0m[32;1m B[0m
[32;1m              [0m[32;1m      [0m[32;1m               [0m[32;1m             [0m[32;1m           [0m[32;1m      [0m[32;1m            [0m[32;1m                       [0m[32;1m                 [0m[32;1m u[0m
[32;1m              [0m[32;1m      [0m[32;1m               [0m[32;1m             [0m[32;1m           [0m[32;1m      [0m[32;1m            [0m[32;1m                       [0m[32;1m                 [0m[32;1m i[0m
[32;1m              [0m[32;1m      [0m[32;1m               [0m[32;1m             [0m[32;1m           [0m[32;1m      [0m[32;1m            [0m[32;1m                       [0m[32;1m                 [0m[32;1m l[0m
[32;1m              [0m[32;1m      [0m[32;1m               [0m[32;1m             [0m[32;1m           [0m[32;1m      [0m[32;1m            [0m[32;1m                       [0m[32;1m                 [0m[32;1m d[0m
[32;1m              [0m[32;1m      [0m[32;1m               [0m[32;1m             [0m[32;1m           [0m[32;1m      [0m[32;1m            [0m[32;1m                       [0m[32;1m                 [0m[32;1m C[0m
[32;1m              [0m[32;1m      [0m[32;1m               [0m[32;1m             [0m[32;1m           [0m[32;1m      [0m[32;1m            [0m[32;1m                       [0m[32;1m                 [0m[32;1m o[0m
[32;1m              [0m[32;1m      [0m[32;1m               [0m[32;1m             [0m[32;1m           [0m[32;1m      [0m[32;1m            [0m[32;1m                       [0m[32;1m                 [0m[32;1m u[0m
[32;1m              [0m[32;1m      [0m[32;1m               [0m[32;1m             [0m[32;1m           [0m[32;1m      [0m[32;1m            [0m[32;1m                       [0m[32;1m                 [0m[32;1m n[0m
[32;1m              [0m[32;1m      [0m[32;1m               [0m[32;1m             [0m[32;1m           [0m[32;1m      [0m[32;1m            [0m[32;1m                       [0m[32;1m                 [0m[32;1m t[0m
[32;1m--------      [0m [32;1m-----[0m [32;1m--------------[0m [32;1m------------[0m [32;1m----------[0m [32;1m-----[0m [32;1m-----------[0m [32;1m----------------------[0m [32;1m----------------[0m [32;1m-[0m
no-coordinator     1          False Normal                8     0           0                      3                1 0

Summary CSV: C:\perf\results\vs-green-node-count-clean-server-20260806-111702\vs-green\block-011\attempt-01\N8\benchmark\scenario-summary.csv
HEAD is now at 7eaba546bc Merged PR 766163: Regenerate lscache files in Renovate post-upgrade tasks
BenchmarkRoot: C:\perf\repos\vs-green
RepositoryName: vs-green
BuildPath: server\dirs.proj
TouchFileRelativePath: server\src\CSDevKit.ReliabilityMonitor\Program.cs
DotNetPath: C:\perf\coordinator-bootstrap-staging\f7b4c5716faa-EF3F5C82A926\core\dotnet.exe
MSBuildDllPath: C:\perf\coordinator-bootstrap-staging\f7b4c5716faa-EF3F5C82A926\core\sdk\11.0.100-preview.5.26302.115\MSBuild.dll
WorkRoot: C:\w\vf
OutputRoot: C:\perf\results\vs-green-node-count-clean-server-20260806-111702\vs-green\block-011\attempt-01\N4\setup
Logical processors: 16
NodeBudget: 4
Slice: 4
Reservation: 4
PriorityAgingThreshold: 3
NormalBuildCount: 1
HighBuildCount: 0
Scenarios: no-coordinator
[restore-normal1] C:\perf\coordinator-bootstrap-staging\f7b4c5716faa-EF3F5C82A926\core\dotnet.exe C:\perf\coordinator-bootstrap-staging\f7b4c5716faa-EF3F5C82A926\core\sdk\11.0.100-preview.5.26302.115\MSBuild.dll server\dirs.proj /t:Restore /v:q /nodeReuse:false /p:UseSharedCompilation=false /p:Configuration=Debug
MSBuild version 18.8.0-preview-26302-115+f7b4c5716 for .NET

Build succeeded.
    0 Warning(s)
    0 Error(s)

Time Elapsed 00:00:02.60
Summary CSV: C:\perf\results\vs-green-node-count-clean-server-20260806-111702\vs-green\block-011\attempt-01\N4\setup\scenario-summary.csv
Shutting down MSBuild server...
Shutting down VB/C# compiler server...
VB/C# compiler server shut down successfully.
MSBuild server shut down successfully.
BenchmarkRoot: C:\perf\repos\vs-green
RepositoryName: vs-green-b11-a1-N4
BuildPath: server\dirs.proj
TouchFileRelativePath: server\src\CSDevKit.ReliabilityMonitor\Program.cs
DotNetPath: C:\perf\coordinator-bootstrap-staging\f7b4c5716faa-EF3F5C82A926\core\dotnet.exe
MSBuildDllPath: C:\perf\coordinator-bootstrap-staging\f7b4c5716faa-EF3F5C82A926\core\sdk\11.0.100-preview.5.26302.115\MSBuild.dll
WorkRoot: C:\w\vf
OutputRoot: C:\perf\results\vs-green-node-count-clean-server-20260806-111702\vs-green\block-011\attempt-01\N4\benchmark
Logical processors: 16
NodeBudget: 4
Slice: 0
Reservation: 0
PriorityAgingThreshold: 3
NormalBuildCount: 1
HighBuildCount: 0
Scenarios: no-coordinator
Starting no-coordinator-r1 (coordinator=False, high priority=Normal, /m:4)
[shutdown-no-coordinator-r1] C:\perf\coordinator-bootstrap-staging\f7b4c5716faa-EF3F5C82A926\core\dotnet.exe build-server shutdown
Shutting down MSBuild server...
Shutting down VB/C# compiler server...
VB/C# compiler server shut down successfully.
MSBuild server shut down successfully.
[shutdown-after-no-coordinator-r1] C:\perf\coordinator-bootstrap-staging\f7b4c5716faa-EF3F5C82A926\core\dotnet.exe build-server shutdown
Shutting down MSBuild server...
Shutting down VB/C# compiler server...
VB/C# compiler server shut down successfully.
MSBuild server shut down successfully.

[32;1mscenario      [0m[32;1m round[0m[32;1m useCoordinator[0m[32;1m highPriority[0m[32;1m nodeBudget[0m[32;1m slice[0m[32;1m reservation[0m[32;1m priorityAgingThreshold[0m[32;1m normalBuildCount[0m[32;1m h[0m
[32;1m              [0m[32;1m      [0m[32;1m               [0m[32;1m             [0m[32;1m           [0m[32;1m      [0m[32;1m            [0m[32;1m                       [0m[32;1m                 [0m[32;1m i[0m
[32;1m              [0m[32;1m      [0m[32;1m               [0m[32;1m             [0m[32;1m           [0m[32;1m      [0m[32;1m            [0m[32;1m                       [0m[32;1m                 [0m[32;1m g[0m
[32;1m              [0m[32;1m      [0m[32;1m               [0m[32;1m             [0m[32;1m           [0m[32;1m      [0m[32;1m            [0m[32;1m                       [0m[32;1m                 [0m[32;1m h[0m
[32;1m              [0m[32;1m      [0m[32;1m               [0m[32;1m             [0m[32;1m           [0m[32;1m      [0m[32;1m            [0m[32;1m                       [0m[32;1m                 [0m[32;1m B[0m
[32;1m              [0m[32;1m      [0m[32;1m               [0m[32;1m             [0m[32;1m           [0m[32;1m      [0m[32;1m            [0m[32;1m                       [0m[32;1m                 [0m[32;1m u[0m
[32;1m              [0m[32;1m      [0m[32;1m               [0m[32;1m             [0m[32;1m           [0m[32;1m      [0m[32;1m            [0m[32;1m                       [0m[32;1m                 [0m[32;1m i[0m
[32;1m              [0m[32;1m      [0m[32;1m               [0m[32;1m             [0m[32;1m           [0m[32;1m      [0m[32;1m            [0m[32;1m                       [0m[32;1m                 [0m[32;1m l[0m
[32;1m              [0m[32;1m      [0m[32;1m               [0m[32;1m             [0m[32;1m           [0m[32;1m      [0m[32;1m            [0m[32;1m                       [0m[32;1m                 [0m[32;1m d[0m
[32;1m              [0m[32;1m      [0m[32;1m               [0m[32;1m             [0m[32;1m           [0m[32;1m      [0m[32;1m            [0m[32;1m                       [0m[32;1m                 [0m[32;1m C[0m
[32;1m              [0m[32;1m      [0m[32;1m               [0m[32;1m             [0m[32;1m           [0m[32;1m      [0m[32;1m            [0m[32;1m                       [0m[32;1m                 [0m[32;1m o[0m
[32;1m              [0m[32;1m      [0m[32;1m               [0m[32;1m             [0m[32;1m           [0m[32;1m      [0m[32;1m            [0m[32;1m                       [0m[32;1m                 [0m[32;1m u[0m
[32;1m              [0m[32;1m      [0m[32;1m               [0m[32;1m             [0m[32;1m           [0m[32;1m      [0m[32;1m            [0m[32;1m                       [0m[32;1m                 [0m[32;1m n[0m
[32;1m              [0m[32;1m      [0m[32;1m               [0m[32;1m             [0m[32;1m           [0m[32;1m      [0m[32;1m            [0m[32;1m                       [0m[32;1m                 [0m[32;1m t[0m
[32;1m--------      [0m [32;1m-----[0m [32;1m--------------[0m [32;1m------------[0m [32;1m----------[0m [32;1m-----[0m [32;1m-----------[0m [32;1m----------------------[0m [32;1m----------------[0m [32;1m-[0m
no-coordinator     1          False Normal                4     0           0                      3                1 0

Summary CSV: C:\perf\results\vs-green-node-count-clean-server-20260806-111702\vs-green\block-011\attempt-01\N4\benchmark\scenario-summary.csv
HEAD is now at 7eaba546bc Merged PR 766163: Regenerate lscache files in Renovate post-upgrade tasks
BenchmarkRoot: C:\perf\repos\vs-green
RepositoryName: vs-green
BuildPath: server\dirs.proj
TouchFileRelativePath: server\src\CSDevKit.ReliabilityMonitor\Program.cs
DotNetPath: C:\perf\coordinator-bootstrap-staging\f7b4c5716faa-EF3F5C82A926\core\dotnet.exe
MSBuildDllPath: C:\perf\coordinator-bootstrap-staging\f7b4c5716faa-EF3F5C82A926\core\sdk\11.0.100-preview.5.26302.115\MSBuild.dll
WorkRoot: C:\w\vf
OutputRoot: C:\perf\results\vs-green-node-count-clean-server-20260806-111702\vs-green\block-012\attempt-01\N4\setup
Logical processors: 16
NodeBudget: 4
Slice: 4
Reservation: 4
PriorityAgingThreshold: 3
NormalBuildCount: 1
HighBuildCount: 0
Scenarios: no-coordinator
[restore-normal1] C:\perf\coordinator-bootstrap-staging\f7b4c5716faa-EF3F5C82A926\core\dotnet.exe C:\perf\coordinator-bootstrap-staging\f7b4c5716faa-EF3F5C82A926\core\sdk\11.0.100-preview.5.26302.115\MSBuild.dll server\dirs.proj /t:Restore /v:q /nodeReuse:false /p:UseSharedCompilation=false /p:Configuration=Debug
MSBuild version 18.8.0-preview-26302-115+f7b4c5716 for .NET

Build succeeded.
    0 Warning(s)
    0 Error(s)

Time Elapsed 00:00:04.73
Summary CSV: C:\perf\results\vs-green-node-count-clean-server-20260806-111702\vs-green\block-012\attempt-01\N4\setup\scenario-summary.csv
Shutting down MSBuild server...
Shutting down VB/C# compiler server...
VB/C# compiler server shut down successfully.
MSBuild server shut down successfully.
BenchmarkRoot: C:\perf\repos\vs-green
RepositoryName: vs-green-b12-a1-N4
BuildPath: server\dirs.proj
TouchFileRelativePath: server\src\CSDevKit.ReliabilityMonitor\Program.cs
DotNetPath: C:\perf\coordinator-bootstrap-staging\f7b4c5716faa-EF3F5C82A926\core\dotnet.exe
MSBuildDllPath: C:\perf\coordinator-bootstrap-staging\f7b4c5716faa-EF3F5C82A926\core\sdk\11.0.100-preview.5.26302.115\MSBuild.dll
WorkRoot: C:\w\vf
OutputRoot: C:\perf\results\vs-green-node-count-clean-server-20260806-111702\vs-green\block-012\attempt-01\N4\benchmark
Logical processors: 16
NodeBudget: 4
Slice: 0
Reservation: 0
PriorityAgingThreshold: 3
NormalBuildCount: 1
HighBuildCount: 0
Scenarios: no-coordinator
Starting no-coordinator-r1 (coordinator=False, high priority=Normal, /m:4)
[shutdown-no-coordinator-r1] C:\perf\coordinator-bootstrap-staging\f7b4c5716faa-EF3F5C82A926\core\dotnet.exe build-server shutdown
Shutting down MSBuild server...
Shutting down VB/C# compiler server...
VB/C# compiler server shut down successfully.
MSBuild server shut down successfully.
[shutdown-after-no-coordinator-r1] C:\perf\coordinator-bootstrap-staging\f7b4c5716faa-EF3F5C82A926\core\dotnet.exe build-server shutdown
Shutting down MSBuild server...
Shutting down VB/C# compiler server...
VB/C# compiler server shut down successfully.
MSBuild server shut down successfully.

[32;1mscenario      [0m[32;1m round[0m[32;1m useCoordinator[0m[32;1m highPriority[0m[32;1m nodeBudget[0m[32;1m slice[0m[32;1m reservation[0m[32;1m priorityAgingThreshold[0m[32;1m normalBuildCount[0m[32;1m h[0m
[32;1m              [0m[32;1m      [0m[32;1m               [0m[32;1m             [0m[32;1m           [0m[32;1m      [0m[32;1m            [0m[32;1m                       [0m[32;1m                 [0m[32;1m i[0m
[32;1m              [0m[32;1m      [0m[32;1m               [0m[32;1m             [0m[32;1m           [0m[32;1m      [0m[32;1m            [0m[32;1m                       [0m[32;1m                 [0m[32;1m g[0m
[32;1m              [0m[32;1m      [0m[32;1m               [0m[32;1m             [0m[32;1m           [0m[32;1m      [0m[32;1m            [0m[32;1m                       [0m[32;1m                 [0m[32;1m h[0m
[32;1m              [0m[32;1m      [0m[32;1m               [0m[32;1m             [0m[32;1m           [0m[32;1m      [0m[32;1m            [0m[32;1m                       [0m[32;1m                 [0m[32;1m B[0m
[32;1m              [0m[32;1m      [0m[32;1m               [0m[32;1m             [0m[32;1m           [0m[32;1m      [0m[32;1m            [0m[32;1m                       [0m[32;1m                 [0m[32;1m u[0m
[32;1m              [0m[32;1m      [0m[32;1m               [0m[32;1m             [0m[32;1m           [0m[32;1m      [0m[32;1m            [0m[32;1m                       [0m[32;1m                 [0m[32;1m i[0m
[32;1m              [0m[32;1m      [0m[32;1m               [0m[32;1m             [0m[32;1m           [0m[32;1m      [0m[32;1m            [0m[32;1m                       [0m[32;1m                 [0m[32;1m l[0m
[32;1m              [0m[32;1m      [0m[32;1m               [0m[32;1m             [0m[32;1m           [0m[32;1m      [0m[32;1m            [0m[32;1m                       [0m[32;1m                 [0m[32;1m d[0m
[32;1m              [0m[32;1m      [0m[32;1m               [0m[32;1m             [0m[32;1m           [0m[32;1m      [0m[32;1m            [0m[32;1m                       [0m[32;1m                 [0m[32;1m C[0m
[32;1m              [0m[32;1m      [0m[32;1m               [0m[32;1m             [0m[32;1m           [0m[32;1m      [0m[32;1m            [0m[32;1m                       [0m[32;1m                 [0m[32;1m o[0m
[32;1m              [0m[32;1m      [0m[32;1m               [0m[32;1m             [0m[32;1m           [0m[32;1m      [0m[32;1m            [0m[32;1m                       [0m[32;1m                 [0m[32;1m u[0m
[32;1m              [0m[32;1m      [0m[32;1m               [0m[32;1m             [0m[32;1m           [0m[32;1m      [0m[32;1m            [0m[32;1m                       [0m[32;1m                 [0m[32;1m n[0m
[32;1m              [0m[32;1m      [0m[32;1m               [0m[32;1m             [0m[32;1m           [0m[32;1m      [0m[32;1m            [0m[32;1m                       [0m[32;1m                 [0m[32;1m t[0m
[32;1m--------      [0m [32;1m-----[0m [32;1m--------------[0m [32;1m------------[0m [32;1m----------[0m [32;1m-----[0m [32;1m-----------[0m [32;1m----------------------[0m [32;1m----------------[0m [32;1m-[0m
no-coordinator     1          False Normal                4     0           0                      3                1 0

Summary CSV: C:\perf\results\vs-green-node-count-clean-server-20260806-111702\vs-green\block-012\attempt-01\N4\benchmark\scenario-summary.csv
HEAD is now at 7eaba546bc Merged PR 766163: Regenerate lscache files in Renovate post-upgrade tasks
BenchmarkRoot: C:\perf\repos\vs-green
RepositoryName: vs-green
BuildPath: server\dirs.proj
TouchFileRelativePath: server\src\CSDevKit.ReliabilityMonitor\Program.cs
DotNetPath: C:\perf\coordinator-bootstrap-staging\f7b4c5716faa-EF3F5C82A926\core\dotnet.exe
MSBuildDllPath: C:\perf\coordinator-bootstrap-staging\f7b4c5716faa-EF3F5C82A926\core\sdk\11.0.100-preview.5.26302.115\MSBuild.dll
WorkRoot: C:\w\vf
OutputRoot: C:\perf\results\vs-green-node-count-clean-server-20260806-111702\vs-green\block-012\attempt-01\N16\setup
Logical processors: 16
NodeBudget: 16
Slice: 4
Reservation: 4
PriorityAgingThreshold: 3
NormalBuildCount: 1
HighBuildCount: 0
Scenarios: no-coordinator
[restore-normal1] C:\perf\coordinator-bootstrap-staging\f7b4c5716faa-EF3F5C82A926\core\dotnet.exe C:\perf\coordinator-bootstrap-staging\f7b4c5716faa-EF3F5C82A926\core\sdk\11.0.100-preview.5.26302.115\MSBuild.dll server\dirs.proj /t:Restore /v:q /nodeReuse:false /p:UseSharedCompilation=false /p:Configuration=Debug
MSBuild version 18.8.0-preview-26302-115+f7b4c5716 for .NET

Build succeeded.
    0 Warning(s)
    0 Error(s)

Time Elapsed 00:00:02.68
Summary CSV: C:\perf\results\vs-green-node-count-clean-server-20260806-111702\vs-green\block-012\attempt-01\N16\setup\scenario-summary.csv
Shutting down MSBuild server...
Shutting down VB/C# compiler server...
VB/C# compiler server shut down successfully.
MSBuild server shut down successfully.
BenchmarkRoot: C:\perf\repos\vs-green
RepositoryName: vs-green-b12-a1-N16
BuildPath: server\dirs.proj
TouchFileRelativePath: server\src\CSDevKit.ReliabilityMonitor\Program.cs
DotNetPath: C:\perf\coordinator-bootstrap-staging\f7b4c5716faa-EF3F5C82A926\core\dotnet.exe
MSBuildDllPath: C:\perf\coordinator-bootstrap-staging\f7b4c5716faa-EF3F5C82A926\core\sdk\11.0.100-preview.5.26302.115\MSBuild.dll
WorkRoot: C:\w\vf
OutputRoot: C:\perf\results\vs-green-node-count-clean-server-20260806-111702\vs-green\block-012\attempt-01\N16\benchmark
Logical processors: 16
NodeBudget: 16
Slice: 0
Reservation: 0
PriorityAgingThreshold: 3
NormalBuildCount: 1
HighBuildCount: 0
Scenarios: no-coordinator
Starting no-coordinator-r1 (coordinator=False, high priority=Normal, /m:16)
[shutdown-no-coordinator-r1] C:\perf\coordinator-bootstrap-staging\f7b4c5716faa-EF3F5C82A926\core\dotnet.exe build-server shutdown
Shutting down MSBuild server...
Shutting down VB/C# compiler server...
VB/C# compiler server shut down successfully.
MSBuild server shut down successfully.
[shutdown-after-no-coordinator-r1] C:\perf\coordinator-bootstrap-staging\f7b4c5716faa-EF3F5C82A926\core\dotnet.exe build-server shutdown
Shutting down MSBuild server...
Shutting down VB/C# compiler server...
VB/C# compiler server shut down successfully.
MSBuild server shut down successfully.

[32;1mscenario      [0m[32;1m round[0m[32;1m useCoordinator[0m[32;1m highPriority[0m[32;1m nodeBudget[0m[32;1m slice[0m[32;1m reservation[0m[32;1m priorityAgingThreshold[0m[32;1m normalBuildCount[0m[32;1m h[0m
[32;1m              [0m[32;1m      [0m[32;1m               [0m[32;1m             [0m[32;1m           [0m[32;1m      [0m[32;1m            [0m[32;1m                       [0m[32;1m                 [0m[32;1m i[0m
[32;1m              [0m[32;1m      [0m[32;1m               [0m[32;1m             [0m[32;1m           [0m[32;1m      [0m[32;1m            [0m[32;1m                       [0m[32;1m                 [0m[32;1m g[0m
[32;1m              [0m[32;1m      [0m[32;1m               [0m[32;1m             [0m[32;1m           [0m[32;1m      [0m[32;1m            [0m[32;1m                       [0m[32;1m                 [0m[32;1m h[0m
[32;1m              [0m[32;1m      [0m[32;1m               [0m[32;1m             [0m[32;1m           [0m[32;1m      [0m[32;1m            [0m[32;1m                       [0m[32;1m                 [0m[32;1m B[0m
[32;1m              [0m[32;1m      [0m[32;1m               [0m[32;1m             [0m[32;1m           [0m[32;1m      [0m[32;1m            [0m[32;1m                       [0m[32;1m                 [0m[32;1m u[0m
[32;1m              [0m[32;1m      [0m[32;1m               [0m[32;1m             [0m[32;1m           [0m[32;1m      [0m[32;1m            [0m[32;1m                       [0m[32;1m                 [0m[32;1m i[0m
[32;1m              [0m[32;1m      [0m[32;1m               [0m[32;1m             [0m[32;1m           [0m[32;1m      [0m[32;1m            [0m[32;1m                       [0m[32;1m                 [0m[32;1m l[0m
[32;1m              [0m[32;1m      [0m[32;1m               [0m[32;1m             [0m[32;1m           [0m[32;1m      [0m[32;1m            [0m[32;1m                       [0m[32;1m                 [0m[32;1m d[0m
[32;1m              [0m[32;1m      [0m[32;1m               [0m[32;1m             [0m[32;1m           [0m[32;1m      [0m[32;1m            [0m[32;1m                       [0m[32;1m                 [0m[32;1m C[0m
[32;1m              [0m[32;1m      [0m[32;1m               [0m[32;1m             [0m[32;1m           [0m[32;1m      [0m[32;1m            [0m[32;1m                       [0m[32;1m                 [0m[32;1m o[0m
[32;1m              [0m[32;1m      [0m[32;1m               [0m[32;1m             [0m[32;1m           [0m[32;1m      [0m[32;1m            [0m[32;1m                       [0m[32;1m                 [0m[32;1m u[0m
[32;1m              [0m[32;1m      [0m[32;1m               [0m[32;1m             [0m[32;1m           [0m[32;1m      [0m[32;1m            [0m[32;1m                       [0m[32;1m                 [0m[32;1m n[0m
[32;1m              [0m[32;1m      [0m[32;1m               [0m[32;1m             [0m[32;1m           [0m[32;1m      [0m[32;1m            [0m[32;1m                       [0m[32;1m                 [0m[32;1m t[0m
[32;1m--------      [0m [32;1m-----[0m [32;1m--------------[0m [32;1m------------[0m [32;1m----------[0m [32;1m-----[0m [32;1m-----------[0m [32;1m----------------------[0m [32;1m----------------[0m [32;1m-[0m
no-coordinator     1          False Normal               16     0           0                      3                1 0

Summary CSV: C:\perf\results\vs-green-node-count-clean-server-20260806-111702\vs-green\block-012\attempt-01\N16\benchmark\scenario-summary.csv
HEAD is now at 7eaba546bc Merged PR 766163: Regenerate lscache files in Renovate post-upgrade tasks
BenchmarkRoot: C:\perf\repos\vs-green
RepositoryName: vs-green
BuildPath: server\dirs.proj
TouchFileRelativePath: server\src\CSDevKit.ReliabilityMonitor\Program.cs
DotNetPath: C:\perf\coordinator-bootstrap-staging\f7b4c5716faa-EF3F5C82A926\core\dotnet.exe
MSBuildDllPath: C:\perf\coordinator-bootstrap-staging\f7b4c5716faa-EF3F5C82A926\core\sdk\11.0.100-preview.5.26302.115\MSBuild.dll
WorkRoot: C:\w\vf
OutputRoot: C:\perf\results\vs-green-node-count-clean-server-20260806-111702\vs-green\block-012\attempt-01\N8\setup
Logical processors: 16
NodeBudget: 8
Slice: 4
Reservation: 4
PriorityAgingThreshold: 3
NormalBuildCount: 1
HighBuildCount: 0
Scenarios: no-coordinator
[restore-normal1] C:\perf\coordinator-bootstrap-staging\f7b4c5716faa-EF3F5C82A926\core\dotnet.exe C:\perf\coordinator-bootstrap-staging\f7b4c5716faa-EF3F5C82A926\core\sdk\11.0.100-preview.5.26302.115\MSBuild.dll server\dirs.proj /t:Restore /v:q /nodeReuse:false /p:UseSharedCompilation=false /p:Configuration=Debug
MSBuild version 18.8.0-preview-26302-115+f7b4c5716 for .NET

Build succeeded.
    0 Warning(s)
    0 Error(s)

Time Elapsed 00:00:04.66
Summary CSV: C:\perf\results\vs-green-node-count-clean-server-20260806-111702\vs-green\block-012\attempt-01\N8\setup\scenario-summary.csv
Shutting down MSBuild server...
Shutting down VB/C# compiler server...
VB/C# compiler server shut down successfully.
MSBuild server shut down successfully.
BenchmarkRoot: C:\perf\repos\vs-green
RepositoryName: vs-green-b12-a1-N8
BuildPath: server\dirs.proj
TouchFileRelativePath: server\src\CSDevKit.ReliabilityMonitor\Program.cs
DotNetPath: C:\perf\coordinator-bootstrap-staging\f7b4c5716faa-EF3F5C82A926\core\dotnet.exe
MSBuildDllPath: C:\perf\coordinator-bootstrap-staging\f7b4c5716faa-EF3F5C82A926\core\sdk\11.0.100-preview.5.26302.115\MSBuild.dll
WorkRoot: C:\w\vf
OutputRoot: C:\perf\results\vs-green-node-count-clean-server-20260806-111702\vs-green\block-012\attempt-01\N8\benchmark
Logical processors: 16
NodeBudget: 8
Slice: 0
Reservation: 0
PriorityAgingThreshold: 3
NormalBuildCount: 1
HighBuildCount: 0
Scenarios: no-coordinator
Starting no-coordinator-r1 (coordinator=False, high priority=Normal, /m:8)
[shutdown-no-coordinator-r1] C:\perf\coordinator-bootstrap-staging\f7b4c5716faa-EF3F5C82A926\core\dotnet.exe build-server shutdown
Shutting down MSBuild server...
Shutting down VB/C# compiler server...
MSBuild server shut down successfully.
VB/C# compiler server shut down successfully.
[shutdown-after-no-coordinator-r1] C:\perf\coordinator-bootstrap-staging\f7b4c5716faa-EF3F5C82A926\core\dotnet.exe build-server shutdown
Shutting down MSBuild server...
Shutting down VB/C# compiler server...
VB/C# compiler server shut down successfully.
MSBuild server shut down successfully.

[32;1mscenario      [0m[32;1m round[0m[32;1m useCoordinator[0m[32;1m highPriority[0m[32;1m nodeBudget[0m[32;1m slice[0m[32;1m reservation[0m[32;1m priorityAgingThreshold[0m[32;1m normalBuildCount[0m[32;1m h[0m
[32;1m              [0m[32;1m      [0m[32;1m               [0m[32;1m             [0m[32;1m           [0m[32;1m      [0m[32;1m            [0m[32;1m                       [0m[32;1m                 [0m[32;1m i[0m
[32;1m              [0m[32;1m      [0m[32;1m               [0m[32;1m             [0m[32;1m           [0m[32;1m      [0m[32;1m            [0m[32;1m                       [0m[32;1m                 [0m[32;1m g[0m
[32;1m              [0m[32;1m      [0m[32;1m               [0m[32;1m             [0m[32;1m           [0m[32;1m      [0m[32;1m            [0m[32;1m                       [0m[32;1m                 [0m[32;1m h[0m
[32;1m              [0m[32;1m      [0m[32;1m               [0m[32;1m             [0m[32;1m           [0m[32;1m      [0m[32;1m            [0m[32;1m                       [0m[32;1m                 [0m[32;1m B[0m
[32;1m              [0m[32;1m      [0m[32;1m               [0m[32;1m             [0m[32;1m           [0m[32;1m      [0m[32;1m            [0m[32;1m                       [0m[32;1m                 [0m[32;1m u[0m
[32;1m              [0m[32;1m      [0m[32;1m               [0m[32;1m             [0m[32;1m           [0m[32;1m      [0m[32;1m            [0m[32;1m                       [0m[32;1m                 [0m[32;1m i[0m
[32;1m              [0m[32;1m      [0m[32;1m               [0m[32;1m             [0m[32;1m           [0m[32;1m      [0m[32;1m            [0m[32;1m                       [0m[32;1m                 [0m[32;1m l[0m
[32;1m              [0m[32;1m      [0m[32;1m               [0m[32;1m             [0m[32;1m           [0m[32;1m      [0m[32;1m            [0m[32;1m                       [0m[32;1m                 [0m[32;1m d[0m
[32;1m              [0m[32;1m      [0m[32;1m               [0m[32;1m             [0m[32;1m           [0m[32;1m      [0m[32;1m            [0m[32;1m                       [0m[32;1m                 [0m[32;1m C[0m
[32;1m              [0m[32;1m      [0m[32;1m               [0m[32;1m             [0m[32;1m           [0m[32;1m      [0m[32;1m            [0m[32;1m                       [0m[32;1m                 [0m[32;1m o[0m
[32;1m              [0m[32;1m      [0m[32;1m               [0m[32;1m             [0m[32;1m           [0m[32;1m      [0m[32;1m            [0m[32;1m                       [0m[32;1m                 [0m[32;1m u[0m
[32;1m              [0m[32;1m      [0m[32;1m               [0m[32;1m             [0m[32;1m           [0m[32;1m      [0m[32;1m            [0m[32;1m                       [0m[32;1m                 [0m[32;1m n[0m
[32;1m              [0m[32;1m      [0m[32;1m               [0m[32;1m             [0m[32;1m           [0m[32;1m      [0m[32;1m            [0m[32;1m                       [0m[32;1m                 [0m[32;1m t[0m
[32;1m--------      [0m [32;1m-----[0m [32;1m--------------[0m [32;1m------------[0m [32;1m----------[0m [32;1m-----[0m [32;1m-----------[0m [32;1m----------------------[0m [32;1m----------------[0m [32;1m-[0m
no-coordinator     1          False Normal                8     0           0                      3                1 0

Summary CSV: C:\perf\results\vs-green-node-count-clean-server-20260806-111702\vs-green\block-012\attempt-01\N8\benchmark\scenario-summary.csv
HEAD is now at 7eaba546bc Merged PR 766163: Regenerate lscache files in Renovate post-upgrade tasks
BenchmarkRoot: C:\perf\repos\vs-green
RepositoryName: vs-green
BuildPath: server\dirs.proj
TouchFileRelativePath: server\src\CSDevKit.ReliabilityMonitor\Program.cs
DotNetPath: C:\perf\coordinator-bootstrap-staging\f7b4c5716faa-EF3F5C82A926\core\dotnet.exe
MSBuildDllPath: C:\perf\coordinator-bootstrap-staging\f7b4c5716faa-EF3F5C82A926\core\sdk\11.0.100-preview.5.26302.115\MSBuild.dll
WorkRoot: C:\w\vf
OutputRoot: C:\perf\results\vs-green-node-count-clean-server-20260806-111702\vs-green\block-013\attempt-01\N8\setup
Logical processors: 16
NodeBudget: 8
Slice: 4
Reservation: 4
PriorityAgingThreshold: 3
NormalBuildCount: 1
HighBuildCount: 0
Scenarios: no-coordinator
[restore-normal1] C:\perf\coordinator-bootstrap-staging\f7b4c5716faa-EF3F5C82A926\core\dotnet.exe C:\perf\coordinator-bootstrap-staging\f7b4c5716faa-EF3F5C82A926\core\sdk\11.0.100-preview.5.26302.115\MSBuild.dll server\dirs.proj /t:Restore /v:q /nodeReuse:false /p:UseSharedCompilation=false /p:Configuration=Debug
MSBuild version 18.8.0-preview-26302-115+f7b4c5716 for .NET

Build succeeded.
    0 Warning(s)
    0 Error(s)

Time Elapsed 00:00:02.68
Summary CSV: C:\perf\results\vs-green-node-count-clean-server-20260806-111702\vs-green\block-013\attempt-01\N8\setup\scenario-summary.csv
Shutting down MSBuild server...
Shutting down VB/C# compiler server...
VB/C# compiler server shut down successfully.
MSBuild server shut down successfully.
BenchmarkRoot: C:\perf\repos\vs-green
RepositoryName: vs-green-b13-a1-N8
BuildPath: server\dirs.proj
TouchFileRelativePath: server\src\CSDevKit.ReliabilityMonitor\Program.cs
DotNetPath: C:\perf\coordinator-bootstrap-staging\f7b4c5716faa-EF3F5C82A926\core\dotnet.exe
MSBuildDllPath: C:\perf\coordinator-bootstrap-staging\f7b4c5716faa-EF3F5C82A926\core\sdk\11.0.100-preview.5.26302.115\MSBuild.dll
WorkRoot: C:\w\vf
OutputRoot: C:\perf\results\vs-green-node-count-clean-server-20260806-111702\vs-green\block-013\attempt-01\N8\benchmark
Logical processors: 16
NodeBudget: 8
Slice: 0
Reservation: 0
PriorityAgingThreshold: 3
NormalBuildCount: 1
HighBuildCount: 0
Scenarios: no-coordinator
Starting no-coordinator-r1 (coordinator=False, high priority=Normal, /m:8)
[shutdown-no-coordinator-r1] C:\perf\coordinator-bootstrap-staging\f7b4c5716faa-EF3F5C82A926\core\dotnet.exe build-server shutdown
Shutting down MSBuild server...
Shutting down VB/C# compiler server...
MSBuild server shut down successfully.
VB/C# compiler server shut down successfully.
[shutdown-after-no-coordinator-r1] C:\perf\coordinator-bootstrap-staging\f7b4c5716faa-EF3F5C82A926\core\dotnet.exe build-server shutdown
Shutting down MSBuild server...
Shutting down VB/C# compiler server...
VB/C# compiler server shut down successfully.
MSBuild server shut down successfully.

[32;1mscenario      [0m[32;1m round[0m[32;1m useCoordinator[0m[32;1m highPriority[0m[32;1m nodeBudget[0m[32;1m slice[0m[32;1m reservation[0m[32;1m priorityAgingThreshold[0m[32;1m normalBuildCount[0m[32;1m h[0m
[32;1m              [0m[32;1m      [0m[32;1m               [0m[32;1m             [0m[32;1m           [0m[32;1m      [0m[32;1m            [0m[32;1m                       [0m[32;1m                 [0m[32;1m i[0m
[32;1m              [0m[32;1m      [0m[32;1m               [0m[32;1m             [0m[32;1m           [0m[32;1m      [0m[32;1m            [0m[32;1m                       [0m[32;1m                 [0m[32;1m g[0m
[32;1m              [0m[32;1m      [0m[32;1m               [0m[32;1m             [0m[32;1m           [0m[32;1m      [0m[32;1m            [0m[32;1m                       [0m[32;1m                 [0m[32;1m h[0m
[32;1m              [0m[32;1m      [0m[32;1m               [0m[32;1m             [0m[32;1m           [0m[32;1m      [0m[32;1m            [0m[32;1m                       [0m[32;1m                 [0m[32;1m B[0m
[32;1m              [0m[32;1m      [0m[32;1m               [0m[32;1m             [0m[32;1m           [0m[32;1m      [0m[32;1m            [0m[32;1m                       [0m[32;1m                 [0m[32;1m u[0m
[32;1m              [0m[32;1m      [0m[32;1m               [0m[32;1m             [0m[32;1m           [0m[32;1m      [0m[32;1m            [0m[32;1m                       [0m[32;1m                 [0m[32;1m i[0m
[32;1m              [0m[32;1m      [0m[32;1m               [0m[32;1m             [0m[32;1m           [0m[32;1m      [0m[32;1m            [0m[32;1m                       [0m[32;1m                 [0m[32;1m l[0m
[32;1m              [0m[32;1m      [0m[32;1m               [0m[32;1m             [0m[32;1m           [0m[32;1m      [0m[32;1m            [0m[32;1m                       [0m[32;1m                 [0m[32;1m d[0m
[32;1m              [0m[32;1m      [0m[32;1m               [0m[32;1m             [0m[32;1m           [0m[32;1m      [0m[32;1m            [0m[32;1m                       [0m[32;1m                 [0m[32;1m C[0m
[32;1m              [0m[32;1m      [0m[32;1m               [0m[32;1m             [0m[32;1m           [0m[32;1m      [0m[32;1m            [0m[32;1m                       [0m[32;1m                 [0m[32;1m o[0m
[32;1m              [0m[32;1m      [0m[32;1m               [0m[32;1m             [0m[32;1m           [0m[32;1m      [0m[32;1m            [0m[32;1m                       [0m[32;1m                 [0m[32;1m u[0m
[32;1m              [0m[32;1m      [0m[32;1m               [0m[32;1m             [0m[32;1m           [0m[32;1m      [0m[32;1m            [0m[32;1m                       [0m[32;1m                 [0m[32;1m n[0m
[32;1m              [0m[32;1m      [0m[32;1m               [0m[32;1m             [0m[32;1m           [0m[32;1m      [0m[32;1m            [0m[32;1m                       [0m[32;1m                 [0m[32;1m t[0m
[32;1m--------      [0m [32;1m-----[0m [32;1m--------------[0m [32;1m------------[0m [32;1m----------[0m [32;1m-----[0m [32;1m-----------[0m [32;1m----------------------[0m [32;1m----------------[0m [32;1m-[0m
no-coordinator     1          False Normal                8     0           0                      3                1 0

Summary CSV: C:\perf\results\vs-green-node-count-clean-server-20260806-111702\vs-green\block-013\attempt-01\N8\benchmark\scenario-summary.csv
HEAD is now at 7eaba546bc Merged PR 766163: Regenerate lscache files in Renovate post-upgrade tasks
BenchmarkRoot: C:\perf\repos\vs-green
RepositoryName: vs-green
BuildPath: server\dirs.proj
TouchFileRelativePath: server\src\CSDevKit.ReliabilityMonitor\Program.cs
DotNetPath: C:\perf\coordinator-bootstrap-staging\f7b4c5716faa-EF3F5C82A926\core\dotnet.exe
MSBuildDllPath: C:\perf\coordinator-bootstrap-staging\f7b4c5716faa-EF3F5C82A926\core\sdk\11.0.100-preview.5.26302.115\MSBuild.dll
WorkRoot: C:\w\vf
OutputRoot: C:\perf\results\vs-green-node-count-clean-server-20260806-111702\vs-green\block-013\attempt-01\N4\setup
Logical processors: 16
NodeBudget: 4
Slice: 4
Reservation: 4
PriorityAgingThreshold: 3
NormalBuildCount: 1
HighBuildCount: 0
Scenarios: no-coordinator
[restore-normal1] C:\perf\coordinator-bootstrap-staging\f7b4c5716faa-EF3F5C82A926\core\dotnet.exe C:\perf\coordinator-bootstrap-staging\f7b4c5716faa-EF3F5C82A926\core\sdk\11.0.100-preview.5.26302.115\MSBuild.dll server\dirs.proj /t:Restore /v:q /nodeReuse:false /p:UseSharedCompilation=false /p:Configuration=Debug
MSBuild version 18.8.0-preview-26302-115+f7b4c5716 for .NET

Build succeeded.
    0 Warning(s)
    0 Error(s)

Time Elapsed 00:00:05.11
Summary CSV: C:\perf\results\vs-green-node-count-clean-server-20260806-111702\vs-green\block-013\attempt-01\N4\setup\scenario-summary.csv
Shutting down MSBuild server...
Shutting down VB/C# compiler server...
VB/C# compiler server shut down successfully.
MSBuild server shut down successfully.
BenchmarkRoot: C:\perf\repos\vs-green
RepositoryName: vs-green-b13-a1-N4
BuildPath: server\dirs.proj
TouchFileRelativePath: server\src\CSDevKit.ReliabilityMonitor\Program.cs
DotNetPath: C:\perf\coordinator-bootstrap-staging\f7b4c5716faa-EF3F5C82A926\core\dotnet.exe
MSBuildDllPath: C:\perf\coordinator-bootstrap-staging\f7b4c5716faa-EF3F5C82A926\core\sdk\11.0.100-preview.5.26302.115\MSBuild.dll
WorkRoot: C:\w\vf
OutputRoot: C:\perf\results\vs-green-node-count-clean-server-20260806-111702\vs-green\block-013\attempt-01\N4\benchmark
Logical processors: 16
NodeBudget: 4
Slice: 0
Reservation: 0
PriorityAgingThreshold: 3
NormalBuildCount: 1
HighBuildCount: 0
Scenarios: no-coordinator
Starting no-coordinator-r1 (coordinator=False, high priority=Normal, /m:4)
[shutdown-no-coordinator-r1] C:\perf\coordinator-bootstrap-staging\f7b4c5716faa-EF3F5C82A926\core\dotnet.exe build-server shutdown
Shutting down MSBuild server...
Shutting down VB/C# compiler server...
VB/C# compiler server shut down successfully.
MSBuild server shut down successfully.
[shutdown-after-no-coordinator-r1] C:\perf\coordinator-bootstrap-staging\f7b4c5716faa-EF3F5C82A926\core\dotnet.exe build-server shutdown
Shutting down MSBuild server...
Shutting down VB/C# compiler server...
VB/C# compiler server shut down successfully.
MSBuild server shut down successfully.

[32;1mscenario      [0m[32;1m round[0m[32;1m useCoordinator[0m[32;1m highPriority[0m[32;1m nodeBudget[0m[32;1m slice[0m[32;1m reservation[0m[32;1m priorityAgingThreshold[0m[32;1m normalBuildCount[0m[32;1m h[0m
[32;1m              [0m[32;1m      [0m[32;1m               [0m[32;1m             [0m[32;1m           [0m[32;1m      [0m[32;1m            [0m[32;1m                       [0m[32;1m                 [0m[32;1m i[0m
[32;1m              [0m[32;1m      [0m[32;1m               [0m[32;1m             [0m[32;1m           [0m[32;1m      [0m[32;1m            [0m[32;1m                       [0m[32;1m                 [0m[32;1m g[0m
[32;1m              [0m[32;1m      [0m[32;1m               [0m[32;1m             [0m[32;1m           [0m[32;1m      [0m[32;1m            [0m[32;1m                       [0m[32;1m                 [0m[32;1m h[0m
[32;1m              [0m[32;1m      [0m[32;1m               [0m[32;1m             [0m[32;1m           [0m[32;1m      [0m[32;1m            [0m[32;1m                       [0m[32;1m                 [0m[32;1m B[0m
[32;1m              [0m[32;1m      [0m[32;1m               [0m[32;1m             [0m[32;1m           [0m[32;1m      [0m[32;1m            [0m[32;1m                       [0m[32;1m                 [0m[32;1m u[0m
[32;1m              [0m[32;1m      [0m[32;1m               [0m[32;1m             [0m[32;1m           [0m[32;1m      [0m[32;1m            [0m[32;1m                       [0m[32;1m                 [0m[32;1m i[0m
[32;1m              [0m[32;1m      [0m[32;1m               [0m[32;1m             [0m[32;1m           [0m[32;1m      [0m[32;1m            [0m[32;1m                       [0m[32;1m                 [0m[32;1m l[0m
[32;1m              [0m[32;1m      [0m[32;1m               [0m[32;1m             [0m[32;1m           [0m[32;1m      [0m[32;1m            [0m[32;1m                       [0m[32;1m                 [0m[32;1m d[0m
[32;1m              [0m[32;1m      [0m[32;1m               [0m[32;1m             [0m[32;1m           [0m[32;1m      [0m[32;1m            [0m[32;1m                       [0m[32;1m                 [0m[32;1m C[0m
[32;1m              [0m[32;1m      [0m[32;1m               [0m[32;1m             [0m[32;1m           [0m[32;1m      [0m[32;1m            [0m[32;1m                       [0m[32;1m                 [0m[32;1m o[0m
[32;1m              [0m[32;1m      [0m[32;1m               [0m[32;1m             [0m[32;1m           [0m[32;1m      [0m[32;1m            [0m[32;1m                       [0m[32;1m                 [0m[32;1m u[0m
[32;1m              [0m[32;1m      [0m[32;1m               [0m[32;1m             [0m[32;1m           [0m[32;1m      [0m[32;1m            [0m[32;1m                       [0m[32;1m                 [0m[32;1m n[0m
[32;1m              [0m[32;1m      [0m[32;1m               [0m[32;1m             [0m[32;1m           [0m[32;1m      [0m[32;1m            [0m[32;1m                       [0m[32;1m                 [0m[32;1m t[0m
[32;1m--------      [0m [32;1m-----[0m [32;1m--------------[0m [32;1m------------[0m [32;1m----------[0m [32;1m-----[0m [32;1m-----------[0m [32;1m----------------------[0m [32;1m----------------[0m [32;1m-[0m
no-coordinator     1          False Normal                4     0           0                      3                1 0

Summary CSV: C:\perf\results\vs-green-node-count-clean-server-20260806-111702\vs-green\block-013\attempt-01\N4\benchmark\scenario-summary.csv
HEAD is now at 7eaba546bc Merged PR 766163: Regenerate lscache files in Renovate post-upgrade tasks
BenchmarkRoot: C:\perf\repos\vs-green
RepositoryName: vs-green
BuildPath: server\dirs.proj
TouchFileRelativePath: server\src\CSDevKit.ReliabilityMonitor\Program.cs
DotNetPath: C:\perf\coordinator-bootstrap-staging\f7b4c5716faa-EF3F5C82A926\core\dotnet.exe
MSBuildDllPath: C:\perf\coordinator-bootstrap-staging\f7b4c5716faa-EF3F5C82A926\core\sdk\11.0.100-preview.5.26302.115\MSBuild.dll
WorkRoot: C:\w\vf
OutputRoot: C:\perf\results\vs-green-node-count-clean-server-20260806-111702\vs-green\block-013\attempt-01\N16\setup
Logical processors: 16
NodeBudget: 16
Slice: 4
Reservation: 4
PriorityAgingThreshold: 3
NormalBuildCount: 1
HighBuildCount: 0
Scenarios: no-coordinator
[restore-normal1] C:\perf\coordinator-bootstrap-staging\f7b4c5716faa-EF3F5C82A926\core\dotnet.exe C:\perf\coordinator-bootstrap-staging\f7b4c5716faa-EF3F5C82A926\core\sdk\11.0.100-preview.5.26302.115\MSBuild.dll server\dirs.proj /t:Restore /v:q /nodeReuse:false /p:UseSharedCompilation=false /p:Configuration=Debug
MSBuild version 18.8.0-preview-26302-115+f7b4c5716 for .NET

Build succeeded.
    0 Warning(s)
    0 Error(s)

Time Elapsed 00:00:02.59
Summary CSV: C:\perf\results\vs-green-node-count-clean-server-20260806-111702\vs-green\block-013\attempt-01\N16\setup\scenario-summary.csv
Shutting down MSBuild server...
Shutting down VB/C# compiler server...
VB/C# compiler server shut down successfully.
MSBuild server shut down successfully.
BenchmarkRoot: C:\perf\repos\vs-green
RepositoryName: vs-green-b13-a1-N16
BuildPath: server\dirs.proj
TouchFileRelativePath: server\src\CSDevKit.ReliabilityMonitor\Program.cs
DotNetPath: C:\perf\coordinator-bootstrap-staging\f7b4c5716faa-EF3F5C82A926\core\dotnet.exe
MSBuildDllPath: C:\perf\coordinator-bootstrap-staging\f7b4c5716faa-EF3F5C82A926\core\sdk\11.0.100-preview.5.26302.115\MSBuild.dll
WorkRoot: C:\w\vf
OutputRoot: C:\perf\results\vs-green-node-count-clean-server-20260806-111702\vs-green\block-013\attempt-01\N16\benchmark
Logical processors: 16
NodeBudget: 16
Slice: 0
Reservation: 0
PriorityAgingThreshold: 3
NormalBuildCount: 1
HighBuildCount: 0
Scenarios: no-coordinator
Starting no-coordinator-r1 (coordinator=False, high priority=Normal, /m:16)
[shutdown-no-coordinator-r1] C:\perf\coordinator-bootstrap-staging\f7b4c5716faa-EF3F5C82A926\core\dotnet.exe build-server shutdown
Shutting down MSBuild server...
Shutting down VB/C# compiler server...
VB/C# compiler server shut down successfully.
MSBuild server shut down successfully.
[shutdown-after-no-coordinator-r1] C:\perf\coordinator-bootstrap-staging\f7b4c5716faa-EF3F5C82A926\core\dotnet.exe build-server shutdown
Shutting down MSBuild server...
Shutting down VB/C# compiler server...
VB/C# compiler server shut down successfully.
MSBuild server shut down successfully.

[32;1mscenario      [0m[32;1m round[0m[32;1m useCoordinator[0m[32;1m highPriority[0m[32;1m nodeBudget[0m[32;1m slice[0m[32;1m reservation[0m[32;1m priorityAgingThreshold[0m[32;1m normalBuildCount[0m[32;1m h[0m
[32;1m              [0m[32;1m      [0m[32;1m               [0m[32;1m             [0m[32;1m           [0m[32;1m      [0m[32;1m            [0m[32;1m                       [0m[32;1m                 [0m[32;1m i[0m
[32;1m              [0m[32;1m      [0m[32;1m               [0m[32;1m             [0m[32;1m           [0m[32;1m      [0m[32;1m            [0m[32;1m                       [0m[32;1m                 [0m[32;1m g[0m
[32;1m              [0m[32;1m      [0m[32;1m               [0m[32;1m             [0m[32;1m           [0m[32;1m      [0m[32;1m            [0m[32;1m                       [0m[32;1m                 [0m[32;1m h[0m
[32;1m              [0m[32;1m      [0m[32;1m               [0m[32;1m             [0m[32;1m           [0m[32;1m      [0m[32;1m            [0m[32;1m                       [0m[32;1m                 [0m[32;1m B[0m
[32;1m              [0m[32;1m      [0m[32;1m               [0m[32;1m             [0m[32;1m           [0m[32;1m      [0m[32;1m            [0m[32;1m                       [0m[32;1m                 [0m[32;1m u[0m
[32;1m              [0m[32;1m      [0m[32;1m               [0m[32;1m             [0m[32;1m           [0m[32;1m      [0m[32;1m            [0m[32;1m                       [0m[32;1m                 [0m[32;1m i[0m
[32;1m              [0m[32;1m      [0m[32;1m               [0m[32;1m             [0m[32;1m           [0m[32;1m      [0m[32;1m            [0m[32;1m                       [0m[32;1m                 [0m[32;1m l[0m
[32;1m              [0m[32;1m      [0m[32;1m               [0m[32;1m             [0m[32;1m           [0m[32;1m      [0m[32;1m            [0m[32;1m                       [0m[32;1m                 [0m[32;1m d[0m
[32;1m              [0m[32;1m      [0m[32;1m               [0m[32;1m             [0m[32;1m           [0m[32;1m      [0m[32;1m            [0m[32;1m                       [0m[32;1m                 [0m[32;1m C[0m
[32;1m              [0m[32;1m      [0m[32;1m               [0m[32;1m             [0m[32;1m           [0m[32;1m      [0m[32;1m            [0m[32;1m                       [0m[32;1m                 [0m[32;1m o[0m
[32;1m              [0m[32;1m      [0m[32;1m               [0m[32;1m             [0m[32;1m           [0m[32;1m      [0m[32;1m            [0m[32;1m                       [0m[32;1m                 [0m[32;1m u[0m
[32;1m              [0m[32;1m      [0m[32;1m               [0m[32;1m             [0m[32;1m           [0m[32;1m      [0m[32;1m            [0m[32;1m                       [0m[32;1m                 [0m[32;1m n[0m
[32;1m              [0m[32;1m      [0m[32;1m               [0m[32;1m             [0m[32;1m           [0m[32;1m      [0m[32;1m            [0m[32;1m                       [0m[32;1m                 [0m[32;1m t[0m
[32;1m--------      [0m [32;1m-----[0m [32;1m--------------[0m [32;1m------------[0m [32;1m----------[0m [32;1m-----[0m [32;1m-----------[0m [32;1m----------------------[0m [32;1m----------------[0m [32;1m-[0m
no-coordinator     1          False Normal               16     0           0                      3                1 0

Summary CSV: C:\perf\results\vs-green-node-count-clean-server-20260806-111702\vs-green\block-013\attempt-01\N16\benchmark\scenario-summary.csv
RUN_ROOT=C:\perf\results\vs-green-node-count-clean-server-20260806-111702
